ar16_index,canonical_esrs,language,official_esrs,official_theme,official_subtheme,official_subtopic,source_publication_id,source_url
1,E1,bg,E1,Изменение на климата,Адаптиране към изменението на климата,,3e901799-1124-11ef-a251-01aa75ed71a1,https://op.europa.eu/o/opportal-service/download-handler?identifier=3e901799-1124-11ef-a251-01aa75ed71a1&format=fmx4&language=bg&productionSystem=cellar&part=
2,E1,bg,E1,Изменение на климата,Смекчаване на изменението на климата,,3e901799-1124-11ef-a251-01aa75ed71a1,https://op.europa.eu/o/opportal-service/download-handler?identifier=3e901799-1124-11ef-a251-01aa75ed71a1&format=fmx4&language=bg&productionSystem=cellar&part=
3,E1,bg,E1,Изменение на климата,Енергия,,3e901799-1124-11ef-a251-01aa75ed71a1,https://op.europa.eu/o/opportal-service/download-handler?identifier=3e901799-1124-11ef-a251-01aa75ed71a1&format=fmx4&language=bg&productionSystem=cellar&part=
4,E2,bg,E2,Замърсяване,Замърсяване на въздуха,,3e901799-1124-11ef-a251-01aa75ed71a1,https://op.europa.eu/o/opportal-service/download-handler?identifier=3e901799-1124-11ef-a251-01aa75ed71a1&format=fmx4&language=bg&productionSystem=cellar&part=
5,E2,bg,E2,Замърсяване,Замърсяване на водите,,3e901799-1124-11ef-a251-01aa75ed71a1,https://op.europa.eu/o/opportal-service/download-handler?identifier=3e901799-1124-11ef-a251-01aa75ed71a1&format=fmx4&language=bg&productionSystem=cellar&part=
6,E2,bg,E2,Замърсяване,Замърсяване на почвите,,3e901799-1124-11ef-a251-01aa75ed71a1,https://op.europa.eu/o/opportal-service/download-handler?identifier=3e901799-1124-11ef-a251-01aa75ed71a1&format=fmx4&language=bg&productionSystem=cellar&part=
7,E2,bg,E2,Замърсяване,Замърсяване на живите организми и хранителните ресурси,,3e901799-1124-11ef-a251-01aa75ed71a1,https://op.europa.eu/o/opportal-service/download-handler?identifier=3e901799-1124-11ef-a251-01aa75ed71a1&format=fmx4&language=bg&productionSystem=cellar&part=
8,E2,bg,E2,Замърсяване,"Вещества, пораждащи безпокойство",,3e901799-1124-11ef-a251-01aa75ed71a1,https://op.europa.eu/o/opportal-service/download-handler?identifier=3e901799-1124-11ef-a251-01aa75ed71a1&format=fmx4&language=bg&productionSystem=cellar&part=
9,E2,bg,E2,Замърсяване,"Вещества, пораждащи сериозно безпокойство",,3e901799-1124-11ef-a251-01aa75ed71a1,https://op.europa.eu/o/opportal-service/download-handler?identifier=3e901799-1124-11ef-a251-01aa75ed71a1&format=fmx4&language=bg&productionSystem=cellar&part=
10,E2,bg,E2,Замърсяване,Пластмасови микрочастици,,3e901799-1124-11ef-a251-01aa75ed71a1,https://op.europa.eu/o/opportal-service/download-handler?identifier=3e901799-1124-11ef-a251-01aa75ed71a1&format=fmx4&language=bg&productionSystem=cellar&part=
11,E3,bg,E3,Водни и морски ресурси,Води,Потребление на вода,3e901799-1124-11ef-a251-01aa75ed71a1,https://op.europa.eu/o/opportal-service/download-handler?identifier=3e901799-1124-11ef-a251-01aa75ed71a1&format=fmx4&language=bg&productionSystem=cellar&part=
12,E3,bg,E3,Водни и морски ресурси,Води,Водовземане,3e901799-1124-11ef-a251-01aa75ed71a1,https://op.europa.eu/o/opportal-service/download-handler?identifier=3e901799-1124-11ef-a251-01aa75ed71a1&format=fmx4&language=bg&productionSystem=cellar&part=
13,E3,bg,E3,Водни и морски ресурси,Води,Заустване на води,3e901799-1124-11ef-a251-01aa75ed71a1,https://op.europa.eu/o/opportal-service/download-handler?identifier=3e901799-1124-11ef-a251-01aa75ed71a1&format=fmx4&language=bg&productionSystem=cellar&part=
14,E3,bg,E3,Водни и морски ресурси,Води,Заустване на води в океаните,3e901799-1124-11ef-a251-01aa75ed71a1,https://op.europa.eu/o/opportal-service/download-handler?identifier=3e901799-1124-11ef-a251-01aa75ed71a1&format=fmx4&language=bg&productionSystem=cellar&part=
15,E3,bg,E3,Водни и морски ресурси,Морски ресурси,Добив и използване на морски ресурси,3e901799-1124-11ef-a251-01aa75ed71a1,https://op.europa.eu/o/opportal-service/download-handler?identifier=3e901799-1124-11ef-a251-01aa75ed71a1&format=fmx4&language=bg&productionSystem=cellar&part=
16,E4,bg,E4,Биологично разнообразие и екосистеми,Преки фактори за въздействие върху загубата на биологично разнообразие,Изменение на климата,3e901799-1124-11ef-a251-01aa75ed71a1,https://op.europa.eu/o/opportal-service/download-handler?identifier=3e901799-1124-11ef-a251-01aa75ed71a1&format=fmx4&language=bg&productionSystem=cellar&part=
17,E4,bg,E4,Биологично разнообразие и екосистеми,Преки фактори за въздействие върху загубата на биологично разнообразие,"Промени в земеползването, промени в използването на сладка вода и промени в използването на моретата",3e901799-1124-11ef-a251-01aa75ed71a1,https://op.europa.eu/o/opportal-service/download-handler?identifier=3e901799-1124-11ef-a251-01aa75ed71a1&format=fmx4&language=bg&productionSystem=cellar&part=
18,E4,bg,E4,Биологично разнообразие и екосистеми,Преки фактори за въздействие върху загубата на биологично разнообразие,Пряка експлоатация,3e901799-1124-11ef-a251-01aa75ed71a1,https://op.europa.eu/o/opportal-service/download-handler?identifier=3e901799-1124-11ef-a251-01aa75ed71a1&format=fmx4&language=bg&productionSystem=cellar&part=
19,E4,bg,E4,Биологично разнообразие и екосистеми,Преки фактори за въздействие върху загубата на биологично разнообразие,Инвазивни чуждоземни видове,3e901799-1124-11ef-a251-01aa75ed71a1,https://op.europa.eu/o/opportal-service/download-handler?identifier=3e901799-1124-11ef-a251-01aa75ed71a1&format=fmx4&language=bg&productionSystem=cellar&part=
20,E4,bg,E4,Биологично разнообразие и екосистеми,Преки фактори за въздействие върху загубата на биологично разнообразие,Замърсяване,3e901799-1124-11ef-a251-01aa75ed71a1,https://op.europa.eu/o/opportal-service/download-handler?identifier=3e901799-1124-11ef-a251-01aa75ed71a1&format=fmx4&language=bg&productionSystem=cellar&part=
21,E4,bg,E4,Биологично разнообразие и екосистеми,Преки фактори за въздействие върху загубата на биологично разнообразие,Други,3e901799-1124-11ef-a251-01aa75ed71a1,https://op.europa.eu/o/opportal-service/download-handler?identifier=3e901799-1124-11ef-a251-01aa75ed71a1&format=fmx4&language=bg&productionSystem=cellar&part=
22,E4,bg,E4,Биологично разнообразие и екосистеми,Въздействие върху състоянието на видовете,,3e901799-1124-11ef-a251-01aa75ed71a1,https://op.europa.eu/o/opportal-service/download-handler?identifier=3e901799-1124-11ef-a251-01aa75ed71a1&format=fmx4&language=bg&productionSystem=cellar&part=
23,E4,bg,E4,Биологично разнообразие и екосистеми,Въздействия върху размера и състоянието на екосистемите,,3e901799-1124-11ef-a251-01aa75ed71a1,https://op.europa.eu/o/opportal-service/download-handler?identifier=3e901799-1124-11ef-a251-01aa75ed71a1&format=fmx4&language=bg&productionSystem=cellar&part=
24,E4,bg,E4,Биологично разнообразие и екосистеми,Въздействия върху екосистемните услуги и зависимости от тях,,3e901799-1124-11ef-a251-01aa75ed71a1,https://op.europa.eu/o/opportal-service/download-handler?identifier=3e901799-1124-11ef-a251-01aa75ed71a1&format=fmx4&language=bg&productionSystem=cellar&part=
25,E5,bg,E5,Кръгова икономика,"Входящи потоци от ресурси, включително използване на ресурсите",,3e901799-1124-11ef-a251-01aa75ed71a1,https://op.europa.eu/o/opportal-service/download-handler?identifier=3e901799-1124-11ef-a251-01aa75ed71a1&format=fmx4&language=bg&productionSystem=cellar&part=
26,E5,bg,E5,Кръгова икономика,"Изходящи потоци от ресурси, свързани с продукти и услуги",,3e901799-1124-11ef-a251-01aa75ed71a1,https://op.europa.eu/o/opportal-service/download-handler?identifier=3e901799-1124-11ef-a251-01aa75ed71a1&format=fmx4&language=bg&productionSystem=cellar&part=
27,E5,bg,E5,Кръгова икономика,Отпадъци,,3e901799-1124-11ef-a251-01aa75ed71a1,https://op.europa.eu/o/opportal-service/download-handler?identifier=3e901799-1124-11ef-a251-01aa75ed71a1&format=fmx4&language=bg&productionSystem=cellar&part=
28,S1,bg,S1,Собствена работна сила,Условия на труд,Сигурна заетост,3e901799-1124-11ef-a251-01aa75ed71a1,https://op.europa.eu/o/opportal-service/download-handler?identifier=3e901799-1124-11ef-a251-01aa75ed71a1&format=fmx4&language=bg&productionSystem=cellar&part=
29,S1,bg,S1,Собствена работна сила,Условия на труд,Работно време,3e901799-1124-11ef-a251-01aa75ed71a1,https://op.europa.eu/o/opportal-service/download-handler?identifier=3e901799-1124-11ef-a251-01aa75ed71a1&format=fmx4&language=bg&productionSystem=cellar&part=
30,S1,bg,S1,Собствена работна сила,Условия на труд,Адекватни работни заплати,3e901799-1124-11ef-a251-01aa75ed71a1,https://op.europa.eu/o/opportal-service/download-handler?identifier=3e901799-1124-11ef-a251-01aa75ed71a1&format=fmx4&language=bg&productionSystem=cellar&part=
31,S1,bg,S1,Собствена работна сила,Условия на труд,Социален диалог,3e901799-1124-11ef-a251-01aa75ed71a1,https://op.europa.eu/o/opportal-service/download-handler?identifier=3e901799-1124-11ef-a251-01aa75ed71a1&format=fmx4&language=bg&productionSystem=cellar&part=
32,S1,bg,S1,Собствена работна сила,Условия на труд,"Свобода на сдружаване, съществуване на работнически съвети и права на работниците на информиране, консултиране и участие",3e901799-1124-11ef-a251-01aa75ed71a1,https://op.europa.eu/o/opportal-service/download-handler?identifier=3e901799-1124-11ef-a251-01aa75ed71a1&format=fmx4&language=bg&productionSystem=cellar&part=
33,S1,bg,S1,Собствена работна сила,Условия на труд,"Колективно договаряне, в това число дял на работниците, обхванати от колективно договаряне",3e901799-1124-11ef-a251-01aa75ed71a1,https://op.europa.eu/o/opportal-service/download-handler?identifier=3e901799-1124-11ef-a251-01aa75ed71a1&format=fmx4&language=bg&productionSystem=cellar&part=
34,S1,bg,S1,Собствена работна сила,Условия на труд,Равновесие между професионалния и личния живот,3e901799-1124-11ef-a251-01aa75ed71a1,https://op.europa.eu/o/opportal-service/download-handler?identifier=3e901799-1124-11ef-a251-01aa75ed71a1&format=fmx4&language=bg&productionSystem=cellar&part=
35,S1,bg,S1,Собствена работна сила,Условия на труд,Здраве и безопасност,3e901799-1124-11ef-a251-01aa75ed71a1,https://op.europa.eu/o/opportal-service/download-handler?identifier=3e901799-1124-11ef-a251-01aa75ed71a1&format=fmx4&language=bg&productionSystem=cellar&part=
36,S1,bg,S1,Собствена работна сила,Еднакво отношение и еднакви възможности за всички,Равенство между жените и мъжете и равно възнаграждение за еднакъв или равностоен труд,3e901799-1124-11ef-a251-01aa75ed71a1,https://op.europa.eu/o/opportal-service/download-handler?identifier=3e901799-1124-11ef-a251-01aa75ed71a1&format=fmx4&language=bg&productionSystem=cellar&part=
37,S1,bg,S1,Собствена работна сила,Еднакво отношение и еднакви възможности за всички,Обучение и развитие на умения,3e901799-1124-11ef-a251-01aa75ed71a1,https://op.europa.eu/o/opportal-service/download-handler?identifier=3e901799-1124-11ef-a251-01aa75ed71a1&format=fmx4&language=bg&productionSystem=cellar&part=
38,S1,bg,S1,Собствена работна сила,Еднакво отношение и еднакви възможности за всички,Заетост и приобщаване на хората с увреждания,3e901799-1124-11ef-a251-01aa75ed71a1,https://op.europa.eu/o/opportal-service/download-handler?identifier=3e901799-1124-11ef-a251-01aa75ed71a1&format=fmx4&language=bg&productionSystem=cellar&part=
39,S1,bg,S1,Собствена работна сила,Еднакво отношение и еднакви възможности за всички,Мерки срещу насилието и тормоза на работното място,3e901799-1124-11ef-a251-01aa75ed71a1,https://op.europa.eu/o/opportal-service/download-handler?identifier=3e901799-1124-11ef-a251-01aa75ed71a1&format=fmx4&language=bg&productionSystem=cellar&part=
40,S1,bg,S1,Собствена работна сила,Еднакво отношение и еднакви възможности за всички,Разнообразие,3e901799-1124-11ef-a251-01aa75ed71a1,https://op.europa.eu/o/opportal-service/download-handler?identifier=3e901799-1124-11ef-a251-01aa75ed71a1&format=fmx4&language=bg&productionSystem=cellar&part=
41,S1,bg,S1,Собствена работна сила,Други свързани с работата права,Детски труд,3e901799-1124-11ef-a251-01aa75ed71a1,https://op.europa.eu/o/opportal-service/download-handler?identifier=3e901799-1124-11ef-a251-01aa75ed71a1&format=fmx4&language=bg&productionSystem=cellar&part=
42,S1,bg,S1,Собствена работна сила,Други свързани с работата права,Принудителен труд,3e901799-1124-11ef-a251-01aa75ed71a1,https://op.europa.eu/o/opportal-service/download-handler?identifier=3e901799-1124-11ef-a251-01aa75ed71a1&format=fmx4&language=bg&productionSystem=cellar&part=
43,S1,bg,S1,Собствена работна сила,Други свързани с работата права,Подходящо жилищно настаняване,3e901799-1124-11ef-a251-01aa75ed71a1,https://op.europa.eu/o/opportal-service/download-handler?identifier=3e901799-1124-11ef-a251-01aa75ed71a1&format=fmx4&language=bg&productionSystem=cellar&part=
44,S1,bg,S1,Собствена работна сила,Други свързани с работата права,Неприкосновеност на личния живот,3e901799-1124-11ef-a251-01aa75ed71a1,https://op.europa.eu/o/opportal-service/download-handler?identifier=3e901799-1124-11ef-a251-01aa75ed71a1&format=fmx4&language=bg&productionSystem=cellar&part=
45,S2,bg,S2,Работници по веригата на стойността,Условия на труд,Сигурна заетост,3e901799-1124-11ef-a251-01aa75ed71a1,https://op.europa.eu/o/opportal-service/download-handler?identifier=3e901799-1124-11ef-a251-01aa75ed71a1&format=fmx4&language=bg&productionSystem=cellar&part=
46,S2,bg,S2,Работници по веригата на стойността,Условия на труд,Работно време,3e901799-1124-11ef-a251-01aa75ed71a1,https://op.europa.eu/o/opportal-service/download-handler?identifier=3e901799-1124-11ef-a251-01aa75ed71a1&format=fmx4&language=bg&productionSystem=cellar&part=
47,S2,bg,S2,Работници по веригата на стойността,Условия на труд,Адекватни работни заплати,3e901799-1124-11ef-a251-01aa75ed71a1,https://op.europa.eu/o/opportal-service/download-handler?identifier=3e901799-1124-11ef-a251-01aa75ed71a1&format=fmx4&language=bg&productionSystem=cellar&part=
48,S2,bg,S2,Работници по веригата на стойността,Условия на труд,Социален диалог,3e901799-1124-11ef-a251-01aa75ed71a1,https://op.europa.eu/o/opportal-service/download-handler?identifier=3e901799-1124-11ef-a251-01aa75ed71a1&format=fmx4&language=bg&productionSystem=cellar&part=
49,S2,bg,S2,Работници по веригата на стойността,Условия на труд,"Свобода на сдружаване, в това число съществуване на работнически съвети",3e901799-1124-11ef-a251-01aa75ed71a1,https://op.europa.eu/o/opportal-service/download-handler?identifier=3e901799-1124-11ef-a251-01aa75ed71a1&format=fmx4&language=bg&productionSystem=cellar&part=
50,S2,bg,S2,Работници по веригата на стойността,Условия на труд,Колективно договаряне,3e901799-1124-11ef-a251-01aa75ed71a1,https://op.europa.eu/o/opportal-service/download-handler?identifier=3e901799-1124-11ef-a251-01aa75ed71a1&format=fmx4&language=bg&productionSystem=cellar&part=
51,S2,bg,S2,Работници по веригата на стойността,Условия на труд,Равновесие между професионалния и личния живот,3e901799-1124-11ef-a251-01aa75ed71a1,https://op.europa.eu/o/opportal-service/download-handler?identifier=3e901799-1124-11ef-a251-01aa75ed71a1&format=fmx4&language=bg&productionSystem=cellar&part=
52,S2,bg,S2,Работници по веригата на стойността,Условия на труд,Здраве и безопасност,3e901799-1124-11ef-a251-01aa75ed71a1,https://op.europa.eu/o/opportal-service/download-handler?identifier=3e901799-1124-11ef-a251-01aa75ed71a1&format=fmx4&language=bg&productionSystem=cellar&part=
53,S2,bg,S2,Работници по веригата на стойността,Еднакво отношение и еднакви възможности за всички,Равенство между жените и мъжете и равно възнаграждение за еднакъв или равностоен труд,3e901799-1124-11ef-a251-01aa75ed71a1,https://op.europa.eu/o/opportal-service/download-handler?identifier=3e901799-1124-11ef-a251-01aa75ed71a1&format=fmx4&language=bg&productionSystem=cellar&part=
54,S2,bg,S2,Работници по веригата на стойността,Еднакво отношение и еднакви възможности за всички,Обучение и развитие на умения,3e901799-1124-11ef-a251-01aa75ed71a1,https://op.europa.eu/o/opportal-service/download-handler?identifier=3e901799-1124-11ef-a251-01aa75ed71a1&format=fmx4&language=bg&productionSystem=cellar&part=
55,S2,bg,S2,Работници по веригата на стойността,Еднакво отношение и еднакви възможности за всички,Заетост и приобщаване на хората с увреждания,3e901799-1124-11ef-a251-01aa75ed71a1,https://op.europa.eu/o/opportal-service/download-handler?identifier=3e901799-1124-11ef-a251-01aa75ed71a1&format=fmx4&language=bg&productionSystem=cellar&part=
56,S2,bg,S2,Работници по веригата на стойността,Еднакво отношение и еднакви възможности за всички,Мерки срещу насилието и тормоза на работното място,3e901799-1124-11ef-a251-01aa75ed71a1,https://op.europa.eu/o/opportal-service/download-handler?identifier=3e901799-1124-11ef-a251-01aa75ed71a1&format=fmx4&language=bg&productionSystem=cellar&part=
57,S2,bg,S2,Работници по веригата на стойността,Еднакво отношение и еднакви възможности за всички,Разнообразие,3e901799-1124-11ef-a251-01aa75ed71a1,https://op.europa.eu/o/opportal-service/download-handler?identifier=3e901799-1124-11ef-a251-01aa75ed71a1&format=fmx4&language=bg&productionSystem=cellar&part=
58,S2,bg,S2,Работници по веригата на стойността,Други свързани с работата права,Детски труд,3e901799-1124-11ef-a251-01aa75ed71a1,https://op.europa.eu/o/opportal-service/download-handler?identifier=3e901799-1124-11ef-a251-01aa75ed71a1&format=fmx4&language=bg&productionSystem=cellar&part=
59,S2,bg,S2,Работници по веригата на стойността,Други свързани с работата права,Принудителен труд,3e901799-1124-11ef-a251-01aa75ed71a1,https://op.europa.eu/o/opportal-service/download-handler?identifier=3e901799-1124-11ef-a251-01aa75ed71a1&format=fmx4&language=bg&productionSystem=cellar&part=
60,S2,bg,S2,Работници по веригата на стойността,Други свързани с работата права,Подходящо жилищно настаняване,3e901799-1124-11ef-a251-01aa75ed71a1,https://op.europa.eu/o/opportal-service/download-handler?identifier=3e901799-1124-11ef-a251-01aa75ed71a1&format=fmx4&language=bg&productionSystem=cellar&part=
61,S2,bg,S2,Работници по веригата на стойността,Други свързани с работата права,Водоснабдяване и канализация,3e901799-1124-11ef-a251-01aa75ed71a1,https://op.europa.eu/o/opportal-service/download-handler?identifier=3e901799-1124-11ef-a251-01aa75ed71a1&format=fmx4&language=bg&productionSystem=cellar&part=
62,S2,bg,S2,Работници по веригата на стойността,Други свързани с работата права,Неприкосновеност на личния живот,3e901799-1124-11ef-a251-01aa75ed71a1,https://op.europa.eu/o/opportal-service/download-handler?identifier=3e901799-1124-11ef-a251-01aa75ed71a1&format=fmx4&language=bg&productionSystem=cellar&part=
63,S3,bg,S3,Засегнати общности,"Икономически, социални и културни права на общностите",Подходящо жилищно настаняване,3e901799-1124-11ef-a251-01aa75ed71a1,https://op.europa.eu/o/opportal-service/download-handler?identifier=3e901799-1124-11ef-a251-01aa75ed71a1&format=fmx4&language=bg&productionSystem=cellar&part=
64,S3,bg,S3,Засегнати общности,"Икономически, социални и културни права на общностите",Подходяща храна,3e901799-1124-11ef-a251-01aa75ed71a1,https://op.europa.eu/o/opportal-service/download-handler?identifier=3e901799-1124-11ef-a251-01aa75ed71a1&format=fmx4&language=bg&productionSystem=cellar&part=
65,S3,bg,S3,Засегнати общности,"Икономически, социални и културни права на общностите",Водоснабдяване и канализация,3e901799-1124-11ef-a251-01aa75ed71a1,https://op.europa.eu/o/opportal-service/download-handler?identifier=3e901799-1124-11ef-a251-01aa75ed71a1&format=fmx4&language=bg&productionSystem=cellar&part=
66,S3,bg,S3,Засегнати общности,"Икономически, социални и културни права на общностите","Въздействия, свързани със земята",3e901799-1124-11ef-a251-01aa75ed71a1,https://op.europa.eu/o/opportal-service/download-handler?identifier=3e901799-1124-11ef-a251-01aa75ed71a1&format=fmx4&language=bg&productionSystem=cellar&part=
67,S3,bg,S3,Засегнати общности,"Икономически, социални и културни права на общностите","Въздействия, свързани със сигурността",3e901799-1124-11ef-a251-01aa75ed71a1,https://op.europa.eu/o/opportal-service/download-handler?identifier=3e901799-1124-11ef-a251-01aa75ed71a1&format=fmx4&language=bg&productionSystem=cellar&part=
68,S3,bg,S3,Засегнати общности,Граждански и политически права на общностите,Свобода на изразяване на мнение,3e901799-1124-11ef-a251-01aa75ed71a1,https://op.europa.eu/o/opportal-service/download-handler?identifier=3e901799-1124-11ef-a251-01aa75ed71a1&format=fmx4&language=bg&productionSystem=cellar&part=
69,S3,bg,S3,Засегнати общности,Граждански и политически права на общностите,Свобода на събранията,3e901799-1124-11ef-a251-01aa75ed71a1,https://op.europa.eu/o/opportal-service/download-handler?identifier=3e901799-1124-11ef-a251-01aa75ed71a1&format=fmx4&language=bg&productionSystem=cellar&part=
70,S3,bg,S3,Засегнати общности,Граждански и политически права на общностите,Въздействие върху защитниците на правата на човека,3e901799-1124-11ef-a251-01aa75ed71a1,https://op.europa.eu/o/opportal-service/download-handler?identifier=3e901799-1124-11ef-a251-01aa75ed71a1&format=fmx4&language=bg&productionSystem=cellar&part=
71,S3,bg,S3,Засегнати общности,Права на коренното население,"Доброволно, предварително и информирано съгласие",3e901799-1124-11ef-a251-01aa75ed71a1,https://op.europa.eu/o/opportal-service/download-handler?identifier=3e901799-1124-11ef-a251-01aa75ed71a1&format=fmx4&language=bg&productionSystem=cellar&part=
72,S3,bg,S3,Засегнати общности,Права на коренното население,Самоопределение,3e901799-1124-11ef-a251-01aa75ed71a1,https://op.europa.eu/o/opportal-service/download-handler?identifier=3e901799-1124-11ef-a251-01aa75ed71a1&format=fmx4&language=bg&productionSystem=cellar&part=
73,S3,bg,S3,Засегнати общности,Права на коренното население,Културни права,3e901799-1124-11ef-a251-01aa75ed71a1,https://op.europa.eu/o/opportal-service/download-handler?identifier=3e901799-1124-11ef-a251-01aa75ed71a1&format=fmx4&language=bg&productionSystem=cellar&part=
74,S4,bg,S4,Потребители и крайни ползватели,Свързани с информацията въздействия върху потребителите и/или крайните ползватели,Неприкосновеност на личния живот,3e901799-1124-11ef-a251-01aa75ed71a1,https://op.europa.eu/o/opportal-service/download-handler?identifier=3e901799-1124-11ef-a251-01aa75ed71a1&format=fmx4&language=bg&productionSystem=cellar&part=
75,S4,bg,S4,Потребители и крайни ползватели,Свързани с информацията въздействия върху потребителите и/или крайните ползватели,Свобода на изразяване на мнение,3e901799-1124-11ef-a251-01aa75ed71a1,https://op.europa.eu/o/opportal-service/download-handler?identifier=3e901799-1124-11ef-a251-01aa75ed71a1&format=fmx4&language=bg&productionSystem=cellar&part=
76,S4,bg,S4,Потребители и крайни ползватели,Свързани с информацията въздействия върху потребителите и/или крайните ползватели,Достъп до (качествена) информация,3e901799-1124-11ef-a251-01aa75ed71a1,https://op.europa.eu/o/opportal-service/download-handler?identifier=3e901799-1124-11ef-a251-01aa75ed71a1&format=fmx4&language=bg&productionSystem=cellar&part=
77,S4,bg,S4,Потребители и крайни ползватели,Лична безопасност на потребителите и/или крайните ползватели,Здраве и безопасност,3e901799-1124-11ef-a251-01aa75ed71a1,https://op.europa.eu/o/opportal-service/download-handler?identifier=3e901799-1124-11ef-a251-01aa75ed71a1&format=fmx4&language=bg&productionSystem=cellar&part=
78,S4,bg,S4,Потребители и крайни ползватели,Лична безопасност на потребителите и/или крайните ползватели,Сигурност на лицето,3e901799-1124-11ef-a251-01aa75ed71a1,https://op.europa.eu/o/opportal-service/download-handler?identifier=3e901799-1124-11ef-a251-01aa75ed71a1&format=fmx4&language=bg&productionSystem=cellar&part=
79,S4,bg,S4,Потребители и крайни ползватели,Лична безопасност на потребителите и/или крайните ползватели,Закрила на децата,3e901799-1124-11ef-a251-01aa75ed71a1,https://op.europa.eu/o/opportal-service/download-handler?identifier=3e901799-1124-11ef-a251-01aa75ed71a1&format=fmx4&language=bg&productionSystem=cellar&part=
80,S4,bg,S4,Потребители и крайни ползватели,Социално приобщаване на потребителите и/или крайните ползватели,Недискриминация,3e901799-1124-11ef-a251-01aa75ed71a1,https://op.europa.eu/o/opportal-service/download-handler?identifier=3e901799-1124-11ef-a251-01aa75ed71a1&format=fmx4&language=bg&productionSystem=cellar&part=
81,S4,bg,S4,Потребители и крайни ползватели,Социално приобщаване на потребителите и/или крайните ползватели,Достъп до продукти и услуги,3e901799-1124-11ef-a251-01aa75ed71a1,https://op.europa.eu/o/opportal-service/download-handler?identifier=3e901799-1124-11ef-a251-01aa75ed71a1&format=fmx4&language=bg&productionSystem=cellar&part=
82,S4,bg,S4,Потребители и крайни ползватели,Социално приобщаване на потребителите и/или крайните ползватели,Отговорни търговски практики,3e901799-1124-11ef-a251-01aa75ed71a1,https://op.europa.eu/o/opportal-service/download-handler?identifier=3e901799-1124-11ef-a251-01aa75ed71a1&format=fmx4&language=bg&productionSystem=cellar&part=
83,G1,bg,G1,Професионално поведение,Култура на предприятието,,3e901799-1124-11ef-a251-01aa75ed71a1,https://op.europa.eu/o/opportal-service/download-handler?identifier=3e901799-1124-11ef-a251-01aa75ed71a1&format=fmx4&language=bg&productionSystem=cellar&part=
84,G1,bg,G1,Професионално поведение,"Защита на лицата, сигнализиращи за нередности",,3e901799-1124-11ef-a251-01aa75ed71a1,https://op.europa.eu/o/opportal-service/download-handler?identifier=3e901799-1124-11ef-a251-01aa75ed71a1&format=fmx4&language=bg&productionSystem=cellar&part=
85,G1,bg,G1,Професионално поведение,Хуманно отношение към животните,,3e901799-1124-11ef-a251-01aa75ed71a1,https://op.europa.eu/o/opportal-service/download-handler?identifier=3e901799-1124-11ef-a251-01aa75ed71a1&format=fmx4&language=bg&productionSystem=cellar&part=
86,G1,bg,G1,Професионално поведение,Политически ангажимент и дейности по лобиране,,3e901799-1124-11ef-a251-01aa75ed71a1,https://op.europa.eu/o/opportal-service/download-handler?identifier=3e901799-1124-11ef-a251-01aa75ed71a1&format=fmx4&language=bg&productionSystem=cellar&part=
87,G1,bg,G1,Професионално поведение,"Управление на отношенията с доставчиците, включително платежни практики",,3e901799-1124-11ef-a251-01aa75ed71a1,https://op.europa.eu/o/opportal-service/download-handler?identifier=3e901799-1124-11ef-a251-01aa75ed71a1&format=fmx4&language=bg&productionSystem=cellar&part=
88,G1,bg,G1,Професионално поведение,Корупция и подкупи,"Предотвратяване и откриване, включително обучение",3e901799-1124-11ef-a251-01aa75ed71a1,https://op.europa.eu/o/opportal-service/download-handler?identifier=3e901799-1124-11ef-a251-01aa75ed71a1&format=fmx4&language=bg&productionSystem=cellar&part=
89,G1,bg,G1,Професионално поведение,Корупция и подкупи,Произшествия/нарушения,3e901799-1124-11ef-a251-01aa75ed71a1,https://op.europa.eu/o/opportal-service/download-handler?identifier=3e901799-1124-11ef-a251-01aa75ed71a1&format=fmx4&language=bg&productionSystem=cellar&part=
1,E1,cs,E1,Změna klimatu,Přizpůsobování se změně klimatu,,3e901799-1124-11ef-a251-01aa75ed71a1,https://op.europa.eu/o/opportal-service/download-handler?identifier=3e901799-1124-11ef-a251-01aa75ed71a1&format=fmx4&language=cs&productionSystem=cellar&part=
2,E1,cs,E1,Změna klimatu,Zmírňování změny klimatu,,3e901799-1124-11ef-a251-01aa75ed71a1,https://op.europa.eu/o/opportal-service/download-handler?identifier=3e901799-1124-11ef-a251-01aa75ed71a1&format=fmx4&language=cs&productionSystem=cellar&part=
3,E1,cs,E1,Změna klimatu,Energie,,3e901799-1124-11ef-a251-01aa75ed71a1,https://op.europa.eu/o/opportal-service/download-handler?identifier=3e901799-1124-11ef-a251-01aa75ed71a1&format=fmx4&language=cs&productionSystem=cellar&part=
4,E2,cs,E2,Znečištění,Znečištění ovzduší,,3e901799-1124-11ef-a251-01aa75ed71a1,https://op.europa.eu/o/opportal-service/download-handler?identifier=3e901799-1124-11ef-a251-01aa75ed71a1&format=fmx4&language=cs&productionSystem=cellar&part=
5,E2,cs,E2,Znečištění,Znečištění vod,,3e901799-1124-11ef-a251-01aa75ed71a1,https://op.europa.eu/o/opportal-service/download-handler?identifier=3e901799-1124-11ef-a251-01aa75ed71a1&format=fmx4&language=cs&productionSystem=cellar&part=
6,E2,cs,E2,Znečištění,Znečištění půdy,,3e901799-1124-11ef-a251-01aa75ed71a1,https://op.europa.eu/o/opportal-service/download-handler?identifier=3e901799-1124-11ef-a251-01aa75ed71a1&format=fmx4&language=cs&productionSystem=cellar&part=
7,E2,cs,E2,Znečištění,Znečištění živých organismů a potravinových zdrojů,,3e901799-1124-11ef-a251-01aa75ed71a1,https://op.europa.eu/o/opportal-service/download-handler?identifier=3e901799-1124-11ef-a251-01aa75ed71a1&format=fmx4&language=cs&productionSystem=cellar&part=
8,E2,cs,E2,Znečištění,Látky vzbuzující obavy,,3e901799-1124-11ef-a251-01aa75ed71a1,https://op.europa.eu/o/opportal-service/download-handler?identifier=3e901799-1124-11ef-a251-01aa75ed71a1&format=fmx4&language=cs&productionSystem=cellar&part=
9,E2,cs,E2,Znečištění,Látky vzbuzující mimořádné obavy,,3e901799-1124-11ef-a251-01aa75ed71a1,https://op.europa.eu/o/opportal-service/download-handler?identifier=3e901799-1124-11ef-a251-01aa75ed71a1&format=fmx4&language=cs&productionSystem=cellar&part=
10,E2,cs,E2,Znečištění,Mikroplasty,,3e901799-1124-11ef-a251-01aa75ed71a1,https://op.europa.eu/o/opportal-service/download-handler?identifier=3e901799-1124-11ef-a251-01aa75ed71a1&format=fmx4&language=cs&productionSystem=cellar&part=
11,E3,cs,E3,Voda a mořské zdroje,Voda,Spotřeba vody,3e901799-1124-11ef-a251-01aa75ed71a1,https://op.europa.eu/o/opportal-service/download-handler?identifier=3e901799-1124-11ef-a251-01aa75ed71a1&format=fmx4&language=cs&productionSystem=cellar&part=
12,E3,cs,E3,Voda a mořské zdroje,Voda,Odběry vody,3e901799-1124-11ef-a251-01aa75ed71a1,https://op.europa.eu/o/opportal-service/download-handler?identifier=3e901799-1124-11ef-a251-01aa75ed71a1&format=fmx4&language=cs&productionSystem=cellar&part=
13,E3,cs,E3,Voda a mořské zdroje,Voda,Vypouštění vody,3e901799-1124-11ef-a251-01aa75ed71a1,https://op.europa.eu/o/opportal-service/download-handler?identifier=3e901799-1124-11ef-a251-01aa75ed71a1&format=fmx4&language=cs&productionSystem=cellar&part=
14,E3,cs,E3,Voda a mořské zdroje,Voda,Vypouštění vody do oceánů,3e901799-1124-11ef-a251-01aa75ed71a1,https://op.europa.eu/o/opportal-service/download-handler?identifier=3e901799-1124-11ef-a251-01aa75ed71a1&format=fmx4&language=cs&productionSystem=cellar&part=
15,E3,cs,E3,Voda a mořské zdroje,Mořské zdroje,Těžba a využívání mořských zdrojů,3e901799-1124-11ef-a251-01aa75ed71a1,https://op.europa.eu/o/opportal-service/download-handler?identifier=3e901799-1124-11ef-a251-01aa75ed71a1&format=fmx4&language=cs&productionSystem=cellar&part=
16,E4,cs,E4,Biologická rozmanitost a ekosystémy,Faktory přímého dopadu na úbytek biologické rozmanitosti:,Změna klimatu,3e901799-1124-11ef-a251-01aa75ed71a1,https://op.europa.eu/o/opportal-service/download-handler?identifier=3e901799-1124-11ef-a251-01aa75ed71a1&format=fmx4&language=cs&productionSystem=cellar&part=
17,E4,cs,E4,Biologická rozmanitost a ekosystémy,Faktory přímého dopadu na úbytek biologické rozmanitosti:,"Změna využívání půdy, změna ve využívání sladké vody a změna ve využívání moře",3e901799-1124-11ef-a251-01aa75ed71a1,https://op.europa.eu/o/opportal-service/download-handler?identifier=3e901799-1124-11ef-a251-01aa75ed71a1&format=fmx4&language=cs&productionSystem=cellar&part=
18,E4,cs,E4,Biologická rozmanitost a ekosystémy,Faktory přímého dopadu na úbytek biologické rozmanitosti:,Přímé využívání,3e901799-1124-11ef-a251-01aa75ed71a1,https://op.europa.eu/o/opportal-service/download-handler?identifier=3e901799-1124-11ef-a251-01aa75ed71a1&format=fmx4&language=cs&productionSystem=cellar&part=
19,E4,cs,E4,Biologická rozmanitost a ekosystémy,Faktory přímého dopadu na úbytek biologické rozmanitosti:,Invazní nepůvodní druhy,3e901799-1124-11ef-a251-01aa75ed71a1,https://op.europa.eu/o/opportal-service/download-handler?identifier=3e901799-1124-11ef-a251-01aa75ed71a1&format=fmx4&language=cs&productionSystem=cellar&part=
20,E4,cs,E4,Biologická rozmanitost a ekosystémy,Faktory přímého dopadu na úbytek biologické rozmanitosti:,Znečištění,3e901799-1124-11ef-a251-01aa75ed71a1,https://op.europa.eu/o/opportal-service/download-handler?identifier=3e901799-1124-11ef-a251-01aa75ed71a1&format=fmx4&language=cs&productionSystem=cellar&part=
21,E4,cs,E4,Biologická rozmanitost a ekosystémy,Faktory přímého dopadu na úbytek biologické rozmanitosti:,Ostatní,3e901799-1124-11ef-a251-01aa75ed71a1,https://op.europa.eu/o/opportal-service/download-handler?identifier=3e901799-1124-11ef-a251-01aa75ed71a1&format=fmx4&language=cs&productionSystem=cellar&part=
22,E4,cs,E4,Biologická rozmanitost a ekosystémy,Dopady na stav druhů,,3e901799-1124-11ef-a251-01aa75ed71a1,https://op.europa.eu/o/opportal-service/download-handler?identifier=3e901799-1124-11ef-a251-01aa75ed71a1&format=fmx4&language=cs&productionSystem=cellar&part=
23,E4,cs,E4,Biologická rozmanitost a ekosystémy,Dopady na rozsah a stav ekosystémů,,3e901799-1124-11ef-a251-01aa75ed71a1,https://op.europa.eu/o/opportal-service/download-handler?identifier=3e901799-1124-11ef-a251-01aa75ed71a1&format=fmx4&language=cs&productionSystem=cellar&part=
24,E4,cs,E4,Biologická rozmanitost a ekosystémy,Dopady a závislosti s ohledem na ekosystémové služby,,3e901799-1124-11ef-a251-01aa75ed71a1,https://op.europa.eu/o/opportal-service/download-handler?identifier=3e901799-1124-11ef-a251-01aa75ed71a1&format=fmx4&language=cs&productionSystem=cellar&part=
25,E5,cs,E5,Oběhové hospodářství,"Příliv zdrojů, včetně využití zdrojů",,3e901799-1124-11ef-a251-01aa75ed71a1,https://op.europa.eu/o/opportal-service/download-handler?identifier=3e901799-1124-11ef-a251-01aa75ed71a1&format=fmx4&language=cs&productionSystem=cellar&part=
26,E5,cs,E5,Oběhové hospodářství,Odsun zdrojů souvisejících s produkty a službami,,3e901799-1124-11ef-a251-01aa75ed71a1,https://op.europa.eu/o/opportal-service/download-handler?identifier=3e901799-1124-11ef-a251-01aa75ed71a1&format=fmx4&language=cs&productionSystem=cellar&part=
27,E5,cs,E5,Oběhové hospodářství,Odpady,,3e901799-1124-11ef-a251-01aa75ed71a1,https://op.europa.eu/o/opportal-service/download-handler?identifier=3e901799-1124-11ef-a251-01aa75ed71a1&format=fmx4&language=cs&productionSystem=cellar&part=
28,S1,cs,S1,Vlastní pracovní síla,Pracovní podmínky,Bezpečné zaměstnání,3e901799-1124-11ef-a251-01aa75ed71a1,https://op.europa.eu/o/opportal-service/download-handler?identifier=3e901799-1124-11ef-a251-01aa75ed71a1&format=fmx4&language=cs&productionSystem=cellar&part=
29,S1,cs,S1,Vlastní pracovní síla,Pracovní podmínky,Pracovní doba,3e901799-1124-11ef-a251-01aa75ed71a1,https://op.europa.eu/o/opportal-service/download-handler?identifier=3e901799-1124-11ef-a251-01aa75ed71a1&format=fmx4&language=cs&productionSystem=cellar&part=
30,S1,cs,S1,Vlastní pracovní síla,Pracovní podmínky,Přiměřené mzdy,3e901799-1124-11ef-a251-01aa75ed71a1,https://op.europa.eu/o/opportal-service/download-handler?identifier=3e901799-1124-11ef-a251-01aa75ed71a1&format=fmx4&language=cs&productionSystem=cellar&part=
31,S1,cs,S1,Vlastní pracovní síla,Pracovní podmínky,Sociální dialog,3e901799-1124-11ef-a251-01aa75ed71a1,https://op.europa.eu/o/opportal-service/download-handler?identifier=3e901799-1124-11ef-a251-01aa75ed71a1&format=fmx4&language=cs&productionSystem=cellar&part=
32,S1,cs,S1,Vlastní pracovní síla,Pracovní podmínky,"Svoboda sdružování, existence rad zaměstnanců a právo zaměstnanců na informace, konzultace a účast",3e901799-1124-11ef-a251-01aa75ed71a1,https://op.europa.eu/o/opportal-service/download-handler?identifier=3e901799-1124-11ef-a251-01aa75ed71a1&format=fmx4&language=cs&productionSystem=cellar&part=
33,S1,cs,S1,Vlastní pracovní síla,Pracovní podmínky,"Kolektivní vyjednávání, včetně podílu pracovníků, na něž se vztahují kolektivní smlouvy",3e901799-1124-11ef-a251-01aa75ed71a1,https://op.europa.eu/o/opportal-service/download-handler?identifier=3e901799-1124-11ef-a251-01aa75ed71a1&format=fmx4&language=cs&productionSystem=cellar&part=
34,S1,cs,S1,Vlastní pracovní síla,Pracovní podmínky,Rovnováha mezi pracovním a soukromým životem,3e901799-1124-11ef-a251-01aa75ed71a1,https://op.europa.eu/o/opportal-service/download-handler?identifier=3e901799-1124-11ef-a251-01aa75ed71a1&format=fmx4&language=cs&productionSystem=cellar&part=
35,S1,cs,S1,Vlastní pracovní síla,Pracovní podmínky,Zdraví a bezpečnost,3e901799-1124-11ef-a251-01aa75ed71a1,https://op.europa.eu/o/opportal-service/download-handler?identifier=3e901799-1124-11ef-a251-01aa75ed71a1&format=fmx4&language=cs&productionSystem=cellar&part=
36,S1,cs,S1,Vlastní pracovní síla,Rovné zacházení a příležitosti pro všechny,Rovnost žen a mužů a stejná odměna za rovnocennou práci,3e901799-1124-11ef-a251-01aa75ed71a1,https://op.europa.eu/o/opportal-service/download-handler?identifier=3e901799-1124-11ef-a251-01aa75ed71a1&format=fmx4&language=cs&productionSystem=cellar&part=
37,S1,cs,S1,Vlastní pracovní síla,Rovné zacházení a příležitosti pro všechny,Odborná příprava a rozvoj dovedností,3e901799-1124-11ef-a251-01aa75ed71a1,https://op.europa.eu/o/opportal-service/download-handler?identifier=3e901799-1124-11ef-a251-01aa75ed71a1&format=fmx4&language=cs&productionSystem=cellar&part=
38,S1,cs,S1,Vlastní pracovní síla,Rovné zacházení a příležitosti pro všechny,Zaměstnávání a začleňování osob se zdravotním postižením,3e901799-1124-11ef-a251-01aa75ed71a1,https://op.europa.eu/o/opportal-service/download-handler?identifier=3e901799-1124-11ef-a251-01aa75ed71a1&format=fmx4&language=cs&productionSystem=cellar&part=
39,S1,cs,S1,Vlastní pracovní síla,Rovné zacházení a příležitosti pro všechny,Opatření proti násilí a obtěžování na pracovišti,3e901799-1124-11ef-a251-01aa75ed71a1,https://op.europa.eu/o/opportal-service/download-handler?identifier=3e901799-1124-11ef-a251-01aa75ed71a1&format=fmx4&language=cs&productionSystem=cellar&part=
40,S1,cs,S1,Vlastní pracovní síla,Rovné zacházení a příležitosti pro všechny,Rozmanitost,3e901799-1124-11ef-a251-01aa75ed71a1,https://op.europa.eu/o/opportal-service/download-handler?identifier=3e901799-1124-11ef-a251-01aa75ed71a1&format=fmx4&language=cs&productionSystem=cellar&part=
41,S1,cs,S1,Vlastní pracovní síla,Další práva související s prací,Dětská práce,3e901799-1124-11ef-a251-01aa75ed71a1,https://op.europa.eu/o/opportal-service/download-handler?identifier=3e901799-1124-11ef-a251-01aa75ed71a1&format=fmx4&language=cs&productionSystem=cellar&part=
42,S1,cs,S1,Vlastní pracovní síla,Další práva související s prací,Nucená práce,3e901799-1124-11ef-a251-01aa75ed71a1,https://op.europa.eu/o/opportal-service/download-handler?identifier=3e901799-1124-11ef-a251-01aa75ed71a1&format=fmx4&language=cs&productionSystem=cellar&part=
43,S1,cs,S1,Vlastní pracovní síla,Další práva související s prací,Přiměřené bydlení,3e901799-1124-11ef-a251-01aa75ed71a1,https://op.europa.eu/o/opportal-service/download-handler?identifier=3e901799-1124-11ef-a251-01aa75ed71a1&format=fmx4&language=cs&productionSystem=cellar&part=
44,S1,cs,S1,Vlastní pracovní síla,Další práva související s prací,Soukromí,3e901799-1124-11ef-a251-01aa75ed71a1,https://op.europa.eu/o/opportal-service/download-handler?identifier=3e901799-1124-11ef-a251-01aa75ed71a1&format=fmx4&language=cs&productionSystem=cellar&part=
45,S2,cs,S2,Pracovníci v hodnotovém řetězci,Pracovní podmínky,Bezpečné zaměstnání,3e901799-1124-11ef-a251-01aa75ed71a1,https://op.europa.eu/o/opportal-service/download-handler?identifier=3e901799-1124-11ef-a251-01aa75ed71a1&format=fmx4&language=cs&productionSystem=cellar&part=
46,S2,cs,S2,Pracovníci v hodnotovém řetězci,Pracovní podmínky,Pracovní doba,3e901799-1124-11ef-a251-01aa75ed71a1,https://op.europa.eu/o/opportal-service/download-handler?identifier=3e901799-1124-11ef-a251-01aa75ed71a1&format=fmx4&language=cs&productionSystem=cellar&part=
47,S2,cs,S2,Pracovníci v hodnotovém řetězci,Pracovní podmínky,Přiměřené mzdy,3e901799-1124-11ef-a251-01aa75ed71a1,https://op.europa.eu/o/opportal-service/download-handler?identifier=3e901799-1124-11ef-a251-01aa75ed71a1&format=fmx4&language=cs&productionSystem=cellar&part=
48,S2,cs,S2,Pracovníci v hodnotovém řetězci,Pracovní podmínky,Sociální dialog,3e901799-1124-11ef-a251-01aa75ed71a1,https://op.europa.eu/o/opportal-service/download-handler?identifier=3e901799-1124-11ef-a251-01aa75ed71a1&format=fmx4&language=cs&productionSystem=cellar&part=
49,S2,cs,S2,Pracovníci v hodnotovém řetězci,Pracovní podmínky,"Svoboda sdružování, včetně existence rad zaměstnanců",3e901799-1124-11ef-a251-01aa75ed71a1,https://op.europa.eu/o/opportal-service/download-handler?identifier=3e901799-1124-11ef-a251-01aa75ed71a1&format=fmx4&language=cs&productionSystem=cellar&part=
50,S2,cs,S2,Pracovníci v hodnotovém řetězci,Pracovní podmínky,Kolektivní vyjednávání,3e901799-1124-11ef-a251-01aa75ed71a1,https://op.europa.eu/o/opportal-service/download-handler?identifier=3e901799-1124-11ef-a251-01aa75ed71a1&format=fmx4&language=cs&productionSystem=cellar&part=
51,S2,cs,S2,Pracovníci v hodnotovém řetězci,Pracovní podmínky,Rovnováha mezi pracovním a soukromým životem,3e901799-1124-11ef-a251-01aa75ed71a1,https://op.europa.eu/o/opportal-service/download-handler?identifier=3e901799-1124-11ef-a251-01aa75ed71a1&format=fmx4&language=cs&productionSystem=cellar&part=
52,S2,cs,S2,Pracovníci v hodnotovém řetězci,Pracovní podmínky,Zdraví a bezpečnost,3e901799-1124-11ef-a251-01aa75ed71a1,https://op.europa.eu/o/opportal-service/download-handler?identifier=3e901799-1124-11ef-a251-01aa75ed71a1&format=fmx4&language=cs&productionSystem=cellar&part=
53,S2,cs,S2,Pracovníci v hodnotovém řetězci,Rovné zacházení a příležitosti pro všechny,Rovnost žen a mužů a stejná odměna za rovnocennou práci,3e901799-1124-11ef-a251-01aa75ed71a1,https://op.europa.eu/o/opportal-service/download-handler?identifier=3e901799-1124-11ef-a251-01aa75ed71a1&format=fmx4&language=cs&productionSystem=cellar&part=
54,S2,cs,S2,Pracovníci v hodnotovém řetězci,Rovné zacházení a příležitosti pro všechny,Odborná příprava a rozvoj dovedností,3e901799-1124-11ef-a251-01aa75ed71a1,https://op.europa.eu/o/opportal-service/download-handler?identifier=3e901799-1124-11ef-a251-01aa75ed71a1&format=fmx4&language=cs&productionSystem=cellar&part=
55,S2,cs,S2,Pracovníci v hodnotovém řetězci,Rovné zacházení a příležitosti pro všechny,Zaměstnávání a začleňování osob se zdravotním postižením,3e901799-1124-11ef-a251-01aa75ed71a1,https://op.europa.eu/o/opportal-service/download-handler?identifier=3e901799-1124-11ef-a251-01aa75ed71a1&format=fmx4&language=cs&productionSystem=cellar&part=
56,S2,cs,S2,Pracovníci v hodnotovém řetězci,Rovné zacházení a příležitosti pro všechny,Opatření proti násilí a obtěžování na pracovišti,3e901799-1124-11ef-a251-01aa75ed71a1,https://op.europa.eu/o/opportal-service/download-handler?identifier=3e901799-1124-11ef-a251-01aa75ed71a1&format=fmx4&language=cs&productionSystem=cellar&part=
57,S2,cs,S2,Pracovníci v hodnotovém řetězci,Rovné zacházení a příležitosti pro všechny,Rozmanitost,3e901799-1124-11ef-a251-01aa75ed71a1,https://op.europa.eu/o/opportal-service/download-handler?identifier=3e901799-1124-11ef-a251-01aa75ed71a1&format=fmx4&language=cs&productionSystem=cellar&part=
58,S2,cs,S2,Pracovníci v hodnotovém řetězci,Další práva související s prací,Dětská práce,3e901799-1124-11ef-a251-01aa75ed71a1,https://op.europa.eu/o/opportal-service/download-handler?identifier=3e901799-1124-11ef-a251-01aa75ed71a1&format=fmx4&language=cs&productionSystem=cellar&part=
59,S2,cs,S2,Pracovníci v hodnotovém řetězci,Další práva související s prací,Nucená práce,3e901799-1124-11ef-a251-01aa75ed71a1,https://op.europa.eu/o/opportal-service/download-handler?identifier=3e901799-1124-11ef-a251-01aa75ed71a1&format=fmx4&language=cs&productionSystem=cellar&part=
60,S2,cs,S2,Pracovníci v hodnotovém řetězci,Další práva související s prací,Přiměřené bydlení,3e901799-1124-11ef-a251-01aa75ed71a1,https://op.europa.eu/o/opportal-service/download-handler?identifier=3e901799-1124-11ef-a251-01aa75ed71a1&format=fmx4&language=cs&productionSystem=cellar&part=
61,S2,cs,S2,Pracovníci v hodnotovém řetězci,Další práva související s prací,Voda a sanitační zařízení,3e901799-1124-11ef-a251-01aa75ed71a1,https://op.europa.eu/o/opportal-service/download-handler?identifier=3e901799-1124-11ef-a251-01aa75ed71a1&format=fmx4&language=cs&productionSystem=cellar&part=
62,S2,cs,S2,Pracovníci v hodnotovém řetězci,Další práva související s prací,Soukromí,3e901799-1124-11ef-a251-01aa75ed71a1,https://op.europa.eu/o/opportal-service/download-handler?identifier=3e901799-1124-11ef-a251-01aa75ed71a1&format=fmx4&language=cs&productionSystem=cellar&part=
63,S3,cs,S3,Dotčené komunity,"Hospodářská, sociální a kulturní práva komunit",Přiměřené bydlení,3e901799-1124-11ef-a251-01aa75ed71a1,https://op.europa.eu/o/opportal-service/download-handler?identifier=3e901799-1124-11ef-a251-01aa75ed71a1&format=fmx4&language=cs&productionSystem=cellar&part=
64,S3,cs,S3,Dotčené komunity,"Hospodářská, sociální a kulturní práva komunit",Přiměřená výživa,3e901799-1124-11ef-a251-01aa75ed71a1,https://op.europa.eu/o/opportal-service/download-handler?identifier=3e901799-1124-11ef-a251-01aa75ed71a1&format=fmx4&language=cs&productionSystem=cellar&part=
65,S3,cs,S3,Dotčené komunity,"Hospodářská, sociální a kulturní práva komunit",Voda a sanitační zařízení,3e901799-1124-11ef-a251-01aa75ed71a1,https://op.europa.eu/o/opportal-service/download-handler?identifier=3e901799-1124-11ef-a251-01aa75ed71a1&format=fmx4&language=cs&productionSystem=cellar&part=
66,S3,cs,S3,Dotčené komunity,"Hospodářská, sociální a kulturní práva komunit",Dopady související s půdou,3e901799-1124-11ef-a251-01aa75ed71a1,https://op.europa.eu/o/opportal-service/download-handler?identifier=3e901799-1124-11ef-a251-01aa75ed71a1&format=fmx4&language=cs&productionSystem=cellar&part=
67,S3,cs,S3,Dotčené komunity,"Hospodářská, sociální a kulturní práva komunit",Dopady související s bezpečností,3e901799-1124-11ef-a251-01aa75ed71a1,https://op.europa.eu/o/opportal-service/download-handler?identifier=3e901799-1124-11ef-a251-01aa75ed71a1&format=fmx4&language=cs&productionSystem=cellar&part=
68,S3,cs,S3,Dotčené komunity,Občanská a politická práva komunit,Svoboda projevu,3e901799-1124-11ef-a251-01aa75ed71a1,https://op.europa.eu/o/opportal-service/download-handler?identifier=3e901799-1124-11ef-a251-01aa75ed71a1&format=fmx4&language=cs&productionSystem=cellar&part=
69,S3,cs,S3,Dotčené komunity,Občanská a politická práva komunit,Svoboda shromažďování,3e901799-1124-11ef-a251-01aa75ed71a1,https://op.europa.eu/o/opportal-service/download-handler?identifier=3e901799-1124-11ef-a251-01aa75ed71a1&format=fmx4&language=cs&productionSystem=cellar&part=
70,S3,cs,S3,Dotčené komunity,Občanská a politická práva komunit,Dopady na obránce lidských práv,3e901799-1124-11ef-a251-01aa75ed71a1,https://op.europa.eu/o/opportal-service/download-handler?identifier=3e901799-1124-11ef-a251-01aa75ed71a1&format=fmx4&language=cs&productionSystem=cellar&part=
71,S3,cs,S3,Dotčené komunity,Práva původních obyvatel,"Svobodný, předběžný a informovaný souhlas",3e901799-1124-11ef-a251-01aa75ed71a1,https://op.europa.eu/o/opportal-service/download-handler?identifier=3e901799-1124-11ef-a251-01aa75ed71a1&format=fmx4&language=cs&productionSystem=cellar&part=
72,S3,cs,S3,Dotčené komunity,Práva původních obyvatel,Sebeurčení,3e901799-1124-11ef-a251-01aa75ed71a1,https://op.europa.eu/o/opportal-service/download-handler?identifier=3e901799-1124-11ef-a251-01aa75ed71a1&format=fmx4&language=cs&productionSystem=cellar&part=
73,S3,cs,S3,Dotčené komunity,Práva původních obyvatel,Kulturní práva,3e901799-1124-11ef-a251-01aa75ed71a1,https://op.europa.eu/o/opportal-service/download-handler?identifier=3e901799-1124-11ef-a251-01aa75ed71a1&format=fmx4&language=cs&productionSystem=cellar&part=
74,S4,cs,S4,Spotřebitelé a koncoví uživatelé,Dopady související s informacemi pro spotřebitele a/nebo koncové uživatele,Soukromí,3e901799-1124-11ef-a251-01aa75ed71a1,https://op.europa.eu/o/opportal-service/download-handler?identifier=3e901799-1124-11ef-a251-01aa75ed71a1&format=fmx4&language=cs&productionSystem=cellar&part=
75,S4,cs,S4,Spotřebitelé a koncoví uživatelé,Dopady související s informacemi pro spotřebitele a/nebo koncové uživatele,Svoboda projevu,3e901799-1124-11ef-a251-01aa75ed71a1,https://op.europa.eu/o/opportal-service/download-handler?identifier=3e901799-1124-11ef-a251-01aa75ed71a1&format=fmx4&language=cs&productionSystem=cellar&part=
76,S4,cs,S4,Spotřebitelé a koncoví uživatelé,Dopady související s informacemi pro spotřebitele a/nebo koncové uživatele,Přístup ke (kvalitním) informacím,3e901799-1124-11ef-a251-01aa75ed71a1,https://op.europa.eu/o/opportal-service/download-handler?identifier=3e901799-1124-11ef-a251-01aa75ed71a1&format=fmx4&language=cs&productionSystem=cellar&part=
77,S4,cs,S4,Spotřebitelé a koncoví uživatelé,Osobní bezpečnost spotřebitelů a/nebo koncových uživatelů,Zdraví a bezpečnost,3e901799-1124-11ef-a251-01aa75ed71a1,https://op.europa.eu/o/opportal-service/download-handler?identifier=3e901799-1124-11ef-a251-01aa75ed71a1&format=fmx4&language=cs&productionSystem=cellar&part=
78,S4,cs,S4,Spotřebitelé a koncoví uživatelé,Osobní bezpečnost spotřebitelů a/nebo koncových uživatelů,Bezpečnost osoby,3e901799-1124-11ef-a251-01aa75ed71a1,https://op.europa.eu/o/opportal-service/download-handler?identifier=3e901799-1124-11ef-a251-01aa75ed71a1&format=fmx4&language=cs&productionSystem=cellar&part=
79,S4,cs,S4,Spotřebitelé a koncoví uživatelé,Osobní bezpečnost spotřebitelů a/nebo koncových uživatelů,Ochrana dětí,3e901799-1124-11ef-a251-01aa75ed71a1,https://op.europa.eu/o/opportal-service/download-handler?identifier=3e901799-1124-11ef-a251-01aa75ed71a1&format=fmx4&language=cs&productionSystem=cellar&part=
80,S4,cs,S4,Spotřebitelé a koncoví uživatelé,Sociální začleňování spotřebitelů a/nebo koncových uživatelů,Zákaz diskriminace,3e901799-1124-11ef-a251-01aa75ed71a1,https://op.europa.eu/o/opportal-service/download-handler?identifier=3e901799-1124-11ef-a251-01aa75ed71a1&format=fmx4&language=cs&productionSystem=cellar&part=
81,S4,cs,S4,Spotřebitelé a koncoví uživatelé,Sociální začleňování spotřebitelů a/nebo koncových uživatelů,Přístup k produktům a službám,3e901799-1124-11ef-a251-01aa75ed71a1,https://op.europa.eu/o/opportal-service/download-handler?identifier=3e901799-1124-11ef-a251-01aa75ed71a1&format=fmx4&language=cs&productionSystem=cellar&part=
82,S4,cs,S4,Spotřebitelé a koncoví uživatelé,Sociální začleňování spotřebitelů a/nebo koncových uživatelů,Odpovědné marketingové praktiky,3e901799-1124-11ef-a251-01aa75ed71a1,https://op.europa.eu/o/opportal-service/download-handler?identifier=3e901799-1124-11ef-a251-01aa75ed71a1&format=fmx4&language=cs&productionSystem=cellar&part=
83,G1,cs,G1,Chování podniků,Podniková kultura,,3e901799-1124-11ef-a251-01aa75ed71a1,https://op.europa.eu/o/opportal-service/download-handler?identifier=3e901799-1124-11ef-a251-01aa75ed71a1&format=fmx4&language=cs&productionSystem=cellar&part=
84,G1,cs,G1,Chování podniků,Ochrana oznamovatelů,,3e901799-1124-11ef-a251-01aa75ed71a1,https://op.europa.eu/o/opportal-service/download-handler?identifier=3e901799-1124-11ef-a251-01aa75ed71a1&format=fmx4&language=cs&productionSystem=cellar&part=
85,G1,cs,G1,Chování podniků,Dobré životní podmínky zvířat,,3e901799-1124-11ef-a251-01aa75ed71a1,https://op.europa.eu/o/opportal-service/download-handler?identifier=3e901799-1124-11ef-a251-01aa75ed71a1&format=fmx4&language=cs&productionSystem=cellar&part=
86,G1,cs,G1,Chování podniků,Politická angažovanost a lobbistické činnosti,,3e901799-1124-11ef-a251-01aa75ed71a1,https://op.europa.eu/o/opportal-service/download-handler?identifier=3e901799-1124-11ef-a251-01aa75ed71a1&format=fmx4&language=cs&productionSystem=cellar&part=
87,G1,cs,G1,Chování podniků,Řízení vztahů s dodavateli včetně platebních postupů,,3e901799-1124-11ef-a251-01aa75ed71a1,https://op.europa.eu/o/opportal-service/download-handler?identifier=3e901799-1124-11ef-a251-01aa75ed71a1&format=fmx4&language=cs&productionSystem=cellar&part=
88,G1,cs,G1,Chování podniků,Korupce a úplatkářství,Prevence a odhalování včetně školení,3e901799-1124-11ef-a251-01aa75ed71a1,https://op.europa.eu/o/opportal-service/download-handler?identifier=3e901799-1124-11ef-a251-01aa75ed71a1&format=fmx4&language=cs&productionSystem=cellar&part=
89,G1,cs,G1,Chování podniků,Korupce a úplatkářství,Incidenty,3e901799-1124-11ef-a251-01aa75ed71a1,https://op.europa.eu/o/opportal-service/download-handler?identifier=3e901799-1124-11ef-a251-01aa75ed71a1&format=fmx4&language=cs&productionSystem=cellar&part=
1,E1,da,E1,Klimaændringer,Tilpasning til klimaændringer,,3e901799-1124-11ef-a251-01aa75ed71a1,https://op.europa.eu/o/opportal-service/download-handler?identifier=3e901799-1124-11ef-a251-01aa75ed71a1&format=fmx4&language=da&productionSystem=cellar&part=
2,E1,da,E1,Klimaændringer,Modvirkning af klimaændringer,,3e901799-1124-11ef-a251-01aa75ed71a1,https://op.europa.eu/o/opportal-service/download-handler?identifier=3e901799-1124-11ef-a251-01aa75ed71a1&format=fmx4&language=da&productionSystem=cellar&part=
3,E1,da,E1,Klimaændringer,Energi,,3e901799-1124-11ef-a251-01aa75ed71a1,https://op.europa.eu/o/opportal-service/download-handler?identifier=3e901799-1124-11ef-a251-01aa75ed71a1&format=fmx4&language=da&productionSystem=cellar&part=
4,E2,da,E2,Forurening,Luftforurening,,3e901799-1124-11ef-a251-01aa75ed71a1,https://op.europa.eu/o/opportal-service/download-handler?identifier=3e901799-1124-11ef-a251-01aa75ed71a1&format=fmx4&language=da&productionSystem=cellar&part=
5,E2,da,E2,Forurening,Vandforurening,,3e901799-1124-11ef-a251-01aa75ed71a1,https://op.europa.eu/o/opportal-service/download-handler?identifier=3e901799-1124-11ef-a251-01aa75ed71a1&format=fmx4&language=da&productionSystem=cellar&part=
6,E2,da,E2,Forurening,Jordbundsforurening,,3e901799-1124-11ef-a251-01aa75ed71a1,https://op.europa.eu/o/opportal-service/download-handler?identifier=3e901799-1124-11ef-a251-01aa75ed71a1&format=fmx4&language=da&productionSystem=cellar&part=
7,E2,da,E2,Forurening,Forurening af levende organismer og fødevareressourcer,,3e901799-1124-11ef-a251-01aa75ed71a1,https://op.europa.eu/o/opportal-service/download-handler?identifier=3e901799-1124-11ef-a251-01aa75ed71a1&format=fmx4&language=da&productionSystem=cellar&part=
8,E2,da,E2,Forurening,Problematiske stoffer,,3e901799-1124-11ef-a251-01aa75ed71a1,https://op.europa.eu/o/opportal-service/download-handler?identifier=3e901799-1124-11ef-a251-01aa75ed71a1&format=fmx4&language=da&productionSystem=cellar&part=
9,E2,da,E2,Forurening,Særligt problematiske stoffer,,3e901799-1124-11ef-a251-01aa75ed71a1,https://op.europa.eu/o/opportal-service/download-handler?identifier=3e901799-1124-11ef-a251-01aa75ed71a1&format=fmx4&language=da&productionSystem=cellar&part=
10,E2,da,E2,Forurening,Mikroplast,,3e901799-1124-11ef-a251-01aa75ed71a1,https://op.europa.eu/o/opportal-service/download-handler?identifier=3e901799-1124-11ef-a251-01aa75ed71a1&format=fmx4&language=da&productionSystem=cellar&part=
11,E3,da,E3,Vand og havressourcer,Vand,Vandforbrug,3e901799-1124-11ef-a251-01aa75ed71a1,https://op.europa.eu/o/opportal-service/download-handler?identifier=3e901799-1124-11ef-a251-01aa75ed71a1&format=fmx4&language=da&productionSystem=cellar&part=
12,E3,da,E3,Vand og havressourcer,Vand,Vandudtag,3e901799-1124-11ef-a251-01aa75ed71a1,https://op.europa.eu/o/opportal-service/download-handler?identifier=3e901799-1124-11ef-a251-01aa75ed71a1&format=fmx4&language=da&productionSystem=cellar&part=
13,E3,da,E3,Vand og havressourcer,Vand,Spildevandsudledning,3e901799-1124-11ef-a251-01aa75ed71a1,https://op.europa.eu/o/opportal-service/download-handler?identifier=3e901799-1124-11ef-a251-01aa75ed71a1&format=fmx4&language=da&productionSystem=cellar&part=
14,E3,da,E3,Vand og havressourcer,Vand,Udledning af vand i havene,3e901799-1124-11ef-a251-01aa75ed71a1,https://op.europa.eu/o/opportal-service/download-handler?identifier=3e901799-1124-11ef-a251-01aa75ed71a1&format=fmx4&language=da&productionSystem=cellar&part=
15,E3,da,E3,Vand og havressourcer,Havressourcer,Udvinding og udnyttelse af havressourcer,3e901799-1124-11ef-a251-01aa75ed71a1,https://op.europa.eu/o/opportal-service/download-handler?identifier=3e901799-1124-11ef-a251-01aa75ed71a1&format=fmx4&language=da&productionSystem=cellar&part=
16,E4,da,E4,Biodiversitet og økosystemer,Direkte drivkræfter for virkning på tab af biodiversitet,Klimaændringer,3e901799-1124-11ef-a251-01aa75ed71a1,https://op.europa.eu/o/opportal-service/download-handler?identifier=3e901799-1124-11ef-a251-01aa75ed71a1&format=fmx4&language=da&productionSystem=cellar&part=
17,E4,da,E4,Biodiversitet og økosystemer,Direkte drivkræfter for virkning på tab af biodiversitet,"Ændringer i arealanvendelsen, ændringer i anvendelsen af ferskvand og ændringer i anvendelsen af havet",3e901799-1124-11ef-a251-01aa75ed71a1,https://op.europa.eu/o/opportal-service/download-handler?identifier=3e901799-1124-11ef-a251-01aa75ed71a1&format=fmx4&language=da&productionSystem=cellar&part=
18,E4,da,E4,Biodiversitet og økosystemer,Direkte drivkræfter for virkning på tab af biodiversitet,Direkte udnyttelse,3e901799-1124-11ef-a251-01aa75ed71a1,https://op.europa.eu/o/opportal-service/download-handler?identifier=3e901799-1124-11ef-a251-01aa75ed71a1&format=fmx4&language=da&productionSystem=cellar&part=
19,E4,da,E4,Biodiversitet og økosystemer,Direkte drivkræfter for virkning på tab af biodiversitet,Invasive ikkehjemmehørende arter,3e901799-1124-11ef-a251-01aa75ed71a1,https://op.europa.eu/o/opportal-service/download-handler?identifier=3e901799-1124-11ef-a251-01aa75ed71a1&format=fmx4&language=da&productionSystem=cellar&part=
20,E4,da,E4,Biodiversitet og økosystemer,Direkte drivkræfter for virkning på tab af biodiversitet,Forurening,3e901799-1124-11ef-a251-01aa75ed71a1,https://op.europa.eu/o/opportal-service/download-handler?identifier=3e901799-1124-11ef-a251-01aa75ed71a1&format=fmx4&language=da&productionSystem=cellar&part=
21,E4,da,E4,Biodiversitet og økosystemer,Direkte drivkræfter for virkning på tab af biodiversitet,Andre,3e901799-1124-11ef-a251-01aa75ed71a1,https://op.europa.eu/o/opportal-service/download-handler?identifier=3e901799-1124-11ef-a251-01aa75ed71a1&format=fmx4&language=da&productionSystem=cellar&part=
22,E4,da,E4,Biodiversitet og økosystemer,Virkninger på arters tilstand,,3e901799-1124-11ef-a251-01aa75ed71a1,https://op.europa.eu/o/opportal-service/download-handler?identifier=3e901799-1124-11ef-a251-01aa75ed71a1&format=fmx4&language=da&productionSystem=cellar&part=
23,E4,da,E4,Biodiversitet og økosystemer,Virkninger på økosystemers omfang og tilstand,,3e901799-1124-11ef-a251-01aa75ed71a1,https://op.europa.eu/o/opportal-service/download-handler?identifier=3e901799-1124-11ef-a251-01aa75ed71a1&format=fmx4&language=da&productionSystem=cellar&part=
24,E4,da,E4,Biodiversitet og økosystemer,Virkninger på og afhængigheder af økosystemtjenester,,3e901799-1124-11ef-a251-01aa75ed71a1,https://op.europa.eu/o/opportal-service/download-handler?identifier=3e901799-1124-11ef-a251-01aa75ed71a1&format=fmx4&language=da&productionSystem=cellar&part=
25,E5,da,E5,Cirkulær økonomi,"Ressourcetilstrømning, herunder ressourceforbrug",,3e901799-1124-11ef-a251-01aa75ed71a1,https://op.europa.eu/o/opportal-service/download-handler?identifier=3e901799-1124-11ef-a251-01aa75ed71a1&format=fmx4&language=da&productionSystem=cellar&part=
26,E5,da,E5,Cirkulær økonomi,Ressourceudstrømning i forbindelse med produkter og tjenesteydelser,,3e901799-1124-11ef-a251-01aa75ed71a1,https://op.europa.eu/o/opportal-service/download-handler?identifier=3e901799-1124-11ef-a251-01aa75ed71a1&format=fmx4&language=da&productionSystem=cellar&part=
27,E5,da,E5,Cirkulær økonomi,Affald,,3e901799-1124-11ef-a251-01aa75ed71a1,https://op.europa.eu/o/opportal-service/download-handler?identifier=3e901799-1124-11ef-a251-01aa75ed71a1&format=fmx4&language=da&productionSystem=cellar&part=
28,S1,da,S1,Egen arbejdsstyrke,Arbejdsvilkår,Sikker beskæftigelse,3e901799-1124-11ef-a251-01aa75ed71a1,https://op.europa.eu/o/opportal-service/download-handler?identifier=3e901799-1124-11ef-a251-01aa75ed71a1&format=fmx4&language=da&productionSystem=cellar&part=
29,S1,da,S1,Egen arbejdsstyrke,Arbejdsvilkår,Arbejdstid,3e901799-1124-11ef-a251-01aa75ed71a1,https://op.europa.eu/o/opportal-service/download-handler?identifier=3e901799-1124-11ef-a251-01aa75ed71a1&format=fmx4&language=da&productionSystem=cellar&part=
30,S1,da,S1,Egen arbejdsstyrke,Arbejdsvilkår,Tilstrækkelige lønninger,3e901799-1124-11ef-a251-01aa75ed71a1,https://op.europa.eu/o/opportal-service/download-handler?identifier=3e901799-1124-11ef-a251-01aa75ed71a1&format=fmx4&language=da&productionSystem=cellar&part=
31,S1,da,S1,Egen arbejdsstyrke,Arbejdsvilkår,Arbejdsmarkedsdialog,3e901799-1124-11ef-a251-01aa75ed71a1,https://op.europa.eu/o/opportal-service/download-handler?identifier=3e901799-1124-11ef-a251-01aa75ed71a1&format=fmx4&language=da&productionSystem=cellar&part=
32,S1,da,S1,Egen arbejdsstyrke,Arbejdsvilkår,"Foreningsfrihed, eksistensen af samarbejdsudvalg og arbejdstagernes ret til information, høring og deltagelse",3e901799-1124-11ef-a251-01aa75ed71a1,https://op.europa.eu/o/opportal-service/download-handler?identifier=3e901799-1124-11ef-a251-01aa75ed71a1&format=fmx4&language=da&productionSystem=cellar&part=
33,S1,da,S1,Egen arbejdsstyrke,Arbejdsvilkår,"Kollektive overenskomstforhandlinger, herunder andelen af arbejdstagere, der er omfattet af kollektive overenskomster",3e901799-1124-11ef-a251-01aa75ed71a1,https://op.europa.eu/o/opportal-service/download-handler?identifier=3e901799-1124-11ef-a251-01aa75ed71a1&format=fmx4&language=da&productionSystem=cellar&part=
34,S1,da,S1,Egen arbejdsstyrke,Arbejdsvilkår,Balance mellem arbejdsliv og privatliv,3e901799-1124-11ef-a251-01aa75ed71a1,https://op.europa.eu/o/opportal-service/download-handler?identifier=3e901799-1124-11ef-a251-01aa75ed71a1&format=fmx4&language=da&productionSystem=cellar&part=
35,S1,da,S1,Egen arbejdsstyrke,Arbejdsvilkår,Sundhed og sikkerhed,3e901799-1124-11ef-a251-01aa75ed71a1,https://op.europa.eu/o/opportal-service/download-handler?identifier=3e901799-1124-11ef-a251-01aa75ed71a1&format=fmx4&language=da&productionSystem=cellar&part=
36,S1,da,S1,Egen arbejdsstyrke,"Eigebehandling og lige muligheder for alle, herunder:",Ligestilling mellem kønnene og lige løn for arbejde af samme værdi,3e901799-1124-11ef-a251-01aa75ed71a1,https://op.europa.eu/o/opportal-service/download-handler?identifier=3e901799-1124-11ef-a251-01aa75ed71a1&format=fmx4&language=da&productionSystem=cellar&part=
37,S1,da,S1,Egen arbejdsstyrke,"Eigebehandling og lige muligheder for alle, herunder:",Uddannelse og kompetenceudvikling,3e901799-1124-11ef-a251-01aa75ed71a1,https://op.europa.eu/o/opportal-service/download-handler?identifier=3e901799-1124-11ef-a251-01aa75ed71a1&format=fmx4&language=da&productionSystem=cellar&part=
38,S1,da,S1,Egen arbejdsstyrke,"Eigebehandling og lige muligheder for alle, herunder:",Beskæftigelse og inklusion af personer med handicap,3e901799-1124-11ef-a251-01aa75ed71a1,https://op.europa.eu/o/opportal-service/download-handler?identifier=3e901799-1124-11ef-a251-01aa75ed71a1&format=fmx4&language=da&productionSystem=cellar&part=
39,S1,da,S1,Egen arbejdsstyrke,"Eigebehandling og lige muligheder for alle, herunder:",Foranstaltninger mod vold og chikane på arbejdspladsen,3e901799-1124-11ef-a251-01aa75ed71a1,https://op.europa.eu/o/opportal-service/download-handler?identifier=3e901799-1124-11ef-a251-01aa75ed71a1&format=fmx4&language=da&productionSystem=cellar&part=
40,S1,da,S1,Egen arbejdsstyrke,"Eigebehandling og lige muligheder for alle, herunder:",Mangfoldighed,3e901799-1124-11ef-a251-01aa75ed71a1,https://op.europa.eu/o/opportal-service/download-handler?identifier=3e901799-1124-11ef-a251-01aa75ed71a1&format=fmx4&language=da&productionSystem=cellar&part=
41,S1,da,S1,Egen arbejdsstyrke,Andre arbejdsrelaterede rettigheder,Børnearbejde,3e901799-1124-11ef-a251-01aa75ed71a1,https://op.europa.eu/o/opportal-service/download-handler?identifier=3e901799-1124-11ef-a251-01aa75ed71a1&format=fmx4&language=da&productionSystem=cellar&part=
42,S1,da,S1,Egen arbejdsstyrke,Andre arbejdsrelaterede rettigheder,Tvangsarbejde,3e901799-1124-11ef-a251-01aa75ed71a1,https://op.europa.eu/o/opportal-service/download-handler?identifier=3e901799-1124-11ef-a251-01aa75ed71a1&format=fmx4&language=da&productionSystem=cellar&part=
43,S1,da,S1,Egen arbejdsstyrke,Andre arbejdsrelaterede rettigheder,Ordentlige boligforhold,3e901799-1124-11ef-a251-01aa75ed71a1,https://op.europa.eu/o/opportal-service/download-handler?identifier=3e901799-1124-11ef-a251-01aa75ed71a1&format=fmx4&language=da&productionSystem=cellar&part=
44,S1,da,S1,Egen arbejdsstyrke,Andre arbejdsrelaterede rettigheder,Privatlivets fred,3e901799-1124-11ef-a251-01aa75ed71a1,https://op.europa.eu/o/opportal-service/download-handler?identifier=3e901799-1124-11ef-a251-01aa75ed71a1&format=fmx4&language=da&productionSystem=cellar&part=
45,S2,da,S2,Arbejdstagere i værdikæden,Arbejdsvilkår,Sikker beskæftigelse,3e901799-1124-11ef-a251-01aa75ed71a1,https://op.europa.eu/o/opportal-service/download-handler?identifier=3e901799-1124-11ef-a251-01aa75ed71a1&format=fmx4&language=da&productionSystem=cellar&part=
46,S2,da,S2,Arbejdstagere i værdikæden,Arbejdsvilkår,Arbejdstid,3e901799-1124-11ef-a251-01aa75ed71a1,https://op.europa.eu/o/opportal-service/download-handler?identifier=3e901799-1124-11ef-a251-01aa75ed71a1&format=fmx4&language=da&productionSystem=cellar&part=
47,S2,da,S2,Arbejdstagere i værdikæden,Arbejdsvilkår,Tilstrækkelige lønninger,3e901799-1124-11ef-a251-01aa75ed71a1,https://op.europa.eu/o/opportal-service/download-handler?identifier=3e901799-1124-11ef-a251-01aa75ed71a1&format=fmx4&language=da&productionSystem=cellar&part=
48,S2,da,S2,Arbejdstagere i værdikæden,Arbejdsvilkår,Arbejdsmarkedsdialog,3e901799-1124-11ef-a251-01aa75ed71a1,https://op.europa.eu/o/opportal-service/download-handler?identifier=3e901799-1124-11ef-a251-01aa75ed71a1&format=fmx4&language=da&productionSystem=cellar&part=
49,S2,da,S2,Arbejdstagere i værdikæden,Arbejdsvilkår,"Foreningsfrihed, herunder eksistensen af samarbejdsudvalg",3e901799-1124-11ef-a251-01aa75ed71a1,https://op.europa.eu/o/opportal-service/download-handler?identifier=3e901799-1124-11ef-a251-01aa75ed71a1&format=fmx4&language=da&productionSystem=cellar&part=
50,S2,da,S2,Arbejdstagere i værdikæden,Arbejdsvilkår,Kollektive forhandlinger,3e901799-1124-11ef-a251-01aa75ed71a1,https://op.europa.eu/o/opportal-service/download-handler?identifier=3e901799-1124-11ef-a251-01aa75ed71a1&format=fmx4&language=da&productionSystem=cellar&part=
51,S2,da,S2,Arbejdstagere i værdikæden,Arbejdsvilkår,Balance mellem arbejdsliv og privatliv,3e901799-1124-11ef-a251-01aa75ed71a1,https://op.europa.eu/o/opportal-service/download-handler?identifier=3e901799-1124-11ef-a251-01aa75ed71a1&format=fmx4&language=da&productionSystem=cellar&part=
52,S2,da,S2,Arbejdstagere i værdikæden,Arbejdsvilkår,Sundhed og sikkerhed,3e901799-1124-11ef-a251-01aa75ed71a1,https://op.europa.eu/o/opportal-service/download-handler?identifier=3e901799-1124-11ef-a251-01aa75ed71a1&format=fmx4&language=da&productionSystem=cellar&part=
53,S2,da,S2,Arbejdstagere i værdikæden,"Eigebehandling og lige muligheder for alle, herunder:",Ligestilling mellem kønnene og lige løn for arbejde af samme værdi,3e901799-1124-11ef-a251-01aa75ed71a1,https://op.europa.eu/o/opportal-service/download-handler?identifier=3e901799-1124-11ef-a251-01aa75ed71a1&format=fmx4&language=da&productionSystem=cellar&part=
54,S2,da,S2,Arbejdstagere i værdikæden,"Eigebehandling og lige muligheder for alle, herunder:",Uddannelse og kompetenceudvikling,3e901799-1124-11ef-a251-01aa75ed71a1,https://op.europa.eu/o/opportal-service/download-handler?identifier=3e901799-1124-11ef-a251-01aa75ed71a1&format=fmx4&language=da&productionSystem=cellar&part=
55,S2,da,S2,Arbejdstagere i værdikæden,"Eigebehandling og lige muligheder for alle, herunder:",Beskæftigelse og inklusion af personer med handicap,3e901799-1124-11ef-a251-01aa75ed71a1,https://op.europa.eu/o/opportal-service/download-handler?identifier=3e901799-1124-11ef-a251-01aa75ed71a1&format=fmx4&language=da&productionSystem=cellar&part=
56,S2,da,S2,Arbejdstagere i værdikæden,"Eigebehandling og lige muligheder for alle, herunder:",Foranstaltninger mod vold og chikane på arbejdspladsen,3e901799-1124-11ef-a251-01aa75ed71a1,https://op.europa.eu/o/opportal-service/download-handler?identifier=3e901799-1124-11ef-a251-01aa75ed71a1&format=fmx4&language=da&productionSystem=cellar&part=
57,S2,da,S2,Arbejdstagere i værdikæden,"Eigebehandling og lige muligheder for alle, herunder:",Mangfoldighed,3e901799-1124-11ef-a251-01aa75ed71a1,https://op.europa.eu/o/opportal-service/download-handler?identifier=3e901799-1124-11ef-a251-01aa75ed71a1&format=fmx4&language=da&productionSystem=cellar&part=
58,S2,da,S2,Arbejdstagere i værdikæden,Andre arbejdsrelaterede rettigheder,Børnearbejde,3e901799-1124-11ef-a251-01aa75ed71a1,https://op.europa.eu/o/opportal-service/download-handler?identifier=3e901799-1124-11ef-a251-01aa75ed71a1&format=fmx4&language=da&productionSystem=cellar&part=
59,S2,da,S2,Arbejdstagere i værdikæden,Andre arbejdsrelaterede rettigheder,Tvangsarbejde,3e901799-1124-11ef-a251-01aa75ed71a1,https://op.europa.eu/o/opportal-service/download-handler?identifier=3e901799-1124-11ef-a251-01aa75ed71a1&format=fmx4&language=da&productionSystem=cellar&part=
60,S2,da,S2,Arbejdstagere i værdikæden,Andre arbejdsrelaterede rettigheder,Ordentlige boligforhold,3e901799-1124-11ef-a251-01aa75ed71a1,https://op.europa.eu/o/opportal-service/download-handler?identifier=3e901799-1124-11ef-a251-01aa75ed71a1&format=fmx4&language=da&productionSystem=cellar&part=
61,S2,da,S2,Arbejdstagere i værdikæden,Andre arbejdsrelaterede rettigheder,Vand og sanitet,3e901799-1124-11ef-a251-01aa75ed71a1,https://op.europa.eu/o/opportal-service/download-handler?identifier=3e901799-1124-11ef-a251-01aa75ed71a1&format=fmx4&language=da&productionSystem=cellar&part=
62,S2,da,S2,Arbejdstagere i værdikæden,Andre arbejdsrelaterede rettigheder,Privatlivets fred,3e901799-1124-11ef-a251-01aa75ed71a1,https://op.europa.eu/o/opportal-service/download-handler?identifier=3e901799-1124-11ef-a251-01aa75ed71a1&format=fmx4&language=da&productionSystem=cellar&part=
63,S3,da,S3,Berørte samfund,"Samfundenes økonomiske, sociale og kulturelle rettigheder",Ordentlige boligforhold,3e901799-1124-11ef-a251-01aa75ed71a1,https://op.europa.eu/o/opportal-service/download-handler?identifier=3e901799-1124-11ef-a251-01aa75ed71a1&format=fmx4&language=da&productionSystem=cellar&part=
64,S3,da,S3,Berørte samfund,"Samfundenes økonomiske, sociale og kulturelle rettigheder",Passende fødevarer,3e901799-1124-11ef-a251-01aa75ed71a1,https://op.europa.eu/o/opportal-service/download-handler?identifier=3e901799-1124-11ef-a251-01aa75ed71a1&format=fmx4&language=da&productionSystem=cellar&part=
65,S3,da,S3,Berørte samfund,"Samfundenes økonomiske, sociale og kulturelle rettigheder",Vand og sanitet,3e901799-1124-11ef-a251-01aa75ed71a1,https://op.europa.eu/o/opportal-service/download-handler?identifier=3e901799-1124-11ef-a251-01aa75ed71a1&format=fmx4&language=da&productionSystem=cellar&part=
66,S3,da,S3,Berørte samfund,"Samfundenes økonomiske, sociale og kulturelle rettigheder",Arealrelaterede virkninger,3e901799-1124-11ef-a251-01aa75ed71a1,https://op.europa.eu/o/opportal-service/download-handler?identifier=3e901799-1124-11ef-a251-01aa75ed71a1&format=fmx4&language=da&productionSystem=cellar&part=
67,S3,da,S3,Berørte samfund,"Samfundenes økonomiske, sociale og kulturelle rettigheder",Sikkerhedsrelaterede virkninger,3e901799-1124-11ef-a251-01aa75ed71a1,https://op.europa.eu/o/opportal-service/download-handler?identifier=3e901799-1124-11ef-a251-01aa75ed71a1&format=fmx4&language=da&productionSystem=cellar&part=
68,S3,da,S3,Berørte samfund,Fællesskabernes borgerlige og politiske rettigheder,Ytringsfrihed,3e901799-1124-11ef-a251-01aa75ed71a1,https://op.europa.eu/o/opportal-service/download-handler?identifier=3e901799-1124-11ef-a251-01aa75ed71a1&format=fmx4&language=da&productionSystem=cellar&part=
69,S3,da,S3,Berørte samfund,Fællesskabernes borgerlige og politiske rettigheder,Forsamlingsfrihed,3e901799-1124-11ef-a251-01aa75ed71a1,https://op.europa.eu/o/opportal-service/download-handler?identifier=3e901799-1124-11ef-a251-01aa75ed71a1&format=fmx4&language=da&productionSystem=cellar&part=
70,S3,da,S3,Berørte samfund,Fællesskabernes borgerlige og politiske rettigheder,Konsekvenser for menneskerettighedsforkæmpere,3e901799-1124-11ef-a251-01aa75ed71a1,https://op.europa.eu/o/opportal-service/download-handler?identifier=3e901799-1124-11ef-a251-01aa75ed71a1&format=fmx4&language=da&productionSystem=cellar&part=
71,S3,da,S3,Berørte samfund,Oprindelige folks rettigheder,"Frit, forudgående og informeret samtykke",3e901799-1124-11ef-a251-01aa75ed71a1,https://op.europa.eu/o/opportal-service/download-handler?identifier=3e901799-1124-11ef-a251-01aa75ed71a1&format=fmx4&language=da&productionSystem=cellar&part=
72,S3,da,S3,Berørte samfund,Oprindelige folks rettigheder,Selvbestemmelse,3e901799-1124-11ef-a251-01aa75ed71a1,https://op.europa.eu/o/opportal-service/download-handler?identifier=3e901799-1124-11ef-a251-01aa75ed71a1&format=fmx4&language=da&productionSystem=cellar&part=
73,S3,da,S3,Berørte samfund,Oprindelige folks rettigheder,Kulturelle rettigheder,3e901799-1124-11ef-a251-01aa75ed71a1,https://op.europa.eu/o/opportal-service/download-handler?identifier=3e901799-1124-11ef-a251-01aa75ed71a1&format=fmx4&language=da&productionSystem=cellar&part=
74,S4,da,S4,Forbrugere og slutbrugere,Informationsrelaterede virkninger for forbrugere og/eller slutbrugere,Privatlivets fred,3e901799-1124-11ef-a251-01aa75ed71a1,https://op.europa.eu/o/opportal-service/download-handler?identifier=3e901799-1124-11ef-a251-01aa75ed71a1&format=fmx4&language=da&productionSystem=cellar&part=
75,S4,da,S4,Forbrugere og slutbrugere,Informationsrelaterede virkninger for forbrugere og/eller slutbrugere,Ytringsfrihed,3e901799-1124-11ef-a251-01aa75ed71a1,https://op.europa.eu/o/opportal-service/download-handler?identifier=3e901799-1124-11ef-a251-01aa75ed71a1&format=fmx4&language=da&productionSystem=cellar&part=
76,S4,da,S4,Forbrugere og slutbrugere,Informationsrelaterede virkninger for forbrugere og/eller slutbrugere,Adgang til (kvalitets-)oplysninger,3e901799-1124-11ef-a251-01aa75ed71a1,https://op.europa.eu/o/opportal-service/download-handler?identifier=3e901799-1124-11ef-a251-01aa75ed71a1&format=fmx4&language=da&productionSystem=cellar&part=
77,S4,da,S4,Forbrugere og slutbrugere,Forbrugernes og/eller slutbrugernes personlige sikkerhed,Sundhed og sikkerhed,3e901799-1124-11ef-a251-01aa75ed71a1,https://op.europa.eu/o/opportal-service/download-handler?identifier=3e901799-1124-11ef-a251-01aa75ed71a1&format=fmx4&language=da&productionSystem=cellar&part=
78,S4,da,S4,Forbrugere og slutbrugere,Forbrugernes og/eller slutbrugernes personlige sikkerhed,En persons sikkerhed,3e901799-1124-11ef-a251-01aa75ed71a1,https://op.europa.eu/o/opportal-service/download-handler?identifier=3e901799-1124-11ef-a251-01aa75ed71a1&format=fmx4&language=da&productionSystem=cellar&part=
79,S4,da,S4,Forbrugere og slutbrugere,Forbrugernes og/eller slutbrugernes personlige sikkerhed,Beskyttelse af børn,3e901799-1124-11ef-a251-01aa75ed71a1,https://op.europa.eu/o/opportal-service/download-handler?identifier=3e901799-1124-11ef-a251-01aa75ed71a1&format=fmx4&language=da&productionSystem=cellar&part=
80,S4,da,S4,Forbrugere og slutbrugere,Social inklusion af forbrugere og/eller slutbrugere,Ikkeforskelsbehandling,3e901799-1124-11ef-a251-01aa75ed71a1,https://op.europa.eu/o/opportal-service/download-handler?identifier=3e901799-1124-11ef-a251-01aa75ed71a1&format=fmx4&language=da&productionSystem=cellar&part=
81,S4,da,S4,Forbrugere og slutbrugere,Social inklusion af forbrugere og/eller slutbrugere,Adgang til produkter og tjenester,3e901799-1124-11ef-a251-01aa75ed71a1,https://op.europa.eu/o/opportal-service/download-handler?identifier=3e901799-1124-11ef-a251-01aa75ed71a1&format=fmx4&language=da&productionSystem=cellar&part=
82,S4,da,S4,Forbrugere og slutbrugere,Social inklusion af forbrugere og/eller slutbrugere,Ansvarlig markedsføringspraksis,3e901799-1124-11ef-a251-01aa75ed71a1,https://op.europa.eu/o/opportal-service/download-handler?identifier=3e901799-1124-11ef-a251-01aa75ed71a1&format=fmx4&language=da&productionSystem=cellar&part=
83,G1,da,G1,Virksomhedernes adfærd,Virksomhedskultur,,3e901799-1124-11ef-a251-01aa75ed71a1,https://op.europa.eu/o/opportal-service/download-handler?identifier=3e901799-1124-11ef-a251-01aa75ed71a1&format=fmx4&language=da&productionSystem=cellar&part=
84,G1,da,G1,Virksomhedernes adfærd,Beskyttelse af whistleblowere,,3e901799-1124-11ef-a251-01aa75ed71a1,https://op.europa.eu/o/opportal-service/download-handler?identifier=3e901799-1124-11ef-a251-01aa75ed71a1&format=fmx4&language=da&productionSystem=cellar&part=
85,G1,da,G1,Virksomhedernes adfærd,Dyrevelfærd,,3e901799-1124-11ef-a251-01aa75ed71a1,https://op.europa.eu/o/opportal-service/download-handler?identifier=3e901799-1124-11ef-a251-01aa75ed71a1&format=fmx4&language=da&productionSystem=cellar&part=
86,G1,da,G1,Virksomhedernes adfærd,Politisk engagement og lobbyvirksomhed,,3e901799-1124-11ef-a251-01aa75ed71a1,https://op.europa.eu/o/opportal-service/download-handler?identifier=3e901799-1124-11ef-a251-01aa75ed71a1&format=fmx4&language=da&productionSystem=cellar&part=
87,G1,da,G1,Virksomhedernes adfærd,"Forvaltning af forbindelser med leverandører, herunder betalingspraksis",,3e901799-1124-11ef-a251-01aa75ed71a1,https://op.europa.eu/o/opportal-service/download-handler?identifier=3e901799-1124-11ef-a251-01aa75ed71a1&format=fmx4&language=da&productionSystem=cellar&part=
88,G1,da,G1,Virksomhedernes adfærd,Korruption og bestikkelse,"Forebyggelse og opdagelse, herunder uddannelse",3e901799-1124-11ef-a251-01aa75ed71a1,https://op.europa.eu/o/opportal-service/download-handler?identifier=3e901799-1124-11ef-a251-01aa75ed71a1&format=fmx4&language=da&productionSystem=cellar&part=
89,G1,da,G1,Virksomhedernes adfærd,Korruption og bestikkelse,Hændelser,3e901799-1124-11ef-a251-01aa75ed71a1,https://op.europa.eu/o/opportal-service/download-handler?identifier=3e901799-1124-11ef-a251-01aa75ed71a1&format=fmx4&language=da&productionSystem=cellar&part=
1,E1,de,E1,Klima-wandel,Anpassung an den Klimawandel,,3e901799-1124-11ef-a251-01aa75ed71a1,https://op.europa.eu/o/opportal-service/download-handler?identifier=3e901799-1124-11ef-a251-01aa75ed71a1&format=fmx4&language=de&productionSystem=cellar&part=
2,E1,de,E1,Klima-wandel,Klimaschutz,,3e901799-1124-11ef-a251-01aa75ed71a1,https://op.europa.eu/o/opportal-service/download-handler?identifier=3e901799-1124-11ef-a251-01aa75ed71a1&format=fmx4&language=de&productionSystem=cellar&part=
3,E1,de,E1,Klima-wandel,Energie,,3e901799-1124-11ef-a251-01aa75ed71a1,https://op.europa.eu/o/opportal-service/download-handler?identifier=3e901799-1124-11ef-a251-01aa75ed71a1&format=fmx4&language=de&productionSystem=cellar&part=
4,E2,de,E2,Umwelt-ver-schmutzung,Luftverschmutzung,,3e901799-1124-11ef-a251-01aa75ed71a1,https://op.europa.eu/o/opportal-service/download-handler?identifier=3e901799-1124-11ef-a251-01aa75ed71a1&format=fmx4&language=de&productionSystem=cellar&part=
5,E2,de,E2,Umwelt-ver-schmutzung,Wasserverschmutzung,,3e901799-1124-11ef-a251-01aa75ed71a1,https://op.europa.eu/o/opportal-service/download-handler?identifier=3e901799-1124-11ef-a251-01aa75ed71a1&format=fmx4&language=de&productionSystem=cellar&part=
6,E2,de,E2,Umwelt-ver-schmutzung,Bodenverschmutzung,,3e901799-1124-11ef-a251-01aa75ed71a1,https://op.europa.eu/o/opportal-service/download-handler?identifier=3e901799-1124-11ef-a251-01aa75ed71a1&format=fmx4&language=de&productionSystem=cellar&part=
7,E2,de,E2,Umwelt-ver-schmutzung,Verschmutzung von lebenden Organismen und Nahrungsressourcen,,3e901799-1124-11ef-a251-01aa75ed71a1,https://op.europa.eu/o/opportal-service/download-handler?identifier=3e901799-1124-11ef-a251-01aa75ed71a1&format=fmx4&language=de&productionSystem=cellar&part=
8,E2,de,E2,Umwelt-ver-schmutzung,Besorgniserregende Stoffe,,3e901799-1124-11ef-a251-01aa75ed71a1,https://op.europa.eu/o/opportal-service/download-handler?identifier=3e901799-1124-11ef-a251-01aa75ed71a1&format=fmx4&language=de&productionSystem=cellar&part=
9,E2,de,E2,Umwelt-ver-schmutzung,Besonders besorgniserregende Stoffe,,3e901799-1124-11ef-a251-01aa75ed71a1,https://op.europa.eu/o/opportal-service/download-handler?identifier=3e901799-1124-11ef-a251-01aa75ed71a1&format=fmx4&language=de&productionSystem=cellar&part=
10,E2,de,E2,Umwelt-ver-schmutzung,Mikroplastik,,3e901799-1124-11ef-a251-01aa75ed71a1,https://op.europa.eu/o/opportal-service/download-handler?identifier=3e901799-1124-11ef-a251-01aa75ed71a1&format=fmx4&language=de&productionSystem=cellar&part=
11,E3,de,E3,Wasser- und Meeres-ressourcen,Wasser,Wasserverbrauch,3e901799-1124-11ef-a251-01aa75ed71a1,https://op.europa.eu/o/opportal-service/download-handler?identifier=3e901799-1124-11ef-a251-01aa75ed71a1&format=fmx4&language=de&productionSystem=cellar&part=
12,E3,de,E3,Wasser- und Meeres-ressourcen,Wasser,Wasserentnahme,3e901799-1124-11ef-a251-01aa75ed71a1,https://op.europa.eu/o/opportal-service/download-handler?identifier=3e901799-1124-11ef-a251-01aa75ed71a1&format=fmx4&language=de&productionSystem=cellar&part=
13,E3,de,E3,Wasser- und Meeres-ressourcen,Wasser,Ableitung von Wasser,3e901799-1124-11ef-a251-01aa75ed71a1,https://op.europa.eu/o/opportal-service/download-handler?identifier=3e901799-1124-11ef-a251-01aa75ed71a1&format=fmx4&language=de&productionSystem=cellar&part=
14,E3,de,E3,Wasser- und Meeres-ressourcen,Wasser,Ableitung von Wasser in die Ozeane,3e901799-1124-11ef-a251-01aa75ed71a1,https://op.europa.eu/o/opportal-service/download-handler?identifier=3e901799-1124-11ef-a251-01aa75ed71a1&format=fmx4&language=de&productionSystem=cellar&part=
15,E3,de,E3,Wasser- und Meeres-ressourcen,Meeresressourcen,Gewinnung und Nutzung von Meeresressourcen,3e901799-1124-11ef-a251-01aa75ed71a1,https://op.europa.eu/o/opportal-service/download-handler?identifier=3e901799-1124-11ef-a251-01aa75ed71a1&format=fmx4&language=de&productionSystem=cellar&part=
16,E4,de,E4,Biologische Vielfalt und Ökosysteme,Direkte Ursachen des Biodiversitätsverlusts,Klimawandel,3e901799-1124-11ef-a251-01aa75ed71a1,https://op.europa.eu/o/opportal-service/download-handler?identifier=3e901799-1124-11ef-a251-01aa75ed71a1&format=fmx4&language=de&productionSystem=cellar&part=
17,E4,de,E4,Biologische Vielfalt und Ökosysteme,Direkte Ursachen des Biodiversitätsverlusts,"Landnutzungsänderungen, Süßwasser- und Meeresnutzungsänderungen",3e901799-1124-11ef-a251-01aa75ed71a1,https://op.europa.eu/o/opportal-service/download-handler?identifier=3e901799-1124-11ef-a251-01aa75ed71a1&format=fmx4&language=de&productionSystem=cellar&part=
18,E4,de,E4,Biologische Vielfalt und Ökosysteme,Direkte Ursachen des Biodiversitätsverlusts,Direkte Ausbeutung,3e901799-1124-11ef-a251-01aa75ed71a1,https://op.europa.eu/o/opportal-service/download-handler?identifier=3e901799-1124-11ef-a251-01aa75ed71a1&format=fmx4&language=de&productionSystem=cellar&part=
19,E4,de,E4,Biologische Vielfalt und Ökosysteme,Direkte Ursachen des Biodiversitätsverlusts,Invasive gebietsfremde Arten,3e901799-1124-11ef-a251-01aa75ed71a1,https://op.europa.eu/o/opportal-service/download-handler?identifier=3e901799-1124-11ef-a251-01aa75ed71a1&format=fmx4&language=de&productionSystem=cellar&part=
20,E4,de,E4,Biologische Vielfalt und Ökosysteme,Direkte Ursachen des Biodiversitätsverlusts,Umweltverschmutzung,3e901799-1124-11ef-a251-01aa75ed71a1,https://op.europa.eu/o/opportal-service/download-handler?identifier=3e901799-1124-11ef-a251-01aa75ed71a1&format=fmx4&language=de&productionSystem=cellar&part=
21,E4,de,E4,Biologische Vielfalt und Ökosysteme,Direkte Ursachen des Biodiversitätsverlusts,Sonstige,3e901799-1124-11ef-a251-01aa75ed71a1,https://op.europa.eu/o/opportal-service/download-handler?identifier=3e901799-1124-11ef-a251-01aa75ed71a1&format=fmx4&language=de&productionSystem=cellar&part=
22,E4,de,E4,Biologische Vielfalt und Ökosysteme,Auswirkungen auf den Zustand der Arten,,3e901799-1124-11ef-a251-01aa75ed71a1,https://op.europa.eu/o/opportal-service/download-handler?identifier=3e901799-1124-11ef-a251-01aa75ed71a1&format=fmx4&language=de&productionSystem=cellar&part=
23,E4,de,E4,Biologische Vielfalt und Ökosysteme,Auswirkungen auf den Umfang und den Zustand von Ökosystemen,,3e901799-1124-11ef-a251-01aa75ed71a1,https://op.europa.eu/o/opportal-service/download-handler?identifier=3e901799-1124-11ef-a251-01aa75ed71a1&format=fmx4&language=de&productionSystem=cellar&part=
24,E4,de,E4,Biologische Vielfalt und Ökosysteme,Auswirkungen und Abhängigkeiten von Ökosystemdienstleistungen,,3e901799-1124-11ef-a251-01aa75ed71a1,https://op.europa.eu/o/opportal-service/download-handler?identifier=3e901799-1124-11ef-a251-01aa75ed71a1&format=fmx4&language=de&productionSystem=cellar&part=
25,E5,de,E5,Kreislaufwirt-schaft,"Ressourcenzuflüsse, einschließlich Ressourcennutzung",,3e901799-1124-11ef-a251-01aa75ed71a1,https://op.europa.eu/o/opportal-service/download-handler?identifier=3e901799-1124-11ef-a251-01aa75ed71a1&format=fmx4&language=de&productionSystem=cellar&part=
26,E5,de,E5,Kreislaufwirt-schaft,Ressourcenabflüsse im Zusammenhang mit Produkten und Dienstleistungen,,3e901799-1124-11ef-a251-01aa75ed71a1,https://op.europa.eu/o/opportal-service/download-handler?identifier=3e901799-1124-11ef-a251-01aa75ed71a1&format=fmx4&language=de&productionSystem=cellar&part=
27,E5,de,E5,Kreislaufwirt-schaft,Abfälle,,3e901799-1124-11ef-a251-01aa75ed71a1,https://op.europa.eu/o/opportal-service/download-handler?identifier=3e901799-1124-11ef-a251-01aa75ed71a1&format=fmx4&language=de&productionSystem=cellar&part=
28,S1,de,S1,Eigene Belegschaft,Arbeitsbedingungen,Sichere Beschäftigung,3e901799-1124-11ef-a251-01aa75ed71a1,https://op.europa.eu/o/opportal-service/download-handler?identifier=3e901799-1124-11ef-a251-01aa75ed71a1&format=fmx4&language=de&productionSystem=cellar&part=
29,S1,de,S1,Eigene Belegschaft,Arbeitsbedingungen,Arbeitszeit,3e901799-1124-11ef-a251-01aa75ed71a1,https://op.europa.eu/o/opportal-service/download-handler?identifier=3e901799-1124-11ef-a251-01aa75ed71a1&format=fmx4&language=de&productionSystem=cellar&part=
30,S1,de,S1,Eigene Belegschaft,Arbeitsbedingungen,Angemessene Entlohnung,3e901799-1124-11ef-a251-01aa75ed71a1,https://op.europa.eu/o/opportal-service/download-handler?identifier=3e901799-1124-11ef-a251-01aa75ed71a1&format=fmx4&language=de&productionSystem=cellar&part=
31,S1,de,S1,Eigene Belegschaft,Arbeitsbedingungen,Sozialer Dialog,3e901799-1124-11ef-a251-01aa75ed71a1,https://op.europa.eu/o/opportal-service/download-handler?identifier=3e901799-1124-11ef-a251-01aa75ed71a1&format=fmx4&language=de&productionSystem=cellar&part=
32,S1,de,S1,Eigene Belegschaft,Arbeitsbedingungen,"Vereinigungsfreiheit, Existenz von Betriebsräten und Rechte der Arbeitnehmer auf Information, Anhörung und Mitbestimmung",3e901799-1124-11ef-a251-01aa75ed71a1,https://op.europa.eu/o/opportal-service/download-handler?identifier=3e901799-1124-11ef-a251-01aa75ed71a1&format=fmx4&language=de&productionSystem=cellar&part=
33,S1,de,S1,Eigene Belegschaft,Arbeitsbedingungen,"Tarifverhandlungen, einschließlich der Quote der durch Tarifverträge abgedeckten Arbeitskräften",3e901799-1124-11ef-a251-01aa75ed71a1,https://op.europa.eu/o/opportal-service/download-handler?identifier=3e901799-1124-11ef-a251-01aa75ed71a1&format=fmx4&language=de&productionSystem=cellar&part=
34,S1,de,S1,Eigene Belegschaft,Arbeitsbedingungen,Vereinbarkeit von Berufs- und Privatleben,3e901799-1124-11ef-a251-01aa75ed71a1,https://op.europa.eu/o/opportal-service/download-handler?identifier=3e901799-1124-11ef-a251-01aa75ed71a1&format=fmx4&language=de&productionSystem=cellar&part=
35,S1,de,S1,Eigene Belegschaft,Arbeitsbedingungen,Gesundheitsschutz und Sicherheit,3e901799-1124-11ef-a251-01aa75ed71a1,https://op.europa.eu/o/opportal-service/download-handler?identifier=3e901799-1124-11ef-a251-01aa75ed71a1&format=fmx4&language=de&productionSystem=cellar&part=
36,S1,de,S1,Eigene Belegschaft,Gleichbehandlung und Chancengleichheit für alle,Gleichstellung der Geschlechter und gleicher Lohn für gleiche Arbeit,3e901799-1124-11ef-a251-01aa75ed71a1,https://op.europa.eu/o/opportal-service/download-handler?identifier=3e901799-1124-11ef-a251-01aa75ed71a1&format=fmx4&language=de&productionSystem=cellar&part=
37,S1,de,S1,Eigene Belegschaft,Gleichbehandlung und Chancengleichheit für alle,Schulungen und Kompetenzentwicklung,3e901799-1124-11ef-a251-01aa75ed71a1,https://op.europa.eu/o/opportal-service/download-handler?identifier=3e901799-1124-11ef-a251-01aa75ed71a1&format=fmx4&language=de&productionSystem=cellar&part=
38,S1,de,S1,Eigene Belegschaft,Gleichbehandlung und Chancengleichheit für alle,Beschäftigung und Inklusion von Menschen mit Behinderungen,3e901799-1124-11ef-a251-01aa75ed71a1,https://op.europa.eu/o/opportal-service/download-handler?identifier=3e901799-1124-11ef-a251-01aa75ed71a1&format=fmx4&language=de&productionSystem=cellar&part=
39,S1,de,S1,Eigene Belegschaft,Gleichbehandlung und Chancengleichheit für alle,Maßnahmen gegen Gewalt und Belästigung am Arbeitsplatz,3e901799-1124-11ef-a251-01aa75ed71a1,https://op.europa.eu/o/opportal-service/download-handler?identifier=3e901799-1124-11ef-a251-01aa75ed71a1&format=fmx4&language=de&productionSystem=cellar&part=
40,S1,de,S1,Eigene Belegschaft,Gleichbehandlung und Chancengleichheit für alle,Vielfalt,3e901799-1124-11ef-a251-01aa75ed71a1,https://op.europa.eu/o/opportal-service/download-handler?identifier=3e901799-1124-11ef-a251-01aa75ed71a1&format=fmx4&language=de&productionSystem=cellar&part=
41,S1,de,S1,Eigene Belegschaft,Sonstige arbeitsbezogene Rechte,Kinderarbeit,3e901799-1124-11ef-a251-01aa75ed71a1,https://op.europa.eu/o/opportal-service/download-handler?identifier=3e901799-1124-11ef-a251-01aa75ed71a1&format=fmx4&language=de&productionSystem=cellar&part=
42,S1,de,S1,Eigene Belegschaft,Sonstige arbeitsbezogene Rechte,Zwangsarbeit,3e901799-1124-11ef-a251-01aa75ed71a1,https://op.europa.eu/o/opportal-service/download-handler?identifier=3e901799-1124-11ef-a251-01aa75ed71a1&format=fmx4&language=de&productionSystem=cellar&part=
43,S1,de,S1,Eigene Belegschaft,Sonstige arbeitsbezogene Rechte,Angemessene Unterbringung,3e901799-1124-11ef-a251-01aa75ed71a1,https://op.europa.eu/o/opportal-service/download-handler?identifier=3e901799-1124-11ef-a251-01aa75ed71a1&format=fmx4&language=de&productionSystem=cellar&part=
44,S1,de,S1,Eigene Belegschaft,Sonstige arbeitsbezogene Rechte,Datenschutz,3e901799-1124-11ef-a251-01aa75ed71a1,https://op.europa.eu/o/opportal-service/download-handler?identifier=3e901799-1124-11ef-a251-01aa75ed71a1&format=fmx4&language=de&productionSystem=cellar&part=
45,S2,de,S2,Arbeitskräfte in der Wert-schöpfungs-kette,Arbeitsbedingungen,Sichere Beschäftigung,3e901799-1124-11ef-a251-01aa75ed71a1,https://op.europa.eu/o/opportal-service/download-handler?identifier=3e901799-1124-11ef-a251-01aa75ed71a1&format=fmx4&language=de&productionSystem=cellar&part=
46,S2,de,S2,Arbeitskräfte in der Wert-schöpfungs-kette,Arbeitsbedingungen,Arbeitszeit,3e901799-1124-11ef-a251-01aa75ed71a1,https://op.europa.eu/o/opportal-service/download-handler?identifier=3e901799-1124-11ef-a251-01aa75ed71a1&format=fmx4&language=de&productionSystem=cellar&part=
47,S2,de,S2,Arbeitskräfte in der Wert-schöpfungs-kette,Arbeitsbedingungen,Angemessene Entlohnung,3e901799-1124-11ef-a251-01aa75ed71a1,https://op.europa.eu/o/opportal-service/download-handler?identifier=3e901799-1124-11ef-a251-01aa75ed71a1&format=fmx4&language=de&productionSystem=cellar&part=
48,S2,de,S2,Arbeitskräfte in der Wert-schöpfungs-kette,Arbeitsbedingungen,Sozialer Dialog,3e901799-1124-11ef-a251-01aa75ed71a1,https://op.europa.eu/o/opportal-service/download-handler?identifier=3e901799-1124-11ef-a251-01aa75ed71a1&format=fmx4&language=de&productionSystem=cellar&part=
49,S2,de,S2,Arbeitskräfte in der Wert-schöpfungs-kette,Arbeitsbedingungen,"Vereinigungsfreiheit, einschließlich der Existenz von Betriebsräten",3e901799-1124-11ef-a251-01aa75ed71a1,https://op.europa.eu/o/opportal-service/download-handler?identifier=3e901799-1124-11ef-a251-01aa75ed71a1&format=fmx4&language=de&productionSystem=cellar&part=
50,S2,de,S2,Arbeitskräfte in der Wert-schöpfungs-kette,Arbeitsbedingungen,Tarifverhandlungen,3e901799-1124-11ef-a251-01aa75ed71a1,https://op.europa.eu/o/opportal-service/download-handler?identifier=3e901799-1124-11ef-a251-01aa75ed71a1&format=fmx4&language=de&productionSystem=cellar&part=
51,S2,de,S2,Arbeitskräfte in der Wert-schöpfungs-kette,Arbeitsbedingungen,Vereinbarkeit von Berufs- und Privatleben,3e901799-1124-11ef-a251-01aa75ed71a1,https://op.europa.eu/o/opportal-service/download-handler?identifier=3e901799-1124-11ef-a251-01aa75ed71a1&format=fmx4&language=de&productionSystem=cellar&part=
52,S2,de,S2,Arbeitskräfte in der Wert-schöpfungs-kette,Arbeitsbedingungen,Gesundheitsschutz und Sicherheit,3e901799-1124-11ef-a251-01aa75ed71a1,https://op.europa.eu/o/opportal-service/download-handler?identifier=3e901799-1124-11ef-a251-01aa75ed71a1&format=fmx4&language=de&productionSystem=cellar&part=
53,S2,de,S2,Arbeitskräfte in der Wert-schöpfungs-kette,Gleichbehandlung und Chancengleichheit für alle,Gleichstellung der Geschlechter und gleicher Lohn für gleiche Arbeit,3e901799-1124-11ef-a251-01aa75ed71a1,https://op.europa.eu/o/opportal-service/download-handler?identifier=3e901799-1124-11ef-a251-01aa75ed71a1&format=fmx4&language=de&productionSystem=cellar&part=
54,S2,de,S2,Arbeitskräfte in der Wert-schöpfungs-kette,Gleichbehandlung und Chancengleichheit für alle,Schulungen und Kompetenzentwicklung,3e901799-1124-11ef-a251-01aa75ed71a1,https://op.europa.eu/o/opportal-service/download-handler?identifier=3e901799-1124-11ef-a251-01aa75ed71a1&format=fmx4&language=de&productionSystem=cellar&part=
55,S2,de,S2,Arbeitskräfte in der Wert-schöpfungs-kette,Gleichbehandlung und Chancengleichheit für alle,Beschäftigung und Inklusion von Menschen mit Behinderungen,3e901799-1124-11ef-a251-01aa75ed71a1,https://op.europa.eu/o/opportal-service/download-handler?identifier=3e901799-1124-11ef-a251-01aa75ed71a1&format=fmx4&language=de&productionSystem=cellar&part=
56,S2,de,S2,Arbeitskräfte in der Wert-schöpfungs-kette,Gleichbehandlung und Chancengleichheit für alle,Maßnahmen gegen Gewalt und Belästigung am Arbeitsplatz,3e901799-1124-11ef-a251-01aa75ed71a1,https://op.europa.eu/o/opportal-service/download-handler?identifier=3e901799-1124-11ef-a251-01aa75ed71a1&format=fmx4&language=de&productionSystem=cellar&part=
57,S2,de,S2,Arbeitskräfte in der Wert-schöpfungs-kette,Gleichbehandlung und Chancengleichheit für alle,Vielfalt,3e901799-1124-11ef-a251-01aa75ed71a1,https://op.europa.eu/o/opportal-service/download-handler?identifier=3e901799-1124-11ef-a251-01aa75ed71a1&format=fmx4&language=de&productionSystem=cellar&part=
58,S2,de,S2,Arbeitskräfte in der Wert-schöpfungs-kette,Sonstige arbeitsbezogene Rechte,Kinderarbeit,3e901799-1124-11ef-a251-01aa75ed71a1,https://op.europa.eu/o/opportal-service/download-handler?identifier=3e901799-1124-11ef-a251-01aa75ed71a1&format=fmx4&language=de&productionSystem=cellar&part=
59,S2,de,S2,Arbeitskräfte in der Wert-schöpfungs-kette,Sonstige arbeitsbezogene Rechte,Zwangsarbeit,3e901799-1124-11ef-a251-01aa75ed71a1,https://op.europa.eu/o/opportal-service/download-handler?identifier=3e901799-1124-11ef-a251-01aa75ed71a1&format=fmx4&language=de&productionSystem=cellar&part=
60,S2,de,S2,Arbeitskräfte in der Wert-schöpfungs-kette,Sonstige arbeitsbezogene Rechte,Angemessene Unterbringung,3e901799-1124-11ef-a251-01aa75ed71a1,https://op.europa.eu/o/opportal-service/download-handler?identifier=3e901799-1124-11ef-a251-01aa75ed71a1&format=fmx4&language=de&productionSystem=cellar&part=
61,S2,de,S2,Arbeitskräfte in der Wert-schöpfungs-kette,Sonstige arbeitsbezogene Rechte,Wasser- und Sanitäreinrichtungen,3e901799-1124-11ef-a251-01aa75ed71a1,https://op.europa.eu/o/opportal-service/download-handler?identifier=3e901799-1124-11ef-a251-01aa75ed71a1&format=fmx4&language=de&productionSystem=cellar&part=
62,S2,de,S2,Arbeitskräfte in der Wert-schöpfungs-kette,Sonstige arbeitsbezogene Rechte,Datenschutz,3e901799-1124-11ef-a251-01aa75ed71a1,https://op.europa.eu/o/opportal-service/download-handler?identifier=3e901799-1124-11ef-a251-01aa75ed71a1&format=fmx4&language=de&productionSystem=cellar&part=
63,S3,de,S3,Betroffene Gemein-schaften,"Wirtschaftliche, soziale und kulturelle Rechte von Gemeinschaften",Angemessene Unterbringung,3e901799-1124-11ef-a251-01aa75ed71a1,https://op.europa.eu/o/opportal-service/download-handler?identifier=3e901799-1124-11ef-a251-01aa75ed71a1&format=fmx4&language=de&productionSystem=cellar&part=
64,S3,de,S3,Betroffene Gemein-schaften,"Wirtschaftliche, soziale und kulturelle Rechte von Gemeinschaften",Angemessene Ernährung,3e901799-1124-11ef-a251-01aa75ed71a1,https://op.europa.eu/o/opportal-service/download-handler?identifier=3e901799-1124-11ef-a251-01aa75ed71a1&format=fmx4&language=de&productionSystem=cellar&part=
65,S3,de,S3,Betroffene Gemein-schaften,"Wirtschaftliche, soziale und kulturelle Rechte von Gemeinschaften",Wasser- und Sanitäreinrichtungen,3e901799-1124-11ef-a251-01aa75ed71a1,https://op.europa.eu/o/opportal-service/download-handler?identifier=3e901799-1124-11ef-a251-01aa75ed71a1&format=fmx4&language=de&productionSystem=cellar&part=
66,S3,de,S3,Betroffene Gemein-schaften,"Wirtschaftliche, soziale und kulturelle Rechte von Gemeinschaften",Bodenbezogene Auswirkungen,3e901799-1124-11ef-a251-01aa75ed71a1,https://op.europa.eu/o/opportal-service/download-handler?identifier=3e901799-1124-11ef-a251-01aa75ed71a1&format=fmx4&language=de&productionSystem=cellar&part=
67,S3,de,S3,Betroffene Gemein-schaften,"Wirtschaftliche, soziale und kulturelle Rechte von Gemeinschaften",Sicherheitsbezogene Auswirkungen,3e901799-1124-11ef-a251-01aa75ed71a1,https://op.europa.eu/o/opportal-service/download-handler?identifier=3e901799-1124-11ef-a251-01aa75ed71a1&format=fmx4&language=de&productionSystem=cellar&part=
68,S3,de,S3,Betroffene Gemein-schaften,Bürgerrechte und politische Rechte von Gemeinschaften,Meinungsfreiheit,3e901799-1124-11ef-a251-01aa75ed71a1,https://op.europa.eu/o/opportal-service/download-handler?identifier=3e901799-1124-11ef-a251-01aa75ed71a1&format=fmx4&language=de&productionSystem=cellar&part=
69,S3,de,S3,Betroffene Gemein-schaften,Bürgerrechte und politische Rechte von Gemeinschaften,Versammlungsfreiheit,3e901799-1124-11ef-a251-01aa75ed71a1,https://op.europa.eu/o/opportal-service/download-handler?identifier=3e901799-1124-11ef-a251-01aa75ed71a1&format=fmx4&language=de&productionSystem=cellar&part=
70,S3,de,S3,Betroffene Gemein-schaften,Bürgerrechte und politische Rechte von Gemeinschaften,Auswirkungen auf Menschenrechtsverteidiger,3e901799-1124-11ef-a251-01aa75ed71a1,https://op.europa.eu/o/opportal-service/download-handler?identifier=3e901799-1124-11ef-a251-01aa75ed71a1&format=fmx4&language=de&productionSystem=cellar&part=
71,S3,de,S3,Betroffene Gemein-schaften,Rechte indigener Völker,Freiwillige und in Kenntnis der Sachlage erteilte vorherige Zustimmung,3e901799-1124-11ef-a251-01aa75ed71a1,https://op.europa.eu/o/opportal-service/download-handler?identifier=3e901799-1124-11ef-a251-01aa75ed71a1&format=fmx4&language=de&productionSystem=cellar&part=
72,S3,de,S3,Betroffene Gemein-schaften,Rechte indigener Völker,Selbstbestimmung,3e901799-1124-11ef-a251-01aa75ed71a1,https://op.europa.eu/o/opportal-service/download-handler?identifier=3e901799-1124-11ef-a251-01aa75ed71a1&format=fmx4&language=de&productionSystem=cellar&part=
73,S3,de,S3,Betroffene Gemein-schaften,Rechte indigener Völker,Kulturelle Rechte,3e901799-1124-11ef-a251-01aa75ed71a1,https://op.europa.eu/o/opportal-service/download-handler?identifier=3e901799-1124-11ef-a251-01aa75ed71a1&format=fmx4&language=de&productionSystem=cellar&part=
74,S4,de,S4,Verbraucher und End-nutzer,Informationsbezogene Auswirkungen für Verbraucher und/oder Endnutzer,Datenschutz,3e901799-1124-11ef-a251-01aa75ed71a1,https://op.europa.eu/o/opportal-service/download-handler?identifier=3e901799-1124-11ef-a251-01aa75ed71a1&format=fmx4&language=de&productionSystem=cellar&part=
75,S4,de,S4,Verbraucher und End-nutzer,Informationsbezogene Auswirkungen für Verbraucher und/oder Endnutzer,Meinungsfreiheit,3e901799-1124-11ef-a251-01aa75ed71a1,https://op.europa.eu/o/opportal-service/download-handler?identifier=3e901799-1124-11ef-a251-01aa75ed71a1&format=fmx4&language=de&productionSystem=cellar&part=
76,S4,de,S4,Verbraucher und End-nutzer,Informationsbezogene Auswirkungen für Verbraucher und/oder Endnutzer,Zugang zu (hochwertigen) Informationen,3e901799-1124-11ef-a251-01aa75ed71a1,https://op.europa.eu/o/opportal-service/download-handler?identifier=3e901799-1124-11ef-a251-01aa75ed71a1&format=fmx4&language=de&productionSystem=cellar&part=
77,S4,de,S4,Verbraucher und End-nutzer,Persönliche Sicherheit von Verbrauchern und/oder Endnutzern,Gesundheitsschutz und Sicherheit,3e901799-1124-11ef-a251-01aa75ed71a1,https://op.europa.eu/o/opportal-service/download-handler?identifier=3e901799-1124-11ef-a251-01aa75ed71a1&format=fmx4&language=de&productionSystem=cellar&part=
78,S4,de,S4,Verbraucher und End-nutzer,Persönliche Sicherheit von Verbrauchern und/oder Endnutzern,Persönliche Sicherheit,3e901799-1124-11ef-a251-01aa75ed71a1,https://op.europa.eu/o/opportal-service/download-handler?identifier=3e901799-1124-11ef-a251-01aa75ed71a1&format=fmx4&language=de&productionSystem=cellar&part=
79,S4,de,S4,Verbraucher und End-nutzer,Persönliche Sicherheit von Verbrauchern und/oder Endnutzern,Kinderschutz,3e901799-1124-11ef-a251-01aa75ed71a1,https://op.europa.eu/o/opportal-service/download-handler?identifier=3e901799-1124-11ef-a251-01aa75ed71a1&format=fmx4&language=de&productionSystem=cellar&part=
80,S4,de,S4,Verbraucher und End-nutzer,Soziale Inklusion von Verbrauchern und/oder Endnutzern,Nichtdiskriminierung,3e901799-1124-11ef-a251-01aa75ed71a1,https://op.europa.eu/o/opportal-service/download-handler?identifier=3e901799-1124-11ef-a251-01aa75ed71a1&format=fmx4&language=de&productionSystem=cellar&part=
81,S4,de,S4,Verbraucher und End-nutzer,Soziale Inklusion von Verbrauchern und/oder Endnutzern,Zugang zu Produkten und Dienstleistungen,3e901799-1124-11ef-a251-01aa75ed71a1,https://op.europa.eu/o/opportal-service/download-handler?identifier=3e901799-1124-11ef-a251-01aa75ed71a1&format=fmx4&language=de&productionSystem=cellar&part=
82,S4,de,S4,Verbraucher und End-nutzer,Soziale Inklusion von Verbrauchern und/oder Endnutzern,Verantwortliche Vermarktungspraktiken,3e901799-1124-11ef-a251-01aa75ed71a1,https://op.europa.eu/o/opportal-service/download-handler?identifier=3e901799-1124-11ef-a251-01aa75ed71a1&format=fmx4&language=de&productionSystem=cellar&part=
83,G1,de,G1,Unter-nehmens-politik,Unternehmenskultur,,3e901799-1124-11ef-a251-01aa75ed71a1,https://op.europa.eu/o/opportal-service/download-handler?identifier=3e901799-1124-11ef-a251-01aa75ed71a1&format=fmx4&language=de&productionSystem=cellar&part=
84,G1,de,G1,Unter-nehmens-politik,Schutz von Hinweisgebern (Whistleblowers),,3e901799-1124-11ef-a251-01aa75ed71a1,https://op.europa.eu/o/opportal-service/download-handler?identifier=3e901799-1124-11ef-a251-01aa75ed71a1&format=fmx4&language=de&productionSystem=cellar&part=
85,G1,de,G1,Unter-nehmens-politik,Tierschutz,,3e901799-1124-11ef-a251-01aa75ed71a1,https://op.europa.eu/o/opportal-service/download-handler?identifier=3e901799-1124-11ef-a251-01aa75ed71a1&format=fmx4&language=de&productionSystem=cellar&part=
86,G1,de,G1,Unter-nehmens-politik,Politisches Engagement und Lobbytätigkeiten,,3e901799-1124-11ef-a251-01aa75ed71a1,https://op.europa.eu/o/opportal-service/download-handler?identifier=3e901799-1124-11ef-a251-01aa75ed71a1&format=fmx4&language=de&productionSystem=cellar&part=
87,G1,de,G1,Unter-nehmens-politik,"Management der Beziehungen zu Lieferanten, einschließlich Zahlungspraktiken",,3e901799-1124-11ef-a251-01aa75ed71a1,https://op.europa.eu/o/opportal-service/download-handler?identifier=3e901799-1124-11ef-a251-01aa75ed71a1&format=fmx4&language=de&productionSystem=cellar&part=
88,G1,de,G1,Unter-nehmens-politik,Korruption und Bestechung,Vermeidung und Aufdeckung einschließlich Schulung,3e901799-1124-11ef-a251-01aa75ed71a1,https://op.europa.eu/o/opportal-service/download-handler?identifier=3e901799-1124-11ef-a251-01aa75ed71a1&format=fmx4&language=de&productionSystem=cellar&part=
89,G1,de,G1,Unter-nehmens-politik,Korruption und Bestechung,Vorkommnisse,3e901799-1124-11ef-a251-01aa75ed71a1,https://op.europa.eu/o/opportal-service/download-handler?identifier=3e901799-1124-11ef-a251-01aa75ed71a1&format=fmx4&language=de&productionSystem=cellar&part=
1,E1,el,E1,Κλιματική αλλαγή,Προσαρμογή στην κλιματική αλλαγή,,3e901799-1124-11ef-a251-01aa75ed71a1,https://op.europa.eu/o/opportal-service/download-handler?identifier=3e901799-1124-11ef-a251-01aa75ed71a1&format=fmx4&language=el&productionSystem=cellar&part=
2,E1,el,E1,Κλιματική αλλαγή,Μετριασμός της κλιματικής αλλαγής,,3e901799-1124-11ef-a251-01aa75ed71a1,https://op.europa.eu/o/opportal-service/download-handler?identifier=3e901799-1124-11ef-a251-01aa75ed71a1&format=fmx4&language=el&productionSystem=cellar&part=
3,E1,el,E1,Κλιματική αλλαγή,Ενέργεια,,3e901799-1124-11ef-a251-01aa75ed71a1,https://op.europa.eu/o/opportal-service/download-handler?identifier=3e901799-1124-11ef-a251-01aa75ed71a1&format=fmx4&language=el&productionSystem=cellar&part=
4,E2,el,E2,Ρύπανση,Ρύπανση της ατμόσφαιρας,,3e901799-1124-11ef-a251-01aa75ed71a1,https://op.europa.eu/o/opportal-service/download-handler?identifier=3e901799-1124-11ef-a251-01aa75ed71a1&format=fmx4&language=el&productionSystem=cellar&part=
5,E2,el,E2,Ρύπανση,Ρύπανση των υδάτων,,3e901799-1124-11ef-a251-01aa75ed71a1,https://op.europa.eu/o/opportal-service/download-handler?identifier=3e901799-1124-11ef-a251-01aa75ed71a1&format=fmx4&language=el&productionSystem=cellar&part=
6,E2,el,E2,Ρύπανση,Ρύπανση του εδάφους,,3e901799-1124-11ef-a251-01aa75ed71a1,https://op.europa.eu/o/opportal-service/download-handler?identifier=3e901799-1124-11ef-a251-01aa75ed71a1&format=fmx4&language=el&productionSystem=cellar&part=
7,E2,el,E2,Ρύπανση,Ρύπανση ζώντων οργανισμών και επισιτιστικών πόρων,,3e901799-1124-11ef-a251-01aa75ed71a1,https://op.europa.eu/o/opportal-service/download-handler?identifier=3e901799-1124-11ef-a251-01aa75ed71a1&format=fmx4&language=el&productionSystem=cellar&part=
8,E2,el,E2,Ρύπανση,Ουσίες που προκαλούν ανησυχία,,3e901799-1124-11ef-a251-01aa75ed71a1,https://op.europa.eu/o/opportal-service/download-handler?identifier=3e901799-1124-11ef-a251-01aa75ed71a1&format=fmx4&language=el&productionSystem=cellar&part=
9,E2,el,E2,Ρύπανση,Ουσίες που προκαλούν πολύ μεγάλη ανησυχία,,3e901799-1124-11ef-a251-01aa75ed71a1,https://op.europa.eu/o/opportal-service/download-handler?identifier=3e901799-1124-11ef-a251-01aa75ed71a1&format=fmx4&language=el&productionSystem=cellar&part=
10,E2,el,E2,Ρύπανση,Μικροπλαστικά,,3e901799-1124-11ef-a251-01aa75ed71a1,https://op.europa.eu/o/opportal-service/download-handler?identifier=3e901799-1124-11ef-a251-01aa75ed71a1&format=fmx4&language=el&productionSystem=cellar&part=
11,E3,el,E3,Υδάτινοι και θαλάσσιοι πόροι,Νερό,Κατανάλωση νερού,3e901799-1124-11ef-a251-01aa75ed71a1,https://op.europa.eu/o/opportal-service/download-handler?identifier=3e901799-1124-11ef-a251-01aa75ed71a1&format=fmx4&language=el&productionSystem=cellar&part=
12,E3,el,E3,Υδάτινοι και θαλάσσιοι πόροι,Νερό,Άντληση νερού,3e901799-1124-11ef-a251-01aa75ed71a1,https://op.europa.eu/o/opportal-service/download-handler?identifier=3e901799-1124-11ef-a251-01aa75ed71a1&format=fmx4&language=el&productionSystem=cellar&part=
13,E3,el,E3,Υδάτινοι και θαλάσσιοι πόροι,Νερό,Απορρίψεις υδάτων,3e901799-1124-11ef-a251-01aa75ed71a1,https://op.europa.eu/o/opportal-service/download-handler?identifier=3e901799-1124-11ef-a251-01aa75ed71a1&format=fmx4&language=el&productionSystem=cellar&part=
14,E3,el,E3,Υδάτινοι και θαλάσσιοι πόροι,Νερό,Απορρίψεις υδάτων στους ωκεανούς,3e901799-1124-11ef-a251-01aa75ed71a1,https://op.europa.eu/o/opportal-service/download-handler?identifier=3e901799-1124-11ef-a251-01aa75ed71a1&format=fmx4&language=el&productionSystem=cellar&part=
15,E3,el,E3,Υδάτινοι και θαλάσσιοι πόροι,Θαλάσσιοι πόροι,Εξόρυξη και χρήση θαλάσσιων πόρων,3e901799-1124-11ef-a251-01aa75ed71a1,https://op.europa.eu/o/opportal-service/download-handler?identifier=3e901799-1124-11ef-a251-01aa75ed71a1&format=fmx4&language=el&productionSystem=cellar&part=
16,E4,el,E4,Βιοποικιλότητα και οικοσυστήματα,Παράγοντες άμεσου αντικτύπου στην απώλεια βιοποικιλότητας:,Κλιματική αλλαγή,3e901799-1124-11ef-a251-01aa75ed71a1,https://op.europa.eu/o/opportal-service/download-handler?identifier=3e901799-1124-11ef-a251-01aa75ed71a1&format=fmx4&language=el&productionSystem=cellar&part=
17,E4,el,E4,Βιοποικιλότητα και οικοσυστήματα,Παράγοντες άμεσου αντικτύπου στην απώλεια βιοποικιλότητας:,"Αλλαγή στη χρήση της γης, αλλαγή στη χρήση γλυκών υδάτων και αλλαγή στη χρήση της θάλασσας·",3e901799-1124-11ef-a251-01aa75ed71a1,https://op.europa.eu/o/opportal-service/download-handler?identifier=3e901799-1124-11ef-a251-01aa75ed71a1&format=fmx4&language=el&productionSystem=cellar&part=
18,E4,el,E4,Βιοποικιλότητα και οικοσυστήματα,Παράγοντες άμεσου αντικτύπου στην απώλεια βιοποικιλότητας:,Άμεση εκμετάλλευση,3e901799-1124-11ef-a251-01aa75ed71a1,https://op.europa.eu/o/opportal-service/download-handler?identifier=3e901799-1124-11ef-a251-01aa75ed71a1&format=fmx4&language=el&productionSystem=cellar&part=
19,E4,el,E4,Βιοποικιλότητα και οικοσυστήματα,Παράγοντες άμεσου αντικτύπου στην απώλεια βιοποικιλότητας:,Χωροκατακτητικά ξένα είδη,3e901799-1124-11ef-a251-01aa75ed71a1,https://op.europa.eu/o/opportal-service/download-handler?identifier=3e901799-1124-11ef-a251-01aa75ed71a1&format=fmx4&language=el&productionSystem=cellar&part=
20,E4,el,E4,Βιοποικιλότητα και οικοσυστήματα,Παράγοντες άμεσου αντικτύπου στην απώλεια βιοποικιλότητας:,Ρύπανση,3e901799-1124-11ef-a251-01aa75ed71a1,https://op.europa.eu/o/opportal-service/download-handler?identifier=3e901799-1124-11ef-a251-01aa75ed71a1&format=fmx4&language=el&productionSystem=cellar&part=
21,E4,el,E4,Βιοποικιλότητα και οικοσυστήματα,Παράγοντες άμεσου αντικτύπου στην απώλεια βιοποικιλότητας:,Άλλα,3e901799-1124-11ef-a251-01aa75ed71a1,https://op.europa.eu/o/opportal-service/download-handler?identifier=3e901799-1124-11ef-a251-01aa75ed71a1&format=fmx4&language=el&productionSystem=cellar&part=
22,E4,el,E4,Βιοποικιλότητα και οικοσυστήματα,Επιπτώσεις στην κατάσταση των ειδών,,3e901799-1124-11ef-a251-01aa75ed71a1,https://op.europa.eu/o/opportal-service/download-handler?identifier=3e901799-1124-11ef-a251-01aa75ed71a1&format=fmx4&language=el&productionSystem=cellar&part=
23,E4,el,E4,Βιοποικιλότητα και οικοσυστήματα,Επιπτώσεις στην έκταση και την κατάσταση των οικοσυστημάτων,,3e901799-1124-11ef-a251-01aa75ed71a1,https://op.europa.eu/o/opportal-service/download-handler?identifier=3e901799-1124-11ef-a251-01aa75ed71a1&format=fmx4&language=el&productionSystem=cellar&part=
24,E4,el,E4,Βιοποικιλότητα και οικοσυστήματα,Επιπτώσεις και εξαρτήσεις από τις υπηρεσίες οικοσυστήματος,,3e901799-1124-11ef-a251-01aa75ed71a1,https://op.europa.eu/o/opportal-service/download-handler?identifier=3e901799-1124-11ef-a251-01aa75ed71a1&format=fmx4&language=el&productionSystem=cellar&part=
25,E5,el,E5,Κυκλική οικονομία,"Εισροές πόρων, συμπεριλαμβανομένης της χρήσης πόρων",,3e901799-1124-11ef-a251-01aa75ed71a1,https://op.europa.eu/o/opportal-service/download-handler?identifier=3e901799-1124-11ef-a251-01aa75ed71a1&format=fmx4&language=el&productionSystem=cellar&part=
26,E5,el,E5,Κυκλική οικονομία,Εκροές πόρων σε σχέση με προϊόντα και υπηρεσίες,,3e901799-1124-11ef-a251-01aa75ed71a1,https://op.europa.eu/o/opportal-service/download-handler?identifier=3e901799-1124-11ef-a251-01aa75ed71a1&format=fmx4&language=el&productionSystem=cellar&part=
27,E5,el,E5,Κυκλική οικονομία,Απόβλητα,,3e901799-1124-11ef-a251-01aa75ed71a1,https://op.europa.eu/o/opportal-service/download-handler?identifier=3e901799-1124-11ef-a251-01aa75ed71a1&format=fmx4&language=el&productionSystem=cellar&part=
28,S1,el,S1,Οικείο εργατικό δυναμικό,Συνθήκες εργασίας,Ασφαλείς θέσεις απασχόλησης,3e901799-1124-11ef-a251-01aa75ed71a1,https://op.europa.eu/o/opportal-service/download-handler?identifier=3e901799-1124-11ef-a251-01aa75ed71a1&format=fmx4&language=el&productionSystem=cellar&part=
29,S1,el,S1,Οικείο εργατικό δυναμικό,Συνθήκες εργασίας,Χρόνος εργασίας,3e901799-1124-11ef-a251-01aa75ed71a1,https://op.europa.eu/o/opportal-service/download-handler?identifier=3e901799-1124-11ef-a251-01aa75ed71a1&format=fmx4&language=el&productionSystem=cellar&part=
30,S1,el,S1,Οικείο εργατικό δυναμικό,Συνθήκες εργασίας,Επαρκείς μισθοί,3e901799-1124-11ef-a251-01aa75ed71a1,https://op.europa.eu/o/opportal-service/download-handler?identifier=3e901799-1124-11ef-a251-01aa75ed71a1&format=fmx4&language=el&productionSystem=cellar&part=
31,S1,el,S1,Οικείο εργατικό δυναμικό,Συνθήκες εργασίας,Κοινωνικός διάλογος,3e901799-1124-11ef-a251-01aa75ed71a1,https://op.europa.eu/o/opportal-service/download-handler?identifier=3e901799-1124-11ef-a251-01aa75ed71a1&format=fmx4&language=el&productionSystem=cellar&part=
32,S1,el,S1,Οικείο εργατικό δυναμικό,Συνθήκες εργασίας,"Ελευθερία του συνεταιρίζεσθαι, ύπαρξη συμβουλίων εργαζομένων και δικαιώματα ενημέρωσης, διαβούλευσης και συμμετοχής των εργαζομένων",3e901799-1124-11ef-a251-01aa75ed71a1,https://op.europa.eu/o/opportal-service/download-handler?identifier=3e901799-1124-11ef-a251-01aa75ed71a1&format=fmx4&language=el&productionSystem=cellar&part=
33,S1,el,S1,Οικείο εργατικό δυναμικό,Συνθήκες εργασίας,"Συλλογικές διαπραγματεύσεις, συμπεριλαμβανομένης της αναλογίας των εργαζομένων που καλύπτονται από συλλογικές συμβάσεις",3e901799-1124-11ef-a251-01aa75ed71a1,https://op.europa.eu/o/opportal-service/download-handler?identifier=3e901799-1124-11ef-a251-01aa75ed71a1&format=fmx4&language=el&productionSystem=cellar&part=
34,S1,el,S1,Οικείο εργατικό δυναμικό,Συνθήκες εργασίας,Ισορροπία μεταξύ επαγγελματικής και προσωπικής ζωής,3e901799-1124-11ef-a251-01aa75ed71a1,https://op.europa.eu/o/opportal-service/download-handler?identifier=3e901799-1124-11ef-a251-01aa75ed71a1&format=fmx4&language=el&productionSystem=cellar&part=
35,S1,el,S1,Οικείο εργατικό δυναμικό,Συνθήκες εργασίας,Υγεία και ασφάλεια,3e901799-1124-11ef-a251-01aa75ed71a1,https://op.europa.eu/o/opportal-service/download-handler?identifier=3e901799-1124-11ef-a251-01aa75ed71a1&format=fmx4&language=el&productionSystem=cellar&part=
36,S1,el,S1,Οικείο εργατικό δυναμικό,Ίση μεταχείριση και ίσες ευκαιρίες για όλους,Ισότητα των φύλων και ίση αμοιβή για εργασία ίσης αξίας,3e901799-1124-11ef-a251-01aa75ed71a1,https://op.europa.eu/o/opportal-service/download-handler?identifier=3e901799-1124-11ef-a251-01aa75ed71a1&format=fmx4&language=el&productionSystem=cellar&part=
37,S1,el,S1,Οικείο εργατικό δυναμικό,Ίση μεταχείριση και ίσες ευκαιρίες για όλους,Κατάρτιση και ανάπτυξη δεξιοτήτων,3e901799-1124-11ef-a251-01aa75ed71a1,https://op.europa.eu/o/opportal-service/download-handler?identifier=3e901799-1124-11ef-a251-01aa75ed71a1&format=fmx4&language=el&productionSystem=cellar&part=
38,S1,el,S1,Οικείο εργατικό δυναμικό,Ίση μεταχείριση και ίσες ευκαιρίες για όλους,Απασχόληση και ένταξη ατόμων με αναπηρίες,3e901799-1124-11ef-a251-01aa75ed71a1,https://op.europa.eu/o/opportal-service/download-handler?identifier=3e901799-1124-11ef-a251-01aa75ed71a1&format=fmx4&language=el&productionSystem=cellar&part=
39,S1,el,S1,Οικείο εργατικό δυναμικό,Ίση μεταχείριση και ίσες ευκαιρίες για όλους,Μέτρα κατά της βίας και της παρενόχλησης στον χώρο εργασίας,3e901799-1124-11ef-a251-01aa75ed71a1,https://op.europa.eu/o/opportal-service/download-handler?identifier=3e901799-1124-11ef-a251-01aa75ed71a1&format=fmx4&language=el&productionSystem=cellar&part=
40,S1,el,S1,Οικείο εργατικό δυναμικό,Ίση μεταχείριση και ίσες ευκαιρίες για όλους,Διαφορετικότητα,3e901799-1124-11ef-a251-01aa75ed71a1,https://op.europa.eu/o/opportal-service/download-handler?identifier=3e901799-1124-11ef-a251-01aa75ed71a1&format=fmx4&language=el&productionSystem=cellar&part=
41,S1,el,S1,Οικείο εργατικό δυναμικό,Άλλα εργασιακά δικαιώματα,Παιδική εργασία,3e901799-1124-11ef-a251-01aa75ed71a1,https://op.europa.eu/o/opportal-service/download-handler?identifier=3e901799-1124-11ef-a251-01aa75ed71a1&format=fmx4&language=el&productionSystem=cellar&part=
42,S1,el,S1,Οικείο εργατικό δυναμικό,Άλλα εργασιακά δικαιώματα,Αναγκαστική εργασία,3e901799-1124-11ef-a251-01aa75ed71a1,https://op.europa.eu/o/opportal-service/download-handler?identifier=3e901799-1124-11ef-a251-01aa75ed71a1&format=fmx4&language=el&productionSystem=cellar&part=
43,S1,el,S1,Οικείο εργατικό δυναμικό,Άλλα εργασιακά δικαιώματα,Κατάλληλη στέγαση,3e901799-1124-11ef-a251-01aa75ed71a1,https://op.europa.eu/o/opportal-service/download-handler?identifier=3e901799-1124-11ef-a251-01aa75ed71a1&format=fmx4&language=el&productionSystem=cellar&part=
44,S1,el,S1,Οικείο εργατικό δυναμικό,Άλλα εργασιακά δικαιώματα,Ιδιωτικότητα,3e901799-1124-11ef-a251-01aa75ed71a1,https://op.europa.eu/o/opportal-service/download-handler?identifier=3e901799-1124-11ef-a251-01aa75ed71a1&format=fmx4&language=el&productionSystem=cellar&part=
45,S2,el,S2,Εργαζόμενοι στην αξιακή αλυσίδα,Συνθήκες εργασίας,Ασφαλείς θέσεις απασχόλησης,3e901799-1124-11ef-a251-01aa75ed71a1,https://op.europa.eu/o/opportal-service/download-handler?identifier=3e901799-1124-11ef-a251-01aa75ed71a1&format=fmx4&language=el&productionSystem=cellar&part=
46,S2,el,S2,Εργαζόμενοι στην αξιακή αλυσίδα,Συνθήκες εργασίας,Χρόνος εργασίας,3e901799-1124-11ef-a251-01aa75ed71a1,https://op.europa.eu/o/opportal-service/download-handler?identifier=3e901799-1124-11ef-a251-01aa75ed71a1&format=fmx4&language=el&productionSystem=cellar&part=
47,S2,el,S2,Εργαζόμενοι στην αξιακή αλυσίδα,Συνθήκες εργασίας,Επαρκείς μισθοί,3e901799-1124-11ef-a251-01aa75ed71a1,https://op.europa.eu/o/opportal-service/download-handler?identifier=3e901799-1124-11ef-a251-01aa75ed71a1&format=fmx4&language=el&productionSystem=cellar&part=
48,S2,el,S2,Εργαζόμενοι στην αξιακή αλυσίδα,Συνθήκες εργασίας,Κοινωνικός διάλογος,3e901799-1124-11ef-a251-01aa75ed71a1,https://op.europa.eu/o/opportal-service/download-handler?identifier=3e901799-1124-11ef-a251-01aa75ed71a1&format=fmx4&language=el&productionSystem=cellar&part=
49,S2,el,S2,Εργαζόμενοι στην αξιακή αλυσίδα,Συνθήκες εργασίας,"Ελευθερία του συνεταιρίζεσθαι, συμπεριλαμβανομένης της ύπαρξης συμβουλίων εργαζομένων",3e901799-1124-11ef-a251-01aa75ed71a1,https://op.europa.eu/o/opportal-service/download-handler?identifier=3e901799-1124-11ef-a251-01aa75ed71a1&format=fmx4&language=el&productionSystem=cellar&part=
50,S2,el,S2,Εργαζόμενοι στην αξιακή αλυσίδα,Συνθήκες εργασίας,Συλλογικές διαπραγματεύσεις,3e901799-1124-11ef-a251-01aa75ed71a1,https://op.europa.eu/o/opportal-service/download-handler?identifier=3e901799-1124-11ef-a251-01aa75ed71a1&format=fmx4&language=el&productionSystem=cellar&part=
51,S2,el,S2,Εργαζόμενοι στην αξιακή αλυσίδα,Συνθήκες εργασίας,Ισορροπία μεταξύ επαγγελματικής και προσωπικής ζωής,3e901799-1124-11ef-a251-01aa75ed71a1,https://op.europa.eu/o/opportal-service/download-handler?identifier=3e901799-1124-11ef-a251-01aa75ed71a1&format=fmx4&language=el&productionSystem=cellar&part=
52,S2,el,S2,Εργαζόμενοι στην αξιακή αλυσίδα,Συνθήκες εργασίας,Υγεία και ασφάλεια,3e901799-1124-11ef-a251-01aa75ed71a1,https://op.europa.eu/o/opportal-service/download-handler?identifier=3e901799-1124-11ef-a251-01aa75ed71a1&format=fmx4&language=el&productionSystem=cellar&part=
53,S2,el,S2,Εργαζόμενοι στην αξιακή αλυσίδα,Ίση μεταχείριση και ίσες ευκαιρίες για όλους,Ισότητα των φύλων και ίση αμοιβή για εργασία ίσης αξίας,3e901799-1124-11ef-a251-01aa75ed71a1,https://op.europa.eu/o/opportal-service/download-handler?identifier=3e901799-1124-11ef-a251-01aa75ed71a1&format=fmx4&language=el&productionSystem=cellar&part=
54,S2,el,S2,Εργαζόμενοι στην αξιακή αλυσίδα,Ίση μεταχείριση και ίσες ευκαιρίες για όλους,Κατάρτιση και ανάπτυξη δεξιοτήτων,3e901799-1124-11ef-a251-01aa75ed71a1,https://op.europa.eu/o/opportal-service/download-handler?identifier=3e901799-1124-11ef-a251-01aa75ed71a1&format=fmx4&language=el&productionSystem=cellar&part=
55,S2,el,S2,Εργαζόμενοι στην αξιακή αλυσίδα,Ίση μεταχείριση και ίσες ευκαιρίες για όλους,Απασχόληση και ένταξη ατόμων με αναπηρίες,3e901799-1124-11ef-a251-01aa75ed71a1,https://op.europa.eu/o/opportal-service/download-handler?identifier=3e901799-1124-11ef-a251-01aa75ed71a1&format=fmx4&language=el&productionSystem=cellar&part=
56,S2,el,S2,Εργαζόμενοι στην αξιακή αλυσίδα,Ίση μεταχείριση και ίσες ευκαιρίες για όλους,Μέτρα κατά της βίας και της παρενόχλησης στον χώρο εργασίας,3e901799-1124-11ef-a251-01aa75ed71a1,https://op.europa.eu/o/opportal-service/download-handler?identifier=3e901799-1124-11ef-a251-01aa75ed71a1&format=fmx4&language=el&productionSystem=cellar&part=
57,S2,el,S2,Εργαζόμενοι στην αξιακή αλυσίδα,Ίση μεταχείριση και ίσες ευκαιρίες για όλους,Διαφορετικότητα,3e901799-1124-11ef-a251-01aa75ed71a1,https://op.europa.eu/o/opportal-service/download-handler?identifier=3e901799-1124-11ef-a251-01aa75ed71a1&format=fmx4&language=el&productionSystem=cellar&part=
58,S2,el,S2,Εργαζόμενοι στην αξιακή αλυσίδα,Άλλα εργασιακά δικαιώματα,Παιδική εργασία,3e901799-1124-11ef-a251-01aa75ed71a1,https://op.europa.eu/o/opportal-service/download-handler?identifier=3e901799-1124-11ef-a251-01aa75ed71a1&format=fmx4&language=el&productionSystem=cellar&part=
59,S2,el,S2,Εργαζόμενοι στην αξιακή αλυσίδα,Άλλα εργασιακά δικαιώματα,Αναγκαστική εργασία,3e901799-1124-11ef-a251-01aa75ed71a1,https://op.europa.eu/o/opportal-service/download-handler?identifier=3e901799-1124-11ef-a251-01aa75ed71a1&format=fmx4&language=el&productionSystem=cellar&part=
60,S2,el,S2,Εργαζόμενοι στην αξιακή αλυσίδα,Άλλα εργασιακά δικαιώματα,Κατάλληλη στέγαση,3e901799-1124-11ef-a251-01aa75ed71a1,https://op.europa.eu/o/opportal-service/download-handler?identifier=3e901799-1124-11ef-a251-01aa75ed71a1&format=fmx4&language=el&productionSystem=cellar&part=
61,S2,el,S2,Εργαζόμενοι στην αξιακή αλυσίδα,Άλλα εργασιακά δικαιώματα,Καθαρό νερό και αποχέτευση,3e901799-1124-11ef-a251-01aa75ed71a1,https://op.europa.eu/o/opportal-service/download-handler?identifier=3e901799-1124-11ef-a251-01aa75ed71a1&format=fmx4&language=el&productionSystem=cellar&part=
62,S2,el,S2,Εργαζόμενοι στην αξιακή αλυσίδα,Άλλα εργασιακά δικαιώματα,Ιδιωτικότητα,3e901799-1124-11ef-a251-01aa75ed71a1,https://op.europa.eu/o/opportal-service/download-handler?identifier=3e901799-1124-11ef-a251-01aa75ed71a1&format=fmx4&language=el&productionSystem=cellar&part=
63,S3,el,S3,Επηρεαζόμενες κοινότητες,"Οικονομικά, κοινωνικά και πολιτιστικά δικαιώματα των κοινοτήτων",Κατάλληλη στέγαση,3e901799-1124-11ef-a251-01aa75ed71a1,https://op.europa.eu/o/opportal-service/download-handler?identifier=3e901799-1124-11ef-a251-01aa75ed71a1&format=fmx4&language=el&productionSystem=cellar&part=
64,S3,el,S3,Επηρεαζόμενες κοινότητες,"Οικονομικά, κοινωνικά και πολιτιστικά δικαιώματα των κοινοτήτων",Επαρκής τροφή,3e901799-1124-11ef-a251-01aa75ed71a1,https://op.europa.eu/o/opportal-service/download-handler?identifier=3e901799-1124-11ef-a251-01aa75ed71a1&format=fmx4&language=el&productionSystem=cellar&part=
65,S3,el,S3,Επηρεαζόμενες κοινότητες,"Οικονομικά, κοινωνικά και πολιτιστικά δικαιώματα των κοινοτήτων",Καθαρό νερό και αποχέτευση,3e901799-1124-11ef-a251-01aa75ed71a1,https://op.europa.eu/o/opportal-service/download-handler?identifier=3e901799-1124-11ef-a251-01aa75ed71a1&format=fmx4&language=el&productionSystem=cellar&part=
66,S3,el,S3,Επηρεαζόμενες κοινότητες,"Οικονομικά, κοινωνικά και πολιτιστικά δικαιώματα των κοινοτήτων",Επιπτώσεις που σχετίζονται με τη γη,3e901799-1124-11ef-a251-01aa75ed71a1,https://op.europa.eu/o/opportal-service/download-handler?identifier=3e901799-1124-11ef-a251-01aa75ed71a1&format=fmx4&language=el&productionSystem=cellar&part=
67,S3,el,S3,Επηρεαζόμενες κοινότητες,"Οικονομικά, κοινωνικά και πολιτιστικά δικαιώματα των κοινοτήτων",Επιπτώσεις που σχετίζονται με την ασφάλεια,3e901799-1124-11ef-a251-01aa75ed71a1,https://op.europa.eu/o/opportal-service/download-handler?identifier=3e901799-1124-11ef-a251-01aa75ed71a1&format=fmx4&language=el&productionSystem=cellar&part=
68,S3,el,S3,Επηρεαζόμενες κοινότητες,Αστικά και πολιτικά δικαιώματα των κοινοτήτων,Ελευθερία της έκφρασης,3e901799-1124-11ef-a251-01aa75ed71a1,https://op.europa.eu/o/opportal-service/download-handler?identifier=3e901799-1124-11ef-a251-01aa75ed71a1&format=fmx4&language=el&productionSystem=cellar&part=
69,S3,el,S3,Επηρεαζόμενες κοινότητες,Αστικά και πολιτικά δικαιώματα των κοινοτήτων,Ελευθερία του συνέρχεσθαι,3e901799-1124-11ef-a251-01aa75ed71a1,https://op.europa.eu/o/opportal-service/download-handler?identifier=3e901799-1124-11ef-a251-01aa75ed71a1&format=fmx4&language=el&productionSystem=cellar&part=
70,S3,el,S3,Επηρεαζόμενες κοινότητες,Αστικά και πολιτικά δικαιώματα των κοινοτήτων,Επιπτώσεις στους υπερασπιστές των ανθρώπινων δικαιωμάτων,3e901799-1124-11ef-a251-01aa75ed71a1,https://op.europa.eu/o/opportal-service/download-handler?identifier=3e901799-1124-11ef-a251-01aa75ed71a1&format=fmx4&language=el&productionSystem=cellar&part=
71,S3,el,S3,Επηρεαζόμενες κοινότητες,Δικαιώματα αυτόχθονων πληθυσμών,"Ελεύθερη, εκ των προτέρων και κατόπιν ενημέρωσης συναίνεση",3e901799-1124-11ef-a251-01aa75ed71a1,https://op.europa.eu/o/opportal-service/download-handler?identifier=3e901799-1124-11ef-a251-01aa75ed71a1&format=fmx4&language=el&productionSystem=cellar&part=
72,S3,el,S3,Επηρεαζόμενες κοινότητες,Δικαιώματα αυτόχθονων πληθυσμών,Αυτοδιάθεση,3e901799-1124-11ef-a251-01aa75ed71a1,https://op.europa.eu/o/opportal-service/download-handler?identifier=3e901799-1124-11ef-a251-01aa75ed71a1&format=fmx4&language=el&productionSystem=cellar&part=
73,S3,el,S3,Επηρεαζόμενες κοινότητες,Δικαιώματα αυτόχθονων πληθυσμών,Πολιτιστικά δικαιώματα,3e901799-1124-11ef-a251-01aa75ed71a1,https://op.europa.eu/o/opportal-service/download-handler?identifier=3e901799-1124-11ef-a251-01aa75ed71a1&format=fmx4&language=el&productionSystem=cellar&part=
74,S4,el,S4,Καταναλωτές και τελικοί χρήστες,Επιπτώσεις που σχετίζονται με τις πληροφορίες για τους καταναλωτές και/ή τους τελικούς χρήστες,Ιδιωτικότητα,3e901799-1124-11ef-a251-01aa75ed71a1,https://op.europa.eu/o/opportal-service/download-handler?identifier=3e901799-1124-11ef-a251-01aa75ed71a1&format=fmx4&language=el&productionSystem=cellar&part=
75,S4,el,S4,Καταναλωτές και τελικοί χρήστες,Επιπτώσεις που σχετίζονται με τις πληροφορίες για τους καταναλωτές και/ή τους τελικούς χρήστες,Ελευθερία της έκφρασης,3e901799-1124-11ef-a251-01aa75ed71a1,https://op.europa.eu/o/opportal-service/download-handler?identifier=3e901799-1124-11ef-a251-01aa75ed71a1&format=fmx4&language=el&productionSystem=cellar&part=
76,S4,el,S4,Καταναλωτές και τελικοί χρήστες,Επιπτώσεις που σχετίζονται με τις πληροφορίες για τους καταναλωτές και/ή τους τελικούς χρήστες,Πρόσβαση σε (ποιοτικές) πληροφορίες,3e901799-1124-11ef-a251-01aa75ed71a1,https://op.europa.eu/o/opportal-service/download-handler?identifier=3e901799-1124-11ef-a251-01aa75ed71a1&format=fmx4&language=el&productionSystem=cellar&part=
77,S4,el,S4,Καταναλωτές και τελικοί χρήστες,Προσωπική ασφάλεια των καταναλωτών και/ή των τελικών χρηστών,Υγεία και ασφάλεια,3e901799-1124-11ef-a251-01aa75ed71a1,https://op.europa.eu/o/opportal-service/download-handler?identifier=3e901799-1124-11ef-a251-01aa75ed71a1&format=fmx4&language=el&productionSystem=cellar&part=
78,S4,el,S4,Καταναλωτές και τελικοί χρήστες,Προσωπική ασφάλεια των καταναλωτών και/ή των τελικών χρηστών,Ασφάλεια του προσώπου,3e901799-1124-11ef-a251-01aa75ed71a1,https://op.europa.eu/o/opportal-service/download-handler?identifier=3e901799-1124-11ef-a251-01aa75ed71a1&format=fmx4&language=el&productionSystem=cellar&part=
79,S4,el,S4,Καταναλωτές και τελικοί χρήστες,Προσωπική ασφάλεια των καταναλωτών και/ή των τελικών χρηστών,Προστασία των παιδιών,3e901799-1124-11ef-a251-01aa75ed71a1,https://op.europa.eu/o/opportal-service/download-handler?identifier=3e901799-1124-11ef-a251-01aa75ed71a1&format=fmx4&language=el&productionSystem=cellar&part=
80,S4,el,S4,Καταναλωτές και τελικοί χρήστες,Κοινωνική ένταξη των καταναλωτών και/ή των τελικών χρηστών,Απαγόρευση των διακρίσεων,3e901799-1124-11ef-a251-01aa75ed71a1,https://op.europa.eu/o/opportal-service/download-handler?identifier=3e901799-1124-11ef-a251-01aa75ed71a1&format=fmx4&language=el&productionSystem=cellar&part=
81,S4,el,S4,Καταναλωτές και τελικοί χρήστες,Κοινωνική ένταξη των καταναλωτών και/ή των τελικών χρηστών,Πρόσβαση σε προϊόντα και υπηρεσίες,3e901799-1124-11ef-a251-01aa75ed71a1,https://op.europa.eu/o/opportal-service/download-handler?identifier=3e901799-1124-11ef-a251-01aa75ed71a1&format=fmx4&language=el&productionSystem=cellar&part=
82,S4,el,S4,Καταναλωτές και τελικοί χρήστες,Κοινωνική ένταξη των καταναλωτών και/ή των τελικών χρηστών,Υπεύθυνες πρακτικές εμπορίας,3e901799-1124-11ef-a251-01aa75ed71a1,https://op.europa.eu/o/opportal-service/download-handler?identifier=3e901799-1124-11ef-a251-01aa75ed71a1&format=fmx4&language=el&productionSystem=cellar&part=
83,G1,el,G1,Επιχειρηματική συμπεριφορά,Επιχειρηματική κουλτούρα,,3e901799-1124-11ef-a251-01aa75ed71a1,https://op.europa.eu/o/opportal-service/download-handler?identifier=3e901799-1124-11ef-a251-01aa75ed71a1&format=fmx4&language=el&productionSystem=cellar&part=
84,G1,el,G1,Επιχειρηματική συμπεριφορά,Προστασία των πληροφοριοδοτών,,3e901799-1124-11ef-a251-01aa75ed71a1,https://op.europa.eu/o/opportal-service/download-handler?identifier=3e901799-1124-11ef-a251-01aa75ed71a1&format=fmx4&language=el&productionSystem=cellar&part=
85,G1,el,G1,Επιχειρηματική συμπεριφορά,Καλή μεταχείριση των ζώων,,3e901799-1124-11ef-a251-01aa75ed71a1,https://op.europa.eu/o/opportal-service/download-handler?identifier=3e901799-1124-11ef-a251-01aa75ed71a1&format=fmx4&language=el&productionSystem=cellar&part=
86,G1,el,G1,Επιχειρηματική συμπεριφορά,Πολιτική δέσμευση και δραστηριότητες άσκησης πίεσης από ομάδες συμφερόντων,,3e901799-1124-11ef-a251-01aa75ed71a1,https://op.europa.eu/o/opportal-service/download-handler?identifier=3e901799-1124-11ef-a251-01aa75ed71a1&format=fmx4&language=el&productionSystem=cellar&part=
87,G1,el,G1,Επιχειρηματική συμπεριφορά,"Διαχείριση σχέσεων με προμηθευτές, συμπεριλαμβανομένων των πρακτικών πληρωμών",,3e901799-1124-11ef-a251-01aa75ed71a1,https://op.europa.eu/o/opportal-service/download-handler?identifier=3e901799-1124-11ef-a251-01aa75ed71a1&format=fmx4&language=el&productionSystem=cellar&part=
88,G1,el,G1,Επιχειρηματική συμπεριφορά,Διαφθορά και δωροδοκία,"και ανίχνευση, συμπεριλαμβανομένης της εκπαίδευσης — Πρόληψη",3e901799-1124-11ef-a251-01aa75ed71a1,https://op.europa.eu/o/opportal-service/download-handler?identifier=3e901799-1124-11ef-a251-01aa75ed71a1&format=fmx4&language=el&productionSystem=cellar&part=
89,G1,el,G1,Επιχειρηματική συμπεριφορά,Διαφθορά και δωροδοκία,Περιστατικά,3e901799-1124-11ef-a251-01aa75ed71a1,https://op.europa.eu/o/opportal-service/download-handler?identifier=3e901799-1124-11ef-a251-01aa75ed71a1&format=fmx4&language=el&productionSystem=cellar&part=
1,E1,en,E1,Climate change,Climate change adaptation,,3e901799-1124-11ef-a251-01aa75ed71a1,https://op.europa.eu/o/opportal-service/download-handler?identifier=3e901799-1124-11ef-a251-01aa75ed71a1&format=fmx4&language=en&productionSystem=cellar&part=
2,E1,en,E1,Climate change,Climate change mitigation,,3e901799-1124-11ef-a251-01aa75ed71a1,https://op.europa.eu/o/opportal-service/download-handler?identifier=3e901799-1124-11ef-a251-01aa75ed71a1&format=fmx4&language=en&productionSystem=cellar&part=
3,E1,en,E1,Climate change,Energy,,3e901799-1124-11ef-a251-01aa75ed71a1,https://op.europa.eu/o/opportal-service/download-handler?identifier=3e901799-1124-11ef-a251-01aa75ed71a1&format=fmx4&language=en&productionSystem=cellar&part=
4,E2,en,E2,Pollution,Pollution of air,,3e901799-1124-11ef-a251-01aa75ed71a1,https://op.europa.eu/o/opportal-service/download-handler?identifier=3e901799-1124-11ef-a251-01aa75ed71a1&format=fmx4&language=en&productionSystem=cellar&part=
5,E2,en,E2,Pollution,Pollution of water,,3e901799-1124-11ef-a251-01aa75ed71a1,https://op.europa.eu/o/opportal-service/download-handler?identifier=3e901799-1124-11ef-a251-01aa75ed71a1&format=fmx4&language=en&productionSystem=cellar&part=
6,E2,en,E2,Pollution,Pollution of soil,,3e901799-1124-11ef-a251-01aa75ed71a1,https://op.europa.eu/o/opportal-service/download-handler?identifier=3e901799-1124-11ef-a251-01aa75ed71a1&format=fmx4&language=en&productionSystem=cellar&part=
7,E2,en,E2,Pollution,Pollution of living organisms and food resources,,3e901799-1124-11ef-a251-01aa75ed71a1,https://op.europa.eu/o/opportal-service/download-handler?identifier=3e901799-1124-11ef-a251-01aa75ed71a1&format=fmx4&language=en&productionSystem=cellar&part=
8,E2,en,E2,Pollution,Substances of concern,,3e901799-1124-11ef-a251-01aa75ed71a1,https://op.europa.eu/o/opportal-service/download-handler?identifier=3e901799-1124-11ef-a251-01aa75ed71a1&format=fmx4&language=en&productionSystem=cellar&part=
9,E2,en,E2,Pollution,Substances of very high concern,,3e901799-1124-11ef-a251-01aa75ed71a1,https://op.europa.eu/o/opportal-service/download-handler?identifier=3e901799-1124-11ef-a251-01aa75ed71a1&format=fmx4&language=en&productionSystem=cellar&part=
10,E2,en,E2,Pollution,Microplastics,,3e901799-1124-11ef-a251-01aa75ed71a1,https://op.europa.eu/o/opportal-service/download-handler?identifier=3e901799-1124-11ef-a251-01aa75ed71a1&format=fmx4&language=en&productionSystem=cellar&part=
11,E3,en,E3,Water and marine resources,Water,Water consumption,3e901799-1124-11ef-a251-01aa75ed71a1,https://op.europa.eu/o/opportal-service/download-handler?identifier=3e901799-1124-11ef-a251-01aa75ed71a1&format=fmx4&language=en&productionSystem=cellar&part=
12,E3,en,E3,Water and marine resources,Water,Water withdrawals,3e901799-1124-11ef-a251-01aa75ed71a1,https://op.europa.eu/o/opportal-service/download-handler?identifier=3e901799-1124-11ef-a251-01aa75ed71a1&format=fmx4&language=en&productionSystem=cellar&part=
13,E3,en,E3,Water and marine resources,Water,Water discharges,3e901799-1124-11ef-a251-01aa75ed71a1,https://op.europa.eu/o/opportal-service/download-handler?identifier=3e901799-1124-11ef-a251-01aa75ed71a1&format=fmx4&language=en&productionSystem=cellar&part=
14,E3,en,E3,Water and marine resources,Water,Water discharges in the oceans,3e901799-1124-11ef-a251-01aa75ed71a1,https://op.europa.eu/o/opportal-service/download-handler?identifier=3e901799-1124-11ef-a251-01aa75ed71a1&format=fmx4&language=en&productionSystem=cellar&part=
15,E3,en,E3,Water and marine resources,Marine resources,Extraction and use of marine resources,3e901799-1124-11ef-a251-01aa75ed71a1,https://op.europa.eu/o/opportal-service/download-handler?identifier=3e901799-1124-11ef-a251-01aa75ed71a1&format=fmx4&language=en&productionSystem=cellar&part=
16,E4,en,E4,Biodiversity and ecosystems,Direct impact drivers of biodiversity loss,Climate Change,3e901799-1124-11ef-a251-01aa75ed71a1,https://op.europa.eu/o/opportal-service/download-handler?identifier=3e901799-1124-11ef-a251-01aa75ed71a1&format=fmx4&language=en&productionSystem=cellar&part=
17,E4,en,E4,Biodiversity and ecosystems,Direct impact drivers of biodiversity loss,"Land-use change, fresh water-use change and sea-use change",3e901799-1124-11ef-a251-01aa75ed71a1,https://op.europa.eu/o/opportal-service/download-handler?identifier=3e901799-1124-11ef-a251-01aa75ed71a1&format=fmx4&language=en&productionSystem=cellar&part=
18,E4,en,E4,Biodiversity and ecosystems,Direct impact drivers of biodiversity loss,Direct exploitation,3e901799-1124-11ef-a251-01aa75ed71a1,https://op.europa.eu/o/opportal-service/download-handler?identifier=3e901799-1124-11ef-a251-01aa75ed71a1&format=fmx4&language=en&productionSystem=cellar&part=
19,E4,en,E4,Biodiversity and ecosystems,Direct impact drivers of biodiversity loss,Invasive alien species,3e901799-1124-11ef-a251-01aa75ed71a1,https://op.europa.eu/o/opportal-service/download-handler?identifier=3e901799-1124-11ef-a251-01aa75ed71a1&format=fmx4&language=en&productionSystem=cellar&part=
20,E4,en,E4,Biodiversity and ecosystems,Direct impact drivers of biodiversity loss,Pollution,3e901799-1124-11ef-a251-01aa75ed71a1,https://op.europa.eu/o/opportal-service/download-handler?identifier=3e901799-1124-11ef-a251-01aa75ed71a1&format=fmx4&language=en&productionSystem=cellar&part=
21,E4,en,E4,Biodiversity and ecosystems,Direct impact drivers of biodiversity loss,Others,3e901799-1124-11ef-a251-01aa75ed71a1,https://op.europa.eu/o/opportal-service/download-handler?identifier=3e901799-1124-11ef-a251-01aa75ed71a1&format=fmx4&language=en&productionSystem=cellar&part=
22,E4,en,E4,Biodiversity and ecosystems,Impacts on the state of species,,3e901799-1124-11ef-a251-01aa75ed71a1,https://op.europa.eu/o/opportal-service/download-handler?identifier=3e901799-1124-11ef-a251-01aa75ed71a1&format=fmx4&language=en&productionSystem=cellar&part=
23,E4,en,E4,Biodiversity and ecosystems,Impacts on the extent and condition of ecosystems,,3e901799-1124-11ef-a251-01aa75ed71a1,https://op.europa.eu/o/opportal-service/download-handler?identifier=3e901799-1124-11ef-a251-01aa75ed71a1&format=fmx4&language=en&productionSystem=cellar&part=
24,E4,en,E4,Biodiversity and ecosystems,Impacts and dependencies on ecosystem services,,3e901799-1124-11ef-a251-01aa75ed71a1,https://op.europa.eu/o/opportal-service/download-handler?identifier=3e901799-1124-11ef-a251-01aa75ed71a1&format=fmx4&language=en&productionSystem=cellar&part=
25,E5,en,E5,Circular economy,"Resources inflows, including resource use",,3e901799-1124-11ef-a251-01aa75ed71a1,https://op.europa.eu/o/opportal-service/download-handler?identifier=3e901799-1124-11ef-a251-01aa75ed71a1&format=fmx4&language=en&productionSystem=cellar&part=
26,E5,en,E5,Circular economy,Resource outflows related to products and services,,3e901799-1124-11ef-a251-01aa75ed71a1,https://op.europa.eu/o/opportal-service/download-handler?identifier=3e901799-1124-11ef-a251-01aa75ed71a1&format=fmx4&language=en&productionSystem=cellar&part=
27,E5,en,E5,Circular economy,Waste,,3e901799-1124-11ef-a251-01aa75ed71a1,https://op.europa.eu/o/opportal-service/download-handler?identifier=3e901799-1124-11ef-a251-01aa75ed71a1&format=fmx4&language=en&productionSystem=cellar&part=
28,S1,en,S1,Own workforce,Working conditions,Secure employment,3e901799-1124-11ef-a251-01aa75ed71a1,https://op.europa.eu/o/opportal-service/download-handler?identifier=3e901799-1124-11ef-a251-01aa75ed71a1&format=fmx4&language=en&productionSystem=cellar&part=
29,S1,en,S1,Own workforce,Working conditions,Working time,3e901799-1124-11ef-a251-01aa75ed71a1,https://op.europa.eu/o/opportal-service/download-handler?identifier=3e901799-1124-11ef-a251-01aa75ed71a1&format=fmx4&language=en&productionSystem=cellar&part=
30,S1,en,S1,Own workforce,Working conditions,Adequate wages,3e901799-1124-11ef-a251-01aa75ed71a1,https://op.europa.eu/o/opportal-service/download-handler?identifier=3e901799-1124-11ef-a251-01aa75ed71a1&format=fmx4&language=en&productionSystem=cellar&part=
31,S1,en,S1,Own workforce,Working conditions,Social dialogue,3e901799-1124-11ef-a251-01aa75ed71a1,https://op.europa.eu/o/opportal-service/download-handler?identifier=3e901799-1124-11ef-a251-01aa75ed71a1&format=fmx4&language=en&productionSystem=cellar&part=
32,S1,en,S1,Own workforce,Working conditions,"Freedom of association, the existence of works councils and the information, consultation and participation rights of workers",3e901799-1124-11ef-a251-01aa75ed71a1,https://op.europa.eu/o/opportal-service/download-handler?identifier=3e901799-1124-11ef-a251-01aa75ed71a1&format=fmx4&language=en&productionSystem=cellar&part=
33,S1,en,S1,Own workforce,Working conditions,"Collective bargaining, including rate of workers covered by collective agreements",3e901799-1124-11ef-a251-01aa75ed71a1,https://op.europa.eu/o/opportal-service/download-handler?identifier=3e901799-1124-11ef-a251-01aa75ed71a1&format=fmx4&language=en&productionSystem=cellar&part=
34,S1,en,S1,Own workforce,Working conditions,Work-life balance,3e901799-1124-11ef-a251-01aa75ed71a1,https://op.europa.eu/o/opportal-service/download-handler?identifier=3e901799-1124-11ef-a251-01aa75ed71a1&format=fmx4&language=en&productionSystem=cellar&part=
35,S1,en,S1,Own workforce,Working conditions,Health and safety,3e901799-1124-11ef-a251-01aa75ed71a1,https://op.europa.eu/o/opportal-service/download-handler?identifier=3e901799-1124-11ef-a251-01aa75ed71a1&format=fmx4&language=en&productionSystem=cellar&part=
36,S1,en,S1,Own workforce,Equal treatment and opportunities for all,Gender equality and equal pay for work of equal value,3e901799-1124-11ef-a251-01aa75ed71a1,https://op.europa.eu/o/opportal-service/download-handler?identifier=3e901799-1124-11ef-a251-01aa75ed71a1&format=fmx4&language=en&productionSystem=cellar&part=
37,S1,en,S1,Own workforce,Equal treatment and opportunities for all,Training and skills development,3e901799-1124-11ef-a251-01aa75ed71a1,https://op.europa.eu/o/opportal-service/download-handler?identifier=3e901799-1124-11ef-a251-01aa75ed71a1&format=fmx4&language=en&productionSystem=cellar&part=
38,S1,en,S1,Own workforce,Equal treatment and opportunities for all,Employment and inclusion of persons with disabilities,3e901799-1124-11ef-a251-01aa75ed71a1,https://op.europa.eu/o/opportal-service/download-handler?identifier=3e901799-1124-11ef-a251-01aa75ed71a1&format=fmx4&language=en&productionSystem=cellar&part=
39,S1,en,S1,Own workforce,Equal treatment and opportunities for all,Measures against violence and harassment in the workplace,3e901799-1124-11ef-a251-01aa75ed71a1,https://op.europa.eu/o/opportal-service/download-handler?identifier=3e901799-1124-11ef-a251-01aa75ed71a1&format=fmx4&language=en&productionSystem=cellar&part=
40,S1,en,S1,Own workforce,Equal treatment and opportunities for all,Diversity,3e901799-1124-11ef-a251-01aa75ed71a1,https://op.europa.eu/o/opportal-service/download-handler?identifier=3e901799-1124-11ef-a251-01aa75ed71a1&format=fmx4&language=en&productionSystem=cellar&part=
41,S1,en,S1,Own workforce,Other work-related rights,Child labour,3e901799-1124-11ef-a251-01aa75ed71a1,https://op.europa.eu/o/opportal-service/download-handler?identifier=3e901799-1124-11ef-a251-01aa75ed71a1&format=fmx4&language=en&productionSystem=cellar&part=
42,S1,en,S1,Own workforce,Other work-related rights,Forced labour,3e901799-1124-11ef-a251-01aa75ed71a1,https://op.europa.eu/o/opportal-service/download-handler?identifier=3e901799-1124-11ef-a251-01aa75ed71a1&format=fmx4&language=en&productionSystem=cellar&part=
43,S1,en,S1,Own workforce,Other work-related rights,Adequate housing,3e901799-1124-11ef-a251-01aa75ed71a1,https://op.europa.eu/o/opportal-service/download-handler?identifier=3e901799-1124-11ef-a251-01aa75ed71a1&format=fmx4&language=en&productionSystem=cellar&part=
44,S1,en,S1,Own workforce,Other work-related rights,Privacy,3e901799-1124-11ef-a251-01aa75ed71a1,https://op.europa.eu/o/opportal-service/download-handler?identifier=3e901799-1124-11ef-a251-01aa75ed71a1&format=fmx4&language=en&productionSystem=cellar&part=
45,S2,en,S2,Workers in the value chain,Working conditions,Secure employment,3e901799-1124-11ef-a251-01aa75ed71a1,https://op.europa.eu/o/opportal-service/download-handler?identifier=3e901799-1124-11ef-a251-01aa75ed71a1&format=fmx4&language=en&productionSystem=cellar&part=
46,S2,en,S2,Workers in the value chain,Working conditions,Working time,3e901799-1124-11ef-a251-01aa75ed71a1,https://op.europa.eu/o/opportal-service/download-handler?identifier=3e901799-1124-11ef-a251-01aa75ed71a1&format=fmx4&language=en&productionSystem=cellar&part=
47,S2,en,S2,Workers in the value chain,Working conditions,Adequate wages,3e901799-1124-11ef-a251-01aa75ed71a1,https://op.europa.eu/o/opportal-service/download-handler?identifier=3e901799-1124-11ef-a251-01aa75ed71a1&format=fmx4&language=en&productionSystem=cellar&part=
48,S2,en,S2,Workers in the value chain,Working conditions,Social dialogue,3e901799-1124-11ef-a251-01aa75ed71a1,https://op.europa.eu/o/opportal-service/download-handler?identifier=3e901799-1124-11ef-a251-01aa75ed71a1&format=fmx4&language=en&productionSystem=cellar&part=
49,S2,en,S2,Workers in the value chain,Working conditions,"Freedom of association, including the existence of work councils",3e901799-1124-11ef-a251-01aa75ed71a1,https://op.europa.eu/o/opportal-service/download-handler?identifier=3e901799-1124-11ef-a251-01aa75ed71a1&format=fmx4&language=en&productionSystem=cellar&part=
50,S2,en,S2,Workers in the value chain,Working conditions,Collective bargaining,3e901799-1124-11ef-a251-01aa75ed71a1,https://op.europa.eu/o/opportal-service/download-handler?identifier=3e901799-1124-11ef-a251-01aa75ed71a1&format=fmx4&language=en&productionSystem=cellar&part=
51,S2,en,S2,Workers in the value chain,Working conditions,Work-life balance,3e901799-1124-11ef-a251-01aa75ed71a1,https://op.europa.eu/o/opportal-service/download-handler?identifier=3e901799-1124-11ef-a251-01aa75ed71a1&format=fmx4&language=en&productionSystem=cellar&part=
52,S2,en,S2,Workers in the value chain,Working conditions,Health and safety,3e901799-1124-11ef-a251-01aa75ed71a1,https://op.europa.eu/o/opportal-service/download-handler?identifier=3e901799-1124-11ef-a251-01aa75ed71a1&format=fmx4&language=en&productionSystem=cellar&part=
53,S2,en,S2,Workers in the value chain,Equal treatment and opportunities for all,Gender equality and equal pay for work of equal value,3e901799-1124-11ef-a251-01aa75ed71a1,https://op.europa.eu/o/opportal-service/download-handler?identifier=3e901799-1124-11ef-a251-01aa75ed71a1&format=fmx4&language=en&productionSystem=cellar&part=
54,S2,en,S2,Workers in the value chain,Equal treatment and opportunities for all,Training and skills development,3e901799-1124-11ef-a251-01aa75ed71a1,https://op.europa.eu/o/opportal-service/download-handler?identifier=3e901799-1124-11ef-a251-01aa75ed71a1&format=fmx4&language=en&productionSystem=cellar&part=
55,S2,en,S2,Workers in the value chain,Equal treatment and opportunities for all,The employment and inclusion of persons with disabilities,3e901799-1124-11ef-a251-01aa75ed71a1,https://op.europa.eu/o/opportal-service/download-handler?identifier=3e901799-1124-11ef-a251-01aa75ed71a1&format=fmx4&language=en&productionSystem=cellar&part=
56,S2,en,S2,Workers in the value chain,Equal treatment and opportunities for all,Measures against violence and harassment in the workplace,3e901799-1124-11ef-a251-01aa75ed71a1,https://op.europa.eu/o/opportal-service/download-handler?identifier=3e901799-1124-11ef-a251-01aa75ed71a1&format=fmx4&language=en&productionSystem=cellar&part=
57,S2,en,S2,Workers in the value chain,Equal treatment and opportunities for all,Diversity,3e901799-1124-11ef-a251-01aa75ed71a1,https://op.europa.eu/o/opportal-service/download-handler?identifier=3e901799-1124-11ef-a251-01aa75ed71a1&format=fmx4&language=en&productionSystem=cellar&part=
58,S2,en,S2,Workers in the value chain,Other work-related rights,Child labour,3e901799-1124-11ef-a251-01aa75ed71a1,https://op.europa.eu/o/opportal-service/download-handler?identifier=3e901799-1124-11ef-a251-01aa75ed71a1&format=fmx4&language=en&productionSystem=cellar&part=
59,S2,en,S2,Workers in the value chain,Other work-related rights,Forced labour,3e901799-1124-11ef-a251-01aa75ed71a1,https://op.europa.eu/o/opportal-service/download-handler?identifier=3e901799-1124-11ef-a251-01aa75ed71a1&format=fmx4&language=en&productionSystem=cellar&part=
60,S2,en,S2,Workers in the value chain,Other work-related rights,Adequate housing,3e901799-1124-11ef-a251-01aa75ed71a1,https://op.europa.eu/o/opportal-service/download-handler?identifier=3e901799-1124-11ef-a251-01aa75ed71a1&format=fmx4&language=en&productionSystem=cellar&part=
61,S2,en,S2,Workers in the value chain,Other work-related rights,Water and sanitation,3e901799-1124-11ef-a251-01aa75ed71a1,https://op.europa.eu/o/opportal-service/download-handler?identifier=3e901799-1124-11ef-a251-01aa75ed71a1&format=fmx4&language=en&productionSystem=cellar&part=
62,S2,en,S2,Workers in the value chain,Other work-related rights,Privacy,3e901799-1124-11ef-a251-01aa75ed71a1,https://op.europa.eu/o/opportal-service/download-handler?identifier=3e901799-1124-11ef-a251-01aa75ed71a1&format=fmx4&language=en&productionSystem=cellar&part=
63,S3,en,S3,Affected communities,"Communities’ economic, social and cultural rights",Adequate housing,3e901799-1124-11ef-a251-01aa75ed71a1,https://op.europa.eu/o/opportal-service/download-handler?identifier=3e901799-1124-11ef-a251-01aa75ed71a1&format=fmx4&language=en&productionSystem=cellar&part=
64,S3,en,S3,Affected communities,"Communities’ economic, social and cultural rights",Adequate food,3e901799-1124-11ef-a251-01aa75ed71a1,https://op.europa.eu/o/opportal-service/download-handler?identifier=3e901799-1124-11ef-a251-01aa75ed71a1&format=fmx4&language=en&productionSystem=cellar&part=
65,S3,en,S3,Affected communities,"Communities’ economic, social and cultural rights",Water and sanitation,3e901799-1124-11ef-a251-01aa75ed71a1,https://op.europa.eu/o/opportal-service/download-handler?identifier=3e901799-1124-11ef-a251-01aa75ed71a1&format=fmx4&language=en&productionSystem=cellar&part=
66,S3,en,S3,Affected communities,"Communities’ economic, social and cultural rights",Land-related impacts,3e901799-1124-11ef-a251-01aa75ed71a1,https://op.europa.eu/o/opportal-service/download-handler?identifier=3e901799-1124-11ef-a251-01aa75ed71a1&format=fmx4&language=en&productionSystem=cellar&part=
67,S3,en,S3,Affected communities,"Communities’ economic, social and cultural rights",Security-related impacts,3e901799-1124-11ef-a251-01aa75ed71a1,https://op.europa.eu/o/opportal-service/download-handler?identifier=3e901799-1124-11ef-a251-01aa75ed71a1&format=fmx4&language=en&productionSystem=cellar&part=
68,S3,en,S3,Affected communities,Communities’ civil and political rights,Freedom of expression,3e901799-1124-11ef-a251-01aa75ed71a1,https://op.europa.eu/o/opportal-service/download-handler?identifier=3e901799-1124-11ef-a251-01aa75ed71a1&format=fmx4&language=en&productionSystem=cellar&part=
69,S3,en,S3,Affected communities,Communities’ civil and political rights,Freedom of assembly,3e901799-1124-11ef-a251-01aa75ed71a1,https://op.europa.eu/o/opportal-service/download-handler?identifier=3e901799-1124-11ef-a251-01aa75ed71a1&format=fmx4&language=en&productionSystem=cellar&part=
70,S3,en,S3,Affected communities,Communities’ civil and political rights,Impacts on human rights defenders,3e901799-1124-11ef-a251-01aa75ed71a1,https://op.europa.eu/o/opportal-service/download-handler?identifier=3e901799-1124-11ef-a251-01aa75ed71a1&format=fmx4&language=en&productionSystem=cellar&part=
71,S3,en,S3,Affected communities,Rights of indigenous peoples,"Free, prior and informed consent",3e901799-1124-11ef-a251-01aa75ed71a1,https://op.europa.eu/o/opportal-service/download-handler?identifier=3e901799-1124-11ef-a251-01aa75ed71a1&format=fmx4&language=en&productionSystem=cellar&part=
72,S3,en,S3,Affected communities,Rights of indigenous peoples,Self-determination,3e901799-1124-11ef-a251-01aa75ed71a1,https://op.europa.eu/o/opportal-service/download-handler?identifier=3e901799-1124-11ef-a251-01aa75ed71a1&format=fmx4&language=en&productionSystem=cellar&part=
73,S3,en,S3,Affected communities,Rights of indigenous peoples,Cultural rights,3e901799-1124-11ef-a251-01aa75ed71a1,https://op.europa.eu/o/opportal-service/download-handler?identifier=3e901799-1124-11ef-a251-01aa75ed71a1&format=fmx4&language=en&productionSystem=cellar&part=
74,S4,en,S4,Consumers and end- users,Information-related impacts for consumers and/or end-users,Privacy,3e901799-1124-11ef-a251-01aa75ed71a1,https://op.europa.eu/o/opportal-service/download-handler?identifier=3e901799-1124-11ef-a251-01aa75ed71a1&format=fmx4&language=en&productionSystem=cellar&part=
75,S4,en,S4,Consumers and end- users,Information-related impacts for consumers and/or end-users,Freedom of expression,3e901799-1124-11ef-a251-01aa75ed71a1,https://op.europa.eu/o/opportal-service/download-handler?identifier=3e901799-1124-11ef-a251-01aa75ed71a1&format=fmx4&language=en&productionSystem=cellar&part=
76,S4,en,S4,Consumers and end- users,Information-related impacts for consumers and/or end-users,Access to (quality) information,3e901799-1124-11ef-a251-01aa75ed71a1,https://op.europa.eu/o/opportal-service/download-handler?identifier=3e901799-1124-11ef-a251-01aa75ed71a1&format=fmx4&language=en&productionSystem=cellar&part=
77,S4,en,S4,Consumers and end- users,Personal safety of consumers and/or end-users,Health and safety,3e901799-1124-11ef-a251-01aa75ed71a1,https://op.europa.eu/o/opportal-service/download-handler?identifier=3e901799-1124-11ef-a251-01aa75ed71a1&format=fmx4&language=en&productionSystem=cellar&part=
78,S4,en,S4,Consumers and end- users,Personal safety of consumers and/or end-users,Security of a person,3e901799-1124-11ef-a251-01aa75ed71a1,https://op.europa.eu/o/opportal-service/download-handler?identifier=3e901799-1124-11ef-a251-01aa75ed71a1&format=fmx4&language=en&productionSystem=cellar&part=
79,S4,en,S4,Consumers and end- users,Personal safety of consumers and/or end-users,Protection of children,3e901799-1124-11ef-a251-01aa75ed71a1,https://op.europa.eu/o/opportal-service/download-handler?identifier=3e901799-1124-11ef-a251-01aa75ed71a1&format=fmx4&language=en&productionSystem=cellar&part=
80,S4,en,S4,Consumers and end- users,Social inclusion of consumers and/or end-users,Non-discrimination,3e901799-1124-11ef-a251-01aa75ed71a1,https://op.europa.eu/o/opportal-service/download-handler?identifier=3e901799-1124-11ef-a251-01aa75ed71a1&format=fmx4&language=en&productionSystem=cellar&part=
81,S4,en,S4,Consumers and end- users,Social inclusion of consumers and/or end-users,Access to products and services,3e901799-1124-11ef-a251-01aa75ed71a1,https://op.europa.eu/o/opportal-service/download-handler?identifier=3e901799-1124-11ef-a251-01aa75ed71a1&format=fmx4&language=en&productionSystem=cellar&part=
82,S4,en,S4,Consumers and end- users,Social inclusion of consumers and/or end-users,Responsible marketing practices,3e901799-1124-11ef-a251-01aa75ed71a1,https://op.europa.eu/o/opportal-service/download-handler?identifier=3e901799-1124-11ef-a251-01aa75ed71a1&format=fmx4&language=en&productionSystem=cellar&part=
83,G1,en,G1,Business conduct,Corporate culture,,3e901799-1124-11ef-a251-01aa75ed71a1,https://op.europa.eu/o/opportal-service/download-handler?identifier=3e901799-1124-11ef-a251-01aa75ed71a1&format=fmx4&language=en&productionSystem=cellar&part=
84,G1,en,G1,Business conduct,Protection of whistle-blowers,,3e901799-1124-11ef-a251-01aa75ed71a1,https://op.europa.eu/o/opportal-service/download-handler?identifier=3e901799-1124-11ef-a251-01aa75ed71a1&format=fmx4&language=en&productionSystem=cellar&part=
85,G1,en,G1,Business conduct,Animal welfare,,3e901799-1124-11ef-a251-01aa75ed71a1,https://op.europa.eu/o/opportal-service/download-handler?identifier=3e901799-1124-11ef-a251-01aa75ed71a1&format=fmx4&language=en&productionSystem=cellar&part=
86,G1,en,G1,Business conduct,Political engagement and lobbying activities,,3e901799-1124-11ef-a251-01aa75ed71a1,https://op.europa.eu/o/opportal-service/download-handler?identifier=3e901799-1124-11ef-a251-01aa75ed71a1&format=fmx4&language=en&productionSystem=cellar&part=
87,G1,en,G1,Business conduct,Management of relationships with suppliers including payment practices,,3e901799-1124-11ef-a251-01aa75ed71a1,https://op.europa.eu/o/opportal-service/download-handler?identifier=3e901799-1124-11ef-a251-01aa75ed71a1&format=fmx4&language=en&productionSystem=cellar&part=
88,G1,en,G1,Business conduct,Corruption and bribery,Prevention and detection including training,3e901799-1124-11ef-a251-01aa75ed71a1,https://op.europa.eu/o/opportal-service/download-handler?identifier=3e901799-1124-11ef-a251-01aa75ed71a1&format=fmx4&language=en&productionSystem=cellar&part=
89,G1,en,G1,Business conduct,Corruption and bribery,Incidents,3e901799-1124-11ef-a251-01aa75ed71a1,https://op.europa.eu/o/opportal-service/download-handler?identifier=3e901799-1124-11ef-a251-01aa75ed71a1&format=fmx4&language=en&productionSystem=cellar&part=
1,E1,es,E1,Cambio climático,Adaptación al cambio climático,,3e901799-1124-11ef-a251-01aa75ed71a1,https://op.europa.eu/o/opportal-service/download-handler?identifier=3e901799-1124-11ef-a251-01aa75ed71a1&format=fmx4&language=es&productionSystem=cellar&part=
2,E1,es,E1,Cambio climático,Mitigación del cambio climático,,3e901799-1124-11ef-a251-01aa75ed71a1,https://op.europa.eu/o/opportal-service/download-handler?identifier=3e901799-1124-11ef-a251-01aa75ed71a1&format=fmx4&language=es&productionSystem=cellar&part=
3,E1,es,E1,Cambio climático,Energía,,3e901799-1124-11ef-a251-01aa75ed71a1,https://op.europa.eu/o/opportal-service/download-handler?identifier=3e901799-1124-11ef-a251-01aa75ed71a1&format=fmx4&language=es&productionSystem=cellar&part=
4,E2,es,E2,Contaminación,Contaminación del aire,,3e901799-1124-11ef-a251-01aa75ed71a1,https://op.europa.eu/o/opportal-service/download-handler?identifier=3e901799-1124-11ef-a251-01aa75ed71a1&format=fmx4&language=es&productionSystem=cellar&part=
5,E2,es,E2,Contaminación,Contaminación del agua,,3e901799-1124-11ef-a251-01aa75ed71a1,https://op.europa.eu/o/opportal-service/download-handler?identifier=3e901799-1124-11ef-a251-01aa75ed71a1&format=fmx4&language=es&productionSystem=cellar&part=
6,E2,es,E2,Contaminación,Contaminación del suelo,,3e901799-1124-11ef-a251-01aa75ed71a1,https://op.europa.eu/o/opportal-service/download-handler?identifier=3e901799-1124-11ef-a251-01aa75ed71a1&format=fmx4&language=es&productionSystem=cellar&part=
7,E2,es,E2,Contaminación,Contaminación de organismos vivos y recursos alimentarios,,3e901799-1124-11ef-a251-01aa75ed71a1,https://op.europa.eu/o/opportal-service/download-handler?identifier=3e901799-1124-11ef-a251-01aa75ed71a1&format=fmx4&language=es&productionSystem=cellar&part=
8,E2,es,E2,Contaminación,Sustancias preocupantes,,3e901799-1124-11ef-a251-01aa75ed71a1,https://op.europa.eu/o/opportal-service/download-handler?identifier=3e901799-1124-11ef-a251-01aa75ed71a1&format=fmx4&language=es&productionSystem=cellar&part=
9,E2,es,E2,Contaminación,Sustancias extremadamente preocupantes,,3e901799-1124-11ef-a251-01aa75ed71a1,https://op.europa.eu/o/opportal-service/download-handler?identifier=3e901799-1124-11ef-a251-01aa75ed71a1&format=fmx4&language=es&productionSystem=cellar&part=
10,E2,es,E2,Contaminación,Microplásticos,,3e901799-1124-11ef-a251-01aa75ed71a1,https://op.europa.eu/o/opportal-service/download-handler?identifier=3e901799-1124-11ef-a251-01aa75ed71a1&format=fmx4&language=es&productionSystem=cellar&part=
11,E3,es,E3,Agua y recursos marinos,Agua,Consumo de agua,3e901799-1124-11ef-a251-01aa75ed71a1,https://op.europa.eu/o/opportal-service/download-handler?identifier=3e901799-1124-11ef-a251-01aa75ed71a1&format=fmx4&language=es&productionSystem=cellar&part=
12,E3,es,E3,Agua y recursos marinos,Agua,Extracciones de agua,3e901799-1124-11ef-a251-01aa75ed71a1,https://op.europa.eu/o/opportal-service/download-handler?identifier=3e901799-1124-11ef-a251-01aa75ed71a1&format=fmx4&language=es&productionSystem=cellar&part=
13,E3,es,E3,Agua y recursos marinos,Agua,Vertidos de agua,3e901799-1124-11ef-a251-01aa75ed71a1,https://op.europa.eu/o/opportal-service/download-handler?identifier=3e901799-1124-11ef-a251-01aa75ed71a1&format=fmx4&language=es&productionSystem=cellar&part=
14,E3,es,E3,Agua y recursos marinos,Agua,Vertidos de agua en los océanos,3e901799-1124-11ef-a251-01aa75ed71a1,https://op.europa.eu/o/opportal-service/download-handler?identifier=3e901799-1124-11ef-a251-01aa75ed71a1&format=fmx4&language=es&productionSystem=cellar&part=
15,E3,es,E3,Agua y recursos marinos,Recursos marinos,Extracción y utilización de los recursos marinos,3e901799-1124-11ef-a251-01aa75ed71a1,https://op.europa.eu/o/opportal-service/download-handler?identifier=3e901799-1124-11ef-a251-01aa75ed71a1&format=fmx4&language=es&productionSystem=cellar&part=
16,E4,es,E4,Biodiversidad y ecosistemas,Factores de incidencia directa sobre la pérdida de biodiversidad,Cambio climático,3e901799-1124-11ef-a251-01aa75ed71a1,https://op.europa.eu/o/opportal-service/download-handler?identifier=3e901799-1124-11ef-a251-01aa75ed71a1&format=fmx4&language=es&productionSystem=cellar&part=
17,E4,es,E4,Biodiversidad y ecosistemas,Factores de incidencia directa sobre la pérdida de biodiversidad,"Cambio del uso de la tierra, cambio del uso de las aguas dulces y cambio del uso del mar",3e901799-1124-11ef-a251-01aa75ed71a1,https://op.europa.eu/o/opportal-service/download-handler?identifier=3e901799-1124-11ef-a251-01aa75ed71a1&format=fmx4&language=es&productionSystem=cellar&part=
18,E4,es,E4,Biodiversidad y ecosistemas,Factores de incidencia directa sobre la pérdida de biodiversidad,Explotación directa,3e901799-1124-11ef-a251-01aa75ed71a1,https://op.europa.eu/o/opportal-service/download-handler?identifier=3e901799-1124-11ef-a251-01aa75ed71a1&format=fmx4&language=es&productionSystem=cellar&part=
19,E4,es,E4,Biodiversidad y ecosistemas,Factores de incidencia directa sobre la pérdida de biodiversidad,Especies exóticas invasoras,3e901799-1124-11ef-a251-01aa75ed71a1,https://op.europa.eu/o/opportal-service/download-handler?identifier=3e901799-1124-11ef-a251-01aa75ed71a1&format=fmx4&language=es&productionSystem=cellar&part=
20,E4,es,E4,Biodiversidad y ecosistemas,Factores de incidencia directa sobre la pérdida de biodiversidad,Contaminación,3e901799-1124-11ef-a251-01aa75ed71a1,https://op.europa.eu/o/opportal-service/download-handler?identifier=3e901799-1124-11ef-a251-01aa75ed71a1&format=fmx4&language=es&productionSystem=cellar&part=
21,E4,es,E4,Biodiversidad y ecosistemas,Factores de incidencia directa sobre la pérdida de biodiversidad,Otros,3e901799-1124-11ef-a251-01aa75ed71a1,https://op.europa.eu/o/opportal-service/download-handler?identifier=3e901799-1124-11ef-a251-01aa75ed71a1&format=fmx4&language=es&productionSystem=cellar&part=
22,E4,es,E4,Biodiversidad y ecosistemas,Incidencias sobre el estado de las especies,,3e901799-1124-11ef-a251-01aa75ed71a1,https://op.europa.eu/o/opportal-service/download-handler?identifier=3e901799-1124-11ef-a251-01aa75ed71a1&format=fmx4&language=es&productionSystem=cellar&part=
23,E4,es,E4,Biodiversidad y ecosistemas,Incidencias sobre la extensión y el estado de los ecosistemas,,3e901799-1124-11ef-a251-01aa75ed71a1,https://op.europa.eu/o/opportal-service/download-handler?identifier=3e901799-1124-11ef-a251-01aa75ed71a1&format=fmx4&language=es&productionSystem=cellar&part=
24,E4,es,E4,Biodiversidad y ecosistemas,Incidencias sobre los servicios ecosistémicos y dependencias de estos servicios,,3e901799-1124-11ef-a251-01aa75ed71a1,https://op.europa.eu/o/opportal-service/download-handler?identifier=3e901799-1124-11ef-a251-01aa75ed71a1&format=fmx4&language=es&productionSystem=cellar&part=
25,E5,es,E5,Economía circular,"Entradas de recursos, incluida la utilización de los recursos",,3e901799-1124-11ef-a251-01aa75ed71a1,https://op.europa.eu/o/opportal-service/download-handler?identifier=3e901799-1124-11ef-a251-01aa75ed71a1&format=fmx4&language=es&productionSystem=cellar&part=
26,E5,es,E5,Economía circular,Salidas de recursos relacionadas con productos y servicios,,3e901799-1124-11ef-a251-01aa75ed71a1,https://op.europa.eu/o/opportal-service/download-handler?identifier=3e901799-1124-11ef-a251-01aa75ed71a1&format=fmx4&language=es&productionSystem=cellar&part=
27,E5,es,E5,Economía circular,Residuos,,3e901799-1124-11ef-a251-01aa75ed71a1,https://op.europa.eu/o/opportal-service/download-handler?identifier=3e901799-1124-11ef-a251-01aa75ed71a1&format=fmx4&language=es&productionSystem=cellar&part=
28,S1,es,S1,Personal propio,Condiciones de trabajo,Empleo seguro,3e901799-1124-11ef-a251-01aa75ed71a1,https://op.europa.eu/o/opportal-service/download-handler?identifier=3e901799-1124-11ef-a251-01aa75ed71a1&format=fmx4&language=es&productionSystem=cellar&part=
29,S1,es,S1,Personal propio,Condiciones de trabajo,Tiempo de trabajo,3e901799-1124-11ef-a251-01aa75ed71a1,https://op.europa.eu/o/opportal-service/download-handler?identifier=3e901799-1124-11ef-a251-01aa75ed71a1&format=fmx4&language=es&productionSystem=cellar&part=
30,S1,es,S1,Personal propio,Condiciones de trabajo,Salarios adecuados,3e901799-1124-11ef-a251-01aa75ed71a1,https://op.europa.eu/o/opportal-service/download-handler?identifier=3e901799-1124-11ef-a251-01aa75ed71a1&format=fmx4&language=es&productionSystem=cellar&part=
31,S1,es,S1,Personal propio,Condiciones de trabajo,Diálogo social,3e901799-1124-11ef-a251-01aa75ed71a1,https://op.europa.eu/o/opportal-service/download-handler?identifier=3e901799-1124-11ef-a251-01aa75ed71a1&format=fmx4&language=es&productionSystem=cellar&part=
32,S1,es,S1,Personal propio,Condiciones de trabajo,"Libertad de asociación, la existencia de comités de empresa y los derechos de información, consulta y participación de los trabajadores",3e901799-1124-11ef-a251-01aa75ed71a1,https://op.europa.eu/o/opportal-service/download-handler?identifier=3e901799-1124-11ef-a251-01aa75ed71a1&format=fmx4&language=es&productionSystem=cellar&part=
33,S1,es,S1,Personal propio,Condiciones de trabajo,"Negociación colectiva, incluida la proporción de trabajadores cubiertos por convenios colectivos",3e901799-1124-11ef-a251-01aa75ed71a1,https://op.europa.eu/o/opportal-service/download-handler?identifier=3e901799-1124-11ef-a251-01aa75ed71a1&format=fmx4&language=es&productionSystem=cellar&part=
34,S1,es,S1,Personal propio,Condiciones de trabajo,Conciliación laboral,3e901799-1124-11ef-a251-01aa75ed71a1,https://op.europa.eu/o/opportal-service/download-handler?identifier=3e901799-1124-11ef-a251-01aa75ed71a1&format=fmx4&language=es&productionSystem=cellar&part=
35,S1,es,S1,Personal propio,Condiciones de trabajo,Salud y seguridad,3e901799-1124-11ef-a251-01aa75ed71a1,https://op.europa.eu/o/opportal-service/download-handler?identifier=3e901799-1124-11ef-a251-01aa75ed71a1&format=fmx4&language=es&productionSystem=cellar&part=
36,S1,es,S1,Personal propio,Igualdad de trato y oportunidades para todos,Igualdad de género e igualdad de remuneración por un trabajo de igual valor,3e901799-1124-11ef-a251-01aa75ed71a1,https://op.europa.eu/o/opportal-service/download-handler?identifier=3e901799-1124-11ef-a251-01aa75ed71a1&format=fmx4&language=es&productionSystem=cellar&part=
37,S1,es,S1,Personal propio,Igualdad de trato y oportunidades para todos,Formación y desarrollo de capacidades,3e901799-1124-11ef-a251-01aa75ed71a1,https://op.europa.eu/o/opportal-service/download-handler?identifier=3e901799-1124-11ef-a251-01aa75ed71a1&format=fmx4&language=es&productionSystem=cellar&part=
38,S1,es,S1,Personal propio,Igualdad de trato y oportunidades para todos,Empleo e inclusión de las personas con discapacidad,3e901799-1124-11ef-a251-01aa75ed71a1,https://op.europa.eu/o/opportal-service/download-handler?identifier=3e901799-1124-11ef-a251-01aa75ed71a1&format=fmx4&language=es&productionSystem=cellar&part=
39,S1,es,S1,Personal propio,Igualdad de trato y oportunidades para todos,Medidas contra la violencia y el acoso en el lugar de trabajo,3e901799-1124-11ef-a251-01aa75ed71a1,https://op.europa.eu/o/opportal-service/download-handler?identifier=3e901799-1124-11ef-a251-01aa75ed71a1&format=fmx4&language=es&productionSystem=cellar&part=
40,S1,es,S1,Personal propio,Igualdad de trato y oportunidades para todos,Diversidad,3e901799-1124-11ef-a251-01aa75ed71a1,https://op.europa.eu/o/opportal-service/download-handler?identifier=3e901799-1124-11ef-a251-01aa75ed71a1&format=fmx4&language=es&productionSystem=cellar&part=
41,S1,es,S1,Personal propio,Otros derechos laborales,Trabajo infantil,3e901799-1124-11ef-a251-01aa75ed71a1,https://op.europa.eu/o/opportal-service/download-handler?identifier=3e901799-1124-11ef-a251-01aa75ed71a1&format=fmx4&language=es&productionSystem=cellar&part=
42,S1,es,S1,Personal propio,Otros derechos laborales,Trabajo forzoso,3e901799-1124-11ef-a251-01aa75ed71a1,https://op.europa.eu/o/opportal-service/download-handler?identifier=3e901799-1124-11ef-a251-01aa75ed71a1&format=fmx4&language=es&productionSystem=cellar&part=
43,S1,es,S1,Personal propio,Otros derechos laborales,Vivienda adecuada,3e901799-1124-11ef-a251-01aa75ed71a1,https://op.europa.eu/o/opportal-service/download-handler?identifier=3e901799-1124-11ef-a251-01aa75ed71a1&format=fmx4&language=es&productionSystem=cellar&part=
44,S1,es,S1,Personal propio,Otros derechos laborales,Privacidad,3e901799-1124-11ef-a251-01aa75ed71a1,https://op.europa.eu/o/opportal-service/download-handler?identifier=3e901799-1124-11ef-a251-01aa75ed71a1&format=fmx4&language=es&productionSystem=cellar&part=
45,S2,es,S2,Trabajadores de la cadena de valor,Condiciones de trabajo,Empleo seguro,3e901799-1124-11ef-a251-01aa75ed71a1,https://op.europa.eu/o/opportal-service/download-handler?identifier=3e901799-1124-11ef-a251-01aa75ed71a1&format=fmx4&language=es&productionSystem=cellar&part=
46,S2,es,S2,Trabajadores de la cadena de valor,Condiciones de trabajo,Tiempo de trabajo,3e901799-1124-11ef-a251-01aa75ed71a1,https://op.europa.eu/o/opportal-service/download-handler?identifier=3e901799-1124-11ef-a251-01aa75ed71a1&format=fmx4&language=es&productionSystem=cellar&part=
47,S2,es,S2,Trabajadores de la cadena de valor,Condiciones de trabajo,Salarios adecuados,3e901799-1124-11ef-a251-01aa75ed71a1,https://op.europa.eu/o/opportal-service/download-handler?identifier=3e901799-1124-11ef-a251-01aa75ed71a1&format=fmx4&language=es&productionSystem=cellar&part=
48,S2,es,S2,Trabajadores de la cadena de valor,Condiciones de trabajo,Diálogo social,3e901799-1124-11ef-a251-01aa75ed71a1,https://op.europa.eu/o/opportal-service/download-handler?identifier=3e901799-1124-11ef-a251-01aa75ed71a1&format=fmx4&language=es&productionSystem=cellar&part=
49,S2,es,S2,Trabajadores de la cadena de valor,Condiciones de trabajo,"Libertad de asociación, incluida la existencia de comités de empresa",3e901799-1124-11ef-a251-01aa75ed71a1,https://op.europa.eu/o/opportal-service/download-handler?identifier=3e901799-1124-11ef-a251-01aa75ed71a1&format=fmx4&language=es&productionSystem=cellar&part=
50,S2,es,S2,Trabajadores de la cadena de valor,Condiciones de trabajo,Negociación colectiva,3e901799-1124-11ef-a251-01aa75ed71a1,https://op.europa.eu/o/opportal-service/download-handler?identifier=3e901799-1124-11ef-a251-01aa75ed71a1&format=fmx4&language=es&productionSystem=cellar&part=
51,S2,es,S2,Trabajadores de la cadena de valor,Condiciones de trabajo,Conciliación laboral,3e901799-1124-11ef-a251-01aa75ed71a1,https://op.europa.eu/o/opportal-service/download-handler?identifier=3e901799-1124-11ef-a251-01aa75ed71a1&format=fmx4&language=es&productionSystem=cellar&part=
52,S2,es,S2,Trabajadores de la cadena de valor,Condiciones de trabajo,Salud y seguridad,3e901799-1124-11ef-a251-01aa75ed71a1,https://op.europa.eu/o/opportal-service/download-handler?identifier=3e901799-1124-11ef-a251-01aa75ed71a1&format=fmx4&language=es&productionSystem=cellar&part=
53,S2,es,S2,Trabajadores de la cadena de valor,Igualdad de trato y oportunidades para todos,Igualdad de género e igualdad de remuneración por un trabajo de igual valor,3e901799-1124-11ef-a251-01aa75ed71a1,https://op.europa.eu/o/opportal-service/download-handler?identifier=3e901799-1124-11ef-a251-01aa75ed71a1&format=fmx4&language=es&productionSystem=cellar&part=
54,S2,es,S2,Trabajadores de la cadena de valor,Igualdad de trato y oportunidades para todos,Formación y desarrollo de capacidades,3e901799-1124-11ef-a251-01aa75ed71a1,https://op.europa.eu/o/opportal-service/download-handler?identifier=3e901799-1124-11ef-a251-01aa75ed71a1&format=fmx4&language=es&productionSystem=cellar&part=
55,S2,es,S2,Trabajadores de la cadena de valor,Igualdad de trato y oportunidades para todos,El empleo y la inclusión de las personas con discapacidad,3e901799-1124-11ef-a251-01aa75ed71a1,https://op.europa.eu/o/opportal-service/download-handler?identifier=3e901799-1124-11ef-a251-01aa75ed71a1&format=fmx4&language=es&productionSystem=cellar&part=
56,S2,es,S2,Trabajadores de la cadena de valor,Igualdad de trato y oportunidades para todos,Medidas contra la violencia y el acoso en el lugar de trabajo,3e901799-1124-11ef-a251-01aa75ed71a1,https://op.europa.eu/o/opportal-service/download-handler?identifier=3e901799-1124-11ef-a251-01aa75ed71a1&format=fmx4&language=es&productionSystem=cellar&part=
57,S2,es,S2,Trabajadores de la cadena de valor,Igualdad de trato y oportunidades para todos,Diversidad,3e901799-1124-11ef-a251-01aa75ed71a1,https://op.europa.eu/o/opportal-service/download-handler?identifier=3e901799-1124-11ef-a251-01aa75ed71a1&format=fmx4&language=es&productionSystem=cellar&part=
58,S2,es,S2,Trabajadores de la cadena de valor,Otros derechos laborales,Trabajo infantil,3e901799-1124-11ef-a251-01aa75ed71a1,https://op.europa.eu/o/opportal-service/download-handler?identifier=3e901799-1124-11ef-a251-01aa75ed71a1&format=fmx4&language=es&productionSystem=cellar&part=
59,S2,es,S2,Trabajadores de la cadena de valor,Otros derechos laborales,Trabajo forzoso,3e901799-1124-11ef-a251-01aa75ed71a1,https://op.europa.eu/o/opportal-service/download-handler?identifier=3e901799-1124-11ef-a251-01aa75ed71a1&format=fmx4&language=es&productionSystem=cellar&part=
60,S2,es,S2,Trabajadores de la cadena de valor,Otros derechos laborales,Vivienda adecuada,3e901799-1124-11ef-a251-01aa75ed71a1,https://op.europa.eu/o/opportal-service/download-handler?identifier=3e901799-1124-11ef-a251-01aa75ed71a1&format=fmx4&language=es&productionSystem=cellar&part=
61,S2,es,S2,Trabajadores de la cadena de valor,Otros derechos laborales,Agua y saneamiento,3e901799-1124-11ef-a251-01aa75ed71a1,https://op.europa.eu/o/opportal-service/download-handler?identifier=3e901799-1124-11ef-a251-01aa75ed71a1&format=fmx4&language=es&productionSystem=cellar&part=
62,S2,es,S2,Trabajadores de la cadena de valor,Otros derechos laborales,Privacidad,3e901799-1124-11ef-a251-01aa75ed71a1,https://op.europa.eu/o/opportal-service/download-handler?identifier=3e901799-1124-11ef-a251-01aa75ed71a1&format=fmx4&language=es&productionSystem=cellar&part=
63,S3,es,S3,Colectivos afectados,"Derechos económicos, sociales y culturales de los colectivos",Vivienda adecuada,3e901799-1124-11ef-a251-01aa75ed71a1,https://op.europa.eu/o/opportal-service/download-handler?identifier=3e901799-1124-11ef-a251-01aa75ed71a1&format=fmx4&language=es&productionSystem=cellar&part=
64,S3,es,S3,Colectivos afectados,"Derechos económicos, sociales y culturales de los colectivos",Alimentación adecuada,3e901799-1124-11ef-a251-01aa75ed71a1,https://op.europa.eu/o/opportal-service/download-handler?identifier=3e901799-1124-11ef-a251-01aa75ed71a1&format=fmx4&language=es&productionSystem=cellar&part=
65,S3,es,S3,Colectivos afectados,"Derechos económicos, sociales y culturales de los colectivos",Agua y saneamiento,3e901799-1124-11ef-a251-01aa75ed71a1,https://op.europa.eu/o/opportal-service/download-handler?identifier=3e901799-1124-11ef-a251-01aa75ed71a1&format=fmx4&language=es&productionSystem=cellar&part=
66,S3,es,S3,Colectivos afectados,"Derechos económicos, sociales y culturales de los colectivos",Incidencias relacionadas con la tierra,3e901799-1124-11ef-a251-01aa75ed71a1,https://op.europa.eu/o/opportal-service/download-handler?identifier=3e901799-1124-11ef-a251-01aa75ed71a1&format=fmx4&language=es&productionSystem=cellar&part=
67,S3,es,S3,Colectivos afectados,"Derechos económicos, sociales y culturales de los colectivos",Incidencias relacionadas con la seguridad,3e901799-1124-11ef-a251-01aa75ed71a1,https://op.europa.eu/o/opportal-service/download-handler?identifier=3e901799-1124-11ef-a251-01aa75ed71a1&format=fmx4&language=es&productionSystem=cellar&part=
68,S3,es,S3,Colectivos afectados,Derechos civiles y políticos de los colectivos,Libertad de expresión,3e901799-1124-11ef-a251-01aa75ed71a1,https://op.europa.eu/o/opportal-service/download-handler?identifier=3e901799-1124-11ef-a251-01aa75ed71a1&format=fmx4&language=es&productionSystem=cellar&part=
69,S3,es,S3,Colectivos afectados,Derechos civiles y políticos de los colectivos,Libertad de reunión,3e901799-1124-11ef-a251-01aa75ed71a1,https://op.europa.eu/o/opportal-service/download-handler?identifier=3e901799-1124-11ef-a251-01aa75ed71a1&format=fmx4&language=es&productionSystem=cellar&part=
70,S3,es,S3,Colectivos afectados,Derechos civiles y políticos de los colectivos,Incidencias sobre los defensores de los derechos humanos,3e901799-1124-11ef-a251-01aa75ed71a1,https://op.europa.eu/o/opportal-service/download-handler?identifier=3e901799-1124-11ef-a251-01aa75ed71a1&format=fmx4&language=es&productionSystem=cellar&part=
71,S3,es,S3,Colectivos afectados,Derechos de pueblos indígenas,"Consentimiento libre, previo e informado",3e901799-1124-11ef-a251-01aa75ed71a1,https://op.europa.eu/o/opportal-service/download-handler?identifier=3e901799-1124-11ef-a251-01aa75ed71a1&format=fmx4&language=es&productionSystem=cellar&part=
72,S3,es,S3,Colectivos afectados,Derechos de pueblos indígenas,Autodeterminación,3e901799-1124-11ef-a251-01aa75ed71a1,https://op.europa.eu/o/opportal-service/download-handler?identifier=3e901799-1124-11ef-a251-01aa75ed71a1&format=fmx4&language=es&productionSystem=cellar&part=
73,S3,es,S3,Colectivos afectados,Derechos de pueblos indígenas,Derechos culturales,3e901799-1124-11ef-a251-01aa75ed71a1,https://op.europa.eu/o/opportal-service/download-handler?identifier=3e901799-1124-11ef-a251-01aa75ed71a1&format=fmx4&language=es&productionSystem=cellar&part=
74,S4,es,S4,Consumidores y usuarios finales,Incidencias relacionadas con la información para los consumidores o usuarios finales,Privacidad,3e901799-1124-11ef-a251-01aa75ed71a1,https://op.europa.eu/o/opportal-service/download-handler?identifier=3e901799-1124-11ef-a251-01aa75ed71a1&format=fmx4&language=es&productionSystem=cellar&part=
75,S4,es,S4,Consumidores y usuarios finales,Incidencias relacionadas con la información para los consumidores o usuarios finales,Libertad de expresión,3e901799-1124-11ef-a251-01aa75ed71a1,https://op.europa.eu/o/opportal-service/download-handler?identifier=3e901799-1124-11ef-a251-01aa75ed71a1&format=fmx4&language=es&productionSystem=cellar&part=
76,S4,es,S4,Consumidores y usuarios finales,Incidencias relacionadas con la información para los consumidores o usuarios finales,Acceso a la información (de calidad),3e901799-1124-11ef-a251-01aa75ed71a1,https://op.europa.eu/o/opportal-service/download-handler?identifier=3e901799-1124-11ef-a251-01aa75ed71a1&format=fmx4&language=es&productionSystem=cellar&part=
77,S4,es,S4,Consumidores y usuarios finales,Seguridad personal de los consumidores o usuarios finales,Salud y seguridad,3e901799-1124-11ef-a251-01aa75ed71a1,https://op.europa.eu/o/opportal-service/download-handler?identifier=3e901799-1124-11ef-a251-01aa75ed71a1&format=fmx4&language=es&productionSystem=cellar&part=
78,S4,es,S4,Consumidores y usuarios finales,Seguridad personal de los consumidores o usuarios finales,Seguridad de una persona,3e901799-1124-11ef-a251-01aa75ed71a1,https://op.europa.eu/o/opportal-service/download-handler?identifier=3e901799-1124-11ef-a251-01aa75ed71a1&format=fmx4&language=es&productionSystem=cellar&part=
79,S4,es,S4,Consumidores y usuarios finales,Seguridad personal de los consumidores o usuarios finales,Protección de los niños,3e901799-1124-11ef-a251-01aa75ed71a1,https://op.europa.eu/o/opportal-service/download-handler?identifier=3e901799-1124-11ef-a251-01aa75ed71a1&format=fmx4&language=es&productionSystem=cellar&part=
80,S4,es,S4,Consumidores y usuarios finales,Inclusión social de los consumidores o usuarios finales,No discriminación,3e901799-1124-11ef-a251-01aa75ed71a1,https://op.europa.eu/o/opportal-service/download-handler?identifier=3e901799-1124-11ef-a251-01aa75ed71a1&format=fmx4&language=es&productionSystem=cellar&part=
81,S4,es,S4,Consumidores y usuarios finales,Inclusión social de los consumidores o usuarios finales,Acceso a productos y servicios,3e901799-1124-11ef-a251-01aa75ed71a1,https://op.europa.eu/o/opportal-service/download-handler?identifier=3e901799-1124-11ef-a251-01aa75ed71a1&format=fmx4&language=es&productionSystem=cellar&part=
82,S4,es,S4,Consumidores y usuarios finales,Inclusión social de los consumidores o usuarios finales,Prácticas de marketing responsables,3e901799-1124-11ef-a251-01aa75ed71a1,https://op.europa.eu/o/opportal-service/download-handler?identifier=3e901799-1124-11ef-a251-01aa75ed71a1&format=fmx4&language=es&productionSystem=cellar&part=
83,G1,es,G1,Conducta empresarial,Cultura corporativa,,3e901799-1124-11ef-a251-01aa75ed71a1,https://op.europa.eu/o/opportal-service/download-handler?identifier=3e901799-1124-11ef-a251-01aa75ed71a1&format=fmx4&language=es&productionSystem=cellar&part=
84,G1,es,G1,Conducta empresarial,Protección de los denunciantes,,3e901799-1124-11ef-a251-01aa75ed71a1,https://op.europa.eu/o/opportal-service/download-handler?identifier=3e901799-1124-11ef-a251-01aa75ed71a1&format=fmx4&language=es&productionSystem=cellar&part=
85,G1,es,G1,Conducta empresarial,Bienestar animal,,3e901799-1124-11ef-a251-01aa75ed71a1,https://op.europa.eu/o/opportal-service/download-handler?identifier=3e901799-1124-11ef-a251-01aa75ed71a1&format=fmx4&language=es&productionSystem=cellar&part=
86,G1,es,G1,Conducta empresarial,Compromiso político y actividades de los grupos de presión,,3e901799-1124-11ef-a251-01aa75ed71a1,https://op.europa.eu/o/opportal-service/download-handler?identifier=3e901799-1124-11ef-a251-01aa75ed71a1&format=fmx4&language=es&productionSystem=cellar&part=
87,G1,es,G1,Conducta empresarial,"Gestión de las relaciones con los proveedores, incluidas las prácticas de pago",,3e901799-1124-11ef-a251-01aa75ed71a1,https://op.europa.eu/o/opportal-service/download-handler?identifier=3e901799-1124-11ef-a251-01aa75ed71a1&format=fmx4&language=es&productionSystem=cellar&part=
88,G1,es,G1,Conducta empresarial,Corrupción y soborno,"y detección, incluida la formación Prevención",3e901799-1124-11ef-a251-01aa75ed71a1,https://op.europa.eu/o/opportal-service/download-handler?identifier=3e901799-1124-11ef-a251-01aa75ed71a1&format=fmx4&language=es&productionSystem=cellar&part=
89,G1,es,G1,Conducta empresarial,Corrupción y soborno,Casos,3e901799-1124-11ef-a251-01aa75ed71a1,https://op.europa.eu/o/opportal-service/download-handler?identifier=3e901799-1124-11ef-a251-01aa75ed71a1&format=fmx4&language=es&productionSystem=cellar&part=
1,E1,et,E1,Kliimamuutus,Kliimamuutustega kohanemine,,3e901799-1124-11ef-a251-01aa75ed71a1,https://op.europa.eu/o/opportal-service/download-handler?identifier=3e901799-1124-11ef-a251-01aa75ed71a1&format=fmx4&language=et&productionSystem=cellar&part=
2,E1,et,E1,Kliimamuutus,Kliimamuutuste leevendamine,,3e901799-1124-11ef-a251-01aa75ed71a1,https://op.europa.eu/o/opportal-service/download-handler?identifier=3e901799-1124-11ef-a251-01aa75ed71a1&format=fmx4&language=et&productionSystem=cellar&part=
3,E1,et,E1,Kliimamuutus,Energia,,3e901799-1124-11ef-a251-01aa75ed71a1,https://op.europa.eu/o/opportal-service/download-handler?identifier=3e901799-1124-11ef-a251-01aa75ed71a1&format=fmx4&language=et&productionSystem=cellar&part=
4,E2,et,E2,Reostus,Õhusaaste,,3e901799-1124-11ef-a251-01aa75ed71a1,https://op.europa.eu/o/opportal-service/download-handler?identifier=3e901799-1124-11ef-a251-01aa75ed71a1&format=fmx4&language=et&productionSystem=cellar&part=
5,E2,et,E2,Reostus,Veesaaste,,3e901799-1124-11ef-a251-01aa75ed71a1,https://op.europa.eu/o/opportal-service/download-handler?identifier=3e901799-1124-11ef-a251-01aa75ed71a1&format=fmx4&language=et&productionSystem=cellar&part=
6,E2,et,E2,Reostus,Pinnase saastamine,,3e901799-1124-11ef-a251-01aa75ed71a1,https://op.europa.eu/o/opportal-service/download-handler?identifier=3e901799-1124-11ef-a251-01aa75ed71a1&format=fmx4&language=et&productionSystem=cellar&part=
7,E2,et,E2,Reostus,Elusorganismide ja toiduressursside saastamine,,3e901799-1124-11ef-a251-01aa75ed71a1,https://op.europa.eu/o/opportal-service/download-handler?identifier=3e901799-1124-11ef-a251-01aa75ed71a1&format=fmx4&language=et&productionSystem=cellar&part=
8,E2,et,E2,Reostus,Probleemne aine,,3e901799-1124-11ef-a251-01aa75ed71a1,https://op.europa.eu/o/opportal-service/download-handler?identifier=3e901799-1124-11ef-a251-01aa75ed71a1&format=fmx4&language=et&productionSystem=cellar&part=
9,E2,et,E2,Reostus,Väga ohtlik aine,,3e901799-1124-11ef-a251-01aa75ed71a1,https://op.europa.eu/o/opportal-service/download-handler?identifier=3e901799-1124-11ef-a251-01aa75ed71a1&format=fmx4&language=et&productionSystem=cellar&part=
10,E2,et,E2,Reostus,Mikroplast,,3e901799-1124-11ef-a251-01aa75ed71a1,https://op.europa.eu/o/opportal-service/download-handler?identifier=3e901799-1124-11ef-a251-01aa75ed71a1&format=fmx4&language=et&productionSystem=cellar&part=
11,E3,et,E3,Vee- ja mereressursid,Vesi,Veetarbimine,3e901799-1124-11ef-a251-01aa75ed71a1,https://op.europa.eu/o/opportal-service/download-handler?identifier=3e901799-1124-11ef-a251-01aa75ed71a1&format=fmx4&language=et&productionSystem=cellar&part=
12,E3,et,E3,Vee- ja mereressursid,Vesi,Veevõtt,3e901799-1124-11ef-a251-01aa75ed71a1,https://op.europa.eu/o/opportal-service/download-handler?identifier=3e901799-1124-11ef-a251-01aa75ed71a1&format=fmx4&language=et&productionSystem=cellar&part=
13,E3,et,E3,Vee- ja mereressursid,Vesi,Veeheide,3e901799-1124-11ef-a251-01aa75ed71a1,https://op.europa.eu/o/opportal-service/download-handler?identifier=3e901799-1124-11ef-a251-01aa75ed71a1&format=fmx4&language=et&productionSystem=cellar&part=
14,E3,et,E3,Vee- ja mereressursid,Vesi,Veeheide ookeanides,3e901799-1124-11ef-a251-01aa75ed71a1,https://op.europa.eu/o/opportal-service/download-handler?identifier=3e901799-1124-11ef-a251-01aa75ed71a1&format=fmx4&language=et&productionSystem=cellar&part=
15,E3,et,E3,Vee- ja mereressursid,Mereressursid,Mereressursside hõlvamine ja kasutamine,3e901799-1124-11ef-a251-01aa75ed71a1,https://op.europa.eu/o/opportal-service/download-handler?identifier=3e901799-1124-11ef-a251-01aa75ed71a1&format=fmx4&language=et&productionSystem=cellar&part=
16,E4,et,E4,Bioloogiline mitmekesisus ja ökosüsteemid,Elurikkuse kadumise otsesed mõjurid,Kliimamuutused,3e901799-1124-11ef-a251-01aa75ed71a1,https://op.europa.eu/o/opportal-service/download-handler?identifier=3e901799-1124-11ef-a251-01aa75ed71a1&format=fmx4&language=et&productionSystem=cellar&part=
17,E4,et,E4,Bioloogiline mitmekesisus ja ökosüsteemid,Elurikkuse kadumise otsesed mõjurid,"Maakasutuse muutus, mageveekasutuse muutus ja merekasutuse muutus",3e901799-1124-11ef-a251-01aa75ed71a1,https://op.europa.eu/o/opportal-service/download-handler?identifier=3e901799-1124-11ef-a251-01aa75ed71a1&format=fmx4&language=et&productionSystem=cellar&part=
18,E4,et,E4,Bioloogiline mitmekesisus ja ökosüsteemid,Elurikkuse kadumise otsesed mõjurid,Otsene ekspluateerimine,3e901799-1124-11ef-a251-01aa75ed71a1,https://op.europa.eu/o/opportal-service/download-handler?identifier=3e901799-1124-11ef-a251-01aa75ed71a1&format=fmx4&language=et&productionSystem=cellar&part=
19,E4,et,E4,Bioloogiline mitmekesisus ja ökosüsteemid,Elurikkuse kadumise otsesed mõjurid,Invasiivsed võõrliigid,3e901799-1124-11ef-a251-01aa75ed71a1,https://op.europa.eu/o/opportal-service/download-handler?identifier=3e901799-1124-11ef-a251-01aa75ed71a1&format=fmx4&language=et&productionSystem=cellar&part=
20,E4,et,E4,Bioloogiline mitmekesisus ja ökosüsteemid,Elurikkuse kadumise otsesed mõjurid,Reostus,3e901799-1124-11ef-a251-01aa75ed71a1,https://op.europa.eu/o/opportal-service/download-handler?identifier=3e901799-1124-11ef-a251-01aa75ed71a1&format=fmx4&language=et&productionSystem=cellar&part=
21,E4,et,E4,Bioloogiline mitmekesisus ja ökosüsteemid,Elurikkuse kadumise otsesed mõjurid,Muu,3e901799-1124-11ef-a251-01aa75ed71a1,https://op.europa.eu/o/opportal-service/download-handler?identifier=3e901799-1124-11ef-a251-01aa75ed71a1&format=fmx4&language=et&productionSystem=cellar&part=
22,E4,et,E4,Bioloogiline mitmekesisus ja ökosüsteemid,Mõju liikide seisundile,,3e901799-1124-11ef-a251-01aa75ed71a1,https://op.europa.eu/o/opportal-service/download-handler?identifier=3e901799-1124-11ef-a251-01aa75ed71a1&format=fmx4&language=et&productionSystem=cellar&part=
23,E4,et,E4,Bioloogiline mitmekesisus ja ökosüsteemid,Mõju ökosüsteemide suurusele ja seisundile,,3e901799-1124-11ef-a251-01aa75ed71a1,https://op.europa.eu/o/opportal-service/download-handler?identifier=3e901799-1124-11ef-a251-01aa75ed71a1&format=fmx4&language=et&productionSystem=cellar&part=
24,E4,et,E4,Bioloogiline mitmekesisus ja ökosüsteemid,Mõju ökosüsteemi teenustele ja sõltuvus nendest,,3e901799-1124-11ef-a251-01aa75ed71a1,https://op.europa.eu/o/opportal-service/download-handler?identifier=3e901799-1124-11ef-a251-01aa75ed71a1&format=fmx4&language=et&productionSystem=cellar&part=
25,E5,et,E5,Ringmajandus,"Ressursside sissevool, sealhulgas ressursside kasutamine",,3e901799-1124-11ef-a251-01aa75ed71a1,https://op.europa.eu/o/opportal-service/download-handler?identifier=3e901799-1124-11ef-a251-01aa75ed71a1&format=fmx4&language=et&productionSystem=cellar&part=
26,E5,et,E5,Ringmajandus,Toodete ja teenustega seotud ressursside väljund,,3e901799-1124-11ef-a251-01aa75ed71a1,https://op.europa.eu/o/opportal-service/download-handler?identifier=3e901799-1124-11ef-a251-01aa75ed71a1&format=fmx4&language=et&productionSystem=cellar&part=
27,E5,et,E5,Ringmajandus,Jäätmed,,3e901799-1124-11ef-a251-01aa75ed71a1,https://op.europa.eu/o/opportal-service/download-handler?identifier=3e901799-1124-11ef-a251-01aa75ed71a1&format=fmx4&language=et&productionSystem=cellar&part=
28,S1,et,S1,Oma töötajaskond,Töötingimused,Tööhõivekindlus,3e901799-1124-11ef-a251-01aa75ed71a1,https://op.europa.eu/o/opportal-service/download-handler?identifier=3e901799-1124-11ef-a251-01aa75ed71a1&format=fmx4&language=et&productionSystem=cellar&part=
29,S1,et,S1,Oma töötajaskond,Töötingimused,Tööaeg,3e901799-1124-11ef-a251-01aa75ed71a1,https://op.europa.eu/o/opportal-service/download-handler?identifier=3e901799-1124-11ef-a251-01aa75ed71a1&format=fmx4&language=et&productionSystem=cellar&part=
30,S1,et,S1,Oma töötajaskond,Töötingimused,Piisav töötasu,3e901799-1124-11ef-a251-01aa75ed71a1,https://op.europa.eu/o/opportal-service/download-handler?identifier=3e901799-1124-11ef-a251-01aa75ed71a1&format=fmx4&language=et&productionSystem=cellar&part=
31,S1,et,S1,Oma töötajaskond,Töötingimused,Sotsiaaldialoog,3e901799-1124-11ef-a251-01aa75ed71a1,https://op.europa.eu/o/opportal-service/download-handler?identifier=3e901799-1124-11ef-a251-01aa75ed71a1&format=fmx4&language=et&productionSystem=cellar&part=
32,S1,et,S1,Oma töötajaskond,Töötingimused,"Ühinemisvabadus, töönõukogude olemasolu ning töötajate teavitamis-, konsulteerimis- ja osalemisõigus",3e901799-1124-11ef-a251-01aa75ed71a1,https://op.europa.eu/o/opportal-service/download-handler?identifier=3e901799-1124-11ef-a251-01aa75ed71a1&format=fmx4&language=et&productionSystem=cellar&part=
33,S1,et,S1,Oma töötajaskond,Töötingimused,"Kollektiivläbirääkimised, sh kollektiivlepingutega hõlmatud töötajate määr",3e901799-1124-11ef-a251-01aa75ed71a1,https://op.europa.eu/o/opportal-service/download-handler?identifier=3e901799-1124-11ef-a251-01aa75ed71a1&format=fmx4&language=et&productionSystem=cellar&part=
34,S1,et,S1,Oma töötajaskond,Töötingimused,Töö ja eraelu tasakaal,3e901799-1124-11ef-a251-01aa75ed71a1,https://op.europa.eu/o/opportal-service/download-handler?identifier=3e901799-1124-11ef-a251-01aa75ed71a1&format=fmx4&language=et&productionSystem=cellar&part=
35,S1,et,S1,Oma töötajaskond,Töötingimused,Tervishoid ja ohutus,3e901799-1124-11ef-a251-01aa75ed71a1,https://op.europa.eu/o/opportal-service/download-handler?identifier=3e901799-1124-11ef-a251-01aa75ed71a1&format=fmx4&language=et&productionSystem=cellar&part=
36,S1,et,S1,Oma töötajaskond,Võrdne kohtlemine ja võrdsed võimalused kõigile,Sooline võrdõiguslikkus ja võrdne palk võrdväärse töö eest,3e901799-1124-11ef-a251-01aa75ed71a1,https://op.europa.eu/o/opportal-service/download-handler?identifier=3e901799-1124-11ef-a251-01aa75ed71a1&format=fmx4&language=et&productionSystem=cellar&part=
37,S1,et,S1,Oma töötajaskond,Võrdne kohtlemine ja võrdsed võimalused kõigile,Koolitus ja oskuste arendamine,3e901799-1124-11ef-a251-01aa75ed71a1,https://op.europa.eu/o/opportal-service/download-handler?identifier=3e901799-1124-11ef-a251-01aa75ed71a1&format=fmx4&language=et&productionSystem=cellar&part=
38,S1,et,S1,Oma töötajaskond,Võrdne kohtlemine ja võrdsed võimalused kõigile,Puuetega inimeste tööhõive ja kaasamine,3e901799-1124-11ef-a251-01aa75ed71a1,https://op.europa.eu/o/opportal-service/download-handler?identifier=3e901799-1124-11ef-a251-01aa75ed71a1&format=fmx4&language=et&productionSystem=cellar&part=
39,S1,et,S1,Oma töötajaskond,Võrdne kohtlemine ja võrdsed võimalused kõigile,Meetmed vägivalla ja ahistamise vastu töökohal,3e901799-1124-11ef-a251-01aa75ed71a1,https://op.europa.eu/o/opportal-service/download-handler?identifier=3e901799-1124-11ef-a251-01aa75ed71a1&format=fmx4&language=et&productionSystem=cellar&part=
40,S1,et,S1,Oma töötajaskond,Võrdne kohtlemine ja võrdsed võimalused kõigile,Mitmekesisus,3e901799-1124-11ef-a251-01aa75ed71a1,https://op.europa.eu/o/opportal-service/download-handler?identifier=3e901799-1124-11ef-a251-01aa75ed71a1&format=fmx4&language=et&productionSystem=cellar&part=
41,S1,et,S1,Oma töötajaskond,Muud tööga seotud õigused,Lapstööjõu kasutamine,3e901799-1124-11ef-a251-01aa75ed71a1,https://op.europa.eu/o/opportal-service/download-handler?identifier=3e901799-1124-11ef-a251-01aa75ed71a1&format=fmx4&language=et&productionSystem=cellar&part=
42,S1,et,S1,Oma töötajaskond,Muud tööga seotud õigused,Sunniviisiline töö,3e901799-1124-11ef-a251-01aa75ed71a1,https://op.europa.eu/o/opportal-service/download-handler?identifier=3e901799-1124-11ef-a251-01aa75ed71a1&format=fmx4&language=et&productionSystem=cellar&part=
43,S1,et,S1,Oma töötajaskond,Muud tööga seotud õigused,Piisav eluase,3e901799-1124-11ef-a251-01aa75ed71a1,https://op.europa.eu/o/opportal-service/download-handler?identifier=3e901799-1124-11ef-a251-01aa75ed71a1&format=fmx4&language=et&productionSystem=cellar&part=
44,S1,et,S1,Oma töötajaskond,Muud tööga seotud õigused,Eraelu puutumatus,3e901799-1124-11ef-a251-01aa75ed71a1,https://op.europa.eu/o/opportal-service/download-handler?identifier=3e901799-1124-11ef-a251-01aa75ed71a1&format=fmx4&language=et&productionSystem=cellar&part=
45,S2,et,S2,Töötajad väärtusahelas,Töötingimused,Tööhõivekindlus,3e901799-1124-11ef-a251-01aa75ed71a1,https://op.europa.eu/o/opportal-service/download-handler?identifier=3e901799-1124-11ef-a251-01aa75ed71a1&format=fmx4&language=et&productionSystem=cellar&part=
46,S2,et,S2,Töötajad väärtusahelas,Töötingimused,Tööaeg,3e901799-1124-11ef-a251-01aa75ed71a1,https://op.europa.eu/o/opportal-service/download-handler?identifier=3e901799-1124-11ef-a251-01aa75ed71a1&format=fmx4&language=et&productionSystem=cellar&part=
47,S2,et,S2,Töötajad väärtusahelas,Töötingimused,Piisav töötasu,3e901799-1124-11ef-a251-01aa75ed71a1,https://op.europa.eu/o/opportal-service/download-handler?identifier=3e901799-1124-11ef-a251-01aa75ed71a1&format=fmx4&language=et&productionSystem=cellar&part=
48,S2,et,S2,Töötajad väärtusahelas,Töötingimused,Sotsiaaldialoog,3e901799-1124-11ef-a251-01aa75ed71a1,https://op.europa.eu/o/opportal-service/download-handler?identifier=3e901799-1124-11ef-a251-01aa75ed71a1&format=fmx4&language=et&productionSystem=cellar&part=
49,S2,et,S2,Töötajad väärtusahelas,Töötingimused,"Ühinemisvabadus, sh töönõukogude olemasolu",3e901799-1124-11ef-a251-01aa75ed71a1,https://op.europa.eu/o/opportal-service/download-handler?identifier=3e901799-1124-11ef-a251-01aa75ed71a1&format=fmx4&language=et&productionSystem=cellar&part=
50,S2,et,S2,Töötajad väärtusahelas,Töötingimused,Kollektiivläbirääkimised,3e901799-1124-11ef-a251-01aa75ed71a1,https://op.europa.eu/o/opportal-service/download-handler?identifier=3e901799-1124-11ef-a251-01aa75ed71a1&format=fmx4&language=et&productionSystem=cellar&part=
51,S2,et,S2,Töötajad väärtusahelas,Töötingimused,Töö ja eraelu tasakaal,3e901799-1124-11ef-a251-01aa75ed71a1,https://op.europa.eu/o/opportal-service/download-handler?identifier=3e901799-1124-11ef-a251-01aa75ed71a1&format=fmx4&language=et&productionSystem=cellar&part=
52,S2,et,S2,Töötajad väärtusahelas,Töötingimused,Tervishoid ja ohutus,3e901799-1124-11ef-a251-01aa75ed71a1,https://op.europa.eu/o/opportal-service/download-handler?identifier=3e901799-1124-11ef-a251-01aa75ed71a1&format=fmx4&language=et&productionSystem=cellar&part=
53,S2,et,S2,Töötajad väärtusahelas,Võrdne kohtlemine ja võrdsed võimalused kõigile,Sooline võrdõiguslikkus ja võrdne tasu võrdväärse töö eest,3e901799-1124-11ef-a251-01aa75ed71a1,https://op.europa.eu/o/opportal-service/download-handler?identifier=3e901799-1124-11ef-a251-01aa75ed71a1&format=fmx4&language=et&productionSystem=cellar&part=
54,S2,et,S2,Töötajad väärtusahelas,Võrdne kohtlemine ja võrdsed võimalused kõigile,Koolitus ja oskuste arendamine,3e901799-1124-11ef-a251-01aa75ed71a1,https://op.europa.eu/o/opportal-service/download-handler?identifier=3e901799-1124-11ef-a251-01aa75ed71a1&format=fmx4&language=et&productionSystem=cellar&part=
55,S2,et,S2,Töötajad väärtusahelas,Võrdne kohtlemine ja võrdsed võimalused kõigile,Puuetega inimeste tööhõive ja kaasamine,3e901799-1124-11ef-a251-01aa75ed71a1,https://op.europa.eu/o/opportal-service/download-handler?identifier=3e901799-1124-11ef-a251-01aa75ed71a1&format=fmx4&language=et&productionSystem=cellar&part=
56,S2,et,S2,Töötajad väärtusahelas,Võrdne kohtlemine ja võrdsed võimalused kõigile,Meetmed vägivalla ja ahistamise vastu töökohal,3e901799-1124-11ef-a251-01aa75ed71a1,https://op.europa.eu/o/opportal-service/download-handler?identifier=3e901799-1124-11ef-a251-01aa75ed71a1&format=fmx4&language=et&productionSystem=cellar&part=
57,S2,et,S2,Töötajad väärtusahelas,Võrdne kohtlemine ja võrdsed võimalused kõigile,Mitmekesisus,3e901799-1124-11ef-a251-01aa75ed71a1,https://op.europa.eu/o/opportal-service/download-handler?identifier=3e901799-1124-11ef-a251-01aa75ed71a1&format=fmx4&language=et&productionSystem=cellar&part=
58,S2,et,S2,Töötajad väärtusahelas,Muud tööga seotud õigused,Lapstööjõu kasutamine,3e901799-1124-11ef-a251-01aa75ed71a1,https://op.europa.eu/o/opportal-service/download-handler?identifier=3e901799-1124-11ef-a251-01aa75ed71a1&format=fmx4&language=et&productionSystem=cellar&part=
59,S2,et,S2,Töötajad väärtusahelas,Muud tööga seotud õigused,Sunniviisiline töö,3e901799-1124-11ef-a251-01aa75ed71a1,https://op.europa.eu/o/opportal-service/download-handler?identifier=3e901799-1124-11ef-a251-01aa75ed71a1&format=fmx4&language=et&productionSystem=cellar&part=
60,S2,et,S2,Töötajad väärtusahelas,Muud tööga seotud õigused,Piisav eluase,3e901799-1124-11ef-a251-01aa75ed71a1,https://op.europa.eu/o/opportal-service/download-handler?identifier=3e901799-1124-11ef-a251-01aa75ed71a1&format=fmx4&language=et&productionSystem=cellar&part=
61,S2,et,S2,Töötajad väärtusahelas,Muud tööga seotud õigused,Vesi ja kanalisatsioon,3e901799-1124-11ef-a251-01aa75ed71a1,https://op.europa.eu/o/opportal-service/download-handler?identifier=3e901799-1124-11ef-a251-01aa75ed71a1&format=fmx4&language=et&productionSystem=cellar&part=
62,S2,et,S2,Töötajad väärtusahelas,Muud tööga seotud õigused,Eraelu puutumatus,3e901799-1124-11ef-a251-01aa75ed71a1,https://op.europa.eu/o/opportal-service/download-handler?identifier=3e901799-1124-11ef-a251-01aa75ed71a1&format=fmx4&language=et&productionSystem=cellar&part=
63,S3,et,S3,Mõjutatud kogukonnad,"Kogukondade majanduslikud, sotsiaalsed ja kultuurilised õigused",Piisav eluase,3e901799-1124-11ef-a251-01aa75ed71a1,https://op.europa.eu/o/opportal-service/download-handler?identifier=3e901799-1124-11ef-a251-01aa75ed71a1&format=fmx4&language=et&productionSystem=cellar&part=
64,S3,et,S3,Mõjutatud kogukonnad,"Kogukondade majanduslikud, sotsiaalsed ja kultuurilised õigused",Piisav toit,3e901799-1124-11ef-a251-01aa75ed71a1,https://op.europa.eu/o/opportal-service/download-handler?identifier=3e901799-1124-11ef-a251-01aa75ed71a1&format=fmx4&language=et&productionSystem=cellar&part=
65,S3,et,S3,Mõjutatud kogukonnad,"Kogukondade majanduslikud, sotsiaalsed ja kultuurilised õigused",Vesi ja kanalisatsioon,3e901799-1124-11ef-a251-01aa75ed71a1,https://op.europa.eu/o/opportal-service/download-handler?identifier=3e901799-1124-11ef-a251-01aa75ed71a1&format=fmx4&language=et&productionSystem=cellar&part=
66,S3,et,S3,Mõjutatud kogukonnad,"Kogukondade majanduslikud, sotsiaalsed ja kultuurilised õigused",Mõju maale,3e901799-1124-11ef-a251-01aa75ed71a1,https://op.europa.eu/o/opportal-service/download-handler?identifier=3e901799-1124-11ef-a251-01aa75ed71a1&format=fmx4&language=et&productionSystem=cellar&part=
67,S3,et,S3,Mõjutatud kogukonnad,"Kogukondade majanduslikud, sotsiaalsed ja kultuurilised õigused",Mõju julgeolekule,3e901799-1124-11ef-a251-01aa75ed71a1,https://op.europa.eu/o/opportal-service/download-handler?identifier=3e901799-1124-11ef-a251-01aa75ed71a1&format=fmx4&language=et&productionSystem=cellar&part=
68,S3,et,S3,Mõjutatud kogukonnad,Kogukondade kodaniku- ja poliitilised õigused,Väljendusvabadus,3e901799-1124-11ef-a251-01aa75ed71a1,https://op.europa.eu/o/opportal-service/download-handler?identifier=3e901799-1124-11ef-a251-01aa75ed71a1&format=fmx4&language=et&productionSystem=cellar&part=
69,S3,et,S3,Mõjutatud kogukonnad,Kogukondade kodaniku- ja poliitilised õigused,Kogunemisvabadus,3e901799-1124-11ef-a251-01aa75ed71a1,https://op.europa.eu/o/opportal-service/download-handler?identifier=3e901799-1124-11ef-a251-01aa75ed71a1&format=fmx4&language=et&productionSystem=cellar&part=
70,S3,et,S3,Mõjutatud kogukonnad,Kogukondade kodaniku- ja poliitilised õigused,Mõju inimõiguste kaitsjatele,3e901799-1124-11ef-a251-01aa75ed71a1,https://op.europa.eu/o/opportal-service/download-handler?identifier=3e901799-1124-11ef-a251-01aa75ed71a1&format=fmx4&language=et&productionSystem=cellar&part=
71,S3,et,S3,Mõjutatud kogukonnad,Põlisrahvaste õigused,Eelnev vabatahtlik ja teadev nõusolek,3e901799-1124-11ef-a251-01aa75ed71a1,https://op.europa.eu/o/opportal-service/download-handler?identifier=3e901799-1124-11ef-a251-01aa75ed71a1&format=fmx4&language=et&productionSystem=cellar&part=
72,S3,et,S3,Mõjutatud kogukonnad,Põlisrahvaste õigused,Enesemääramine,3e901799-1124-11ef-a251-01aa75ed71a1,https://op.europa.eu/o/opportal-service/download-handler?identifier=3e901799-1124-11ef-a251-01aa75ed71a1&format=fmx4&language=et&productionSystem=cellar&part=
73,S3,et,S3,Mõjutatud kogukonnad,Põlisrahvaste õigused,Kultuurilised õigused,3e901799-1124-11ef-a251-01aa75ed71a1,https://op.europa.eu/o/opportal-service/download-handler?identifier=3e901799-1124-11ef-a251-01aa75ed71a1&format=fmx4&language=et&productionSystem=cellar&part=
74,S4,et,S4,Tarbijad ja lõppkasutajad,Teabega seotud mõju tarbijatele ja/või lõppkasutajatele,Eraelu puutumatus,3e901799-1124-11ef-a251-01aa75ed71a1,https://op.europa.eu/o/opportal-service/download-handler?identifier=3e901799-1124-11ef-a251-01aa75ed71a1&format=fmx4&language=et&productionSystem=cellar&part=
75,S4,et,S4,Tarbijad ja lõppkasutajad,Teabega seotud mõju tarbijatele ja/või lõppkasutajatele,Väljendusvabadus,3e901799-1124-11ef-a251-01aa75ed71a1,https://op.europa.eu/o/opportal-service/download-handler?identifier=3e901799-1124-11ef-a251-01aa75ed71a1&format=fmx4&language=et&productionSystem=cellar&part=
76,S4,et,S4,Tarbijad ja lõppkasutajad,Teabega seotud mõju tarbijatele ja/või lõppkasutajatele,Juurdepääs (kvaliteet)teabele,3e901799-1124-11ef-a251-01aa75ed71a1,https://op.europa.eu/o/opportal-service/download-handler?identifier=3e901799-1124-11ef-a251-01aa75ed71a1&format=fmx4&language=et&productionSystem=cellar&part=
77,S4,et,S4,Tarbijad ja lõppkasutajad,Tarbijate ja/või lõppkasutajate isiklik ohutus,Tervishoid ja ohutus,3e901799-1124-11ef-a251-01aa75ed71a1,https://op.europa.eu/o/opportal-service/download-handler?identifier=3e901799-1124-11ef-a251-01aa75ed71a1&format=fmx4&language=et&productionSystem=cellar&part=
78,S4,et,S4,Tarbijad ja lõppkasutajad,Tarbijate ja/või lõppkasutajate isiklik ohutus,Isiku turvalisus,3e901799-1124-11ef-a251-01aa75ed71a1,https://op.europa.eu/o/opportal-service/download-handler?identifier=3e901799-1124-11ef-a251-01aa75ed71a1&format=fmx4&language=et&productionSystem=cellar&part=
79,S4,et,S4,Tarbijad ja lõppkasutajad,Tarbijate ja/või lõppkasutajate isiklik ohutus,Lastekaitse,3e901799-1124-11ef-a251-01aa75ed71a1,https://op.europa.eu/o/opportal-service/download-handler?identifier=3e901799-1124-11ef-a251-01aa75ed71a1&format=fmx4&language=et&productionSystem=cellar&part=
80,S4,et,S4,Tarbijad ja lõppkasutajad,Tarbijate ja/või lõppkasutajate sotsiaalne kaasamine,Diskrimineerimisest hoidumine,3e901799-1124-11ef-a251-01aa75ed71a1,https://op.europa.eu/o/opportal-service/download-handler?identifier=3e901799-1124-11ef-a251-01aa75ed71a1&format=fmx4&language=et&productionSystem=cellar&part=
81,S4,et,S4,Tarbijad ja lõppkasutajad,Tarbijate ja/või lõppkasutajate sotsiaalne kaasamine,Juurdepääs toodetele ja teenustele,3e901799-1124-11ef-a251-01aa75ed71a1,https://op.europa.eu/o/opportal-service/download-handler?identifier=3e901799-1124-11ef-a251-01aa75ed71a1&format=fmx4&language=et&productionSystem=cellar&part=
82,S4,et,S4,Tarbijad ja lõppkasutajad,Tarbijate ja/või lõppkasutajate sotsiaalne kaasamine,Vastutustundlikud turundustavad,3e901799-1124-11ef-a251-01aa75ed71a1,https://op.europa.eu/o/opportal-service/download-handler?identifier=3e901799-1124-11ef-a251-01aa75ed71a1&format=fmx4&language=et&productionSystem=cellar&part=
83,G1,et,G1,Äriline käitumine,Ettevõtte kultuur,,3e901799-1124-11ef-a251-01aa75ed71a1,https://op.europa.eu/o/opportal-service/download-handler?identifier=3e901799-1124-11ef-a251-01aa75ed71a1&format=fmx4&language=et&productionSystem=cellar&part=
84,G1,et,G1,Äriline käitumine,Rikkumisest teatajate kaitse,,3e901799-1124-11ef-a251-01aa75ed71a1,https://op.europa.eu/o/opportal-service/download-handler?identifier=3e901799-1124-11ef-a251-01aa75ed71a1&format=fmx4&language=et&productionSystem=cellar&part=
85,G1,et,G1,Äriline käitumine,Loomade heaolu,,3e901799-1124-11ef-a251-01aa75ed71a1,https://op.europa.eu/o/opportal-service/download-handler?identifier=3e901799-1124-11ef-a251-01aa75ed71a1&format=fmx4&language=et&productionSystem=cellar&part=
86,G1,et,G1,Äriline käitumine,Poliitiline aktiivsus ja lobitöö,,3e901799-1124-11ef-a251-01aa75ed71a1,https://op.europa.eu/o/opportal-service/download-handler?identifier=3e901799-1124-11ef-a251-01aa75ed71a1&format=fmx4&language=et&productionSystem=cellar&part=
87,G1,et,G1,Äriline käitumine,"Suhete haldamine tarnijatega, sh maksetavad",,3e901799-1124-11ef-a251-01aa75ed71a1,https://op.europa.eu/o/opportal-service/download-handler?identifier=3e901799-1124-11ef-a251-01aa75ed71a1&format=fmx4&language=et&productionSystem=cellar&part=
88,G1,et,G1,Äriline käitumine,Korruptsioon ja altkäemaksu andmine,"ja avastamine, sh koolitus Ennetus",3e901799-1124-11ef-a251-01aa75ed71a1,https://op.europa.eu/o/opportal-service/download-handler?identifier=3e901799-1124-11ef-a251-01aa75ed71a1&format=fmx4&language=et&productionSystem=cellar&part=
89,G1,et,G1,Äriline käitumine,Korruptsioon ja altkäemaksu andmine,Juhtumid,3e901799-1124-11ef-a251-01aa75ed71a1,https://op.europa.eu/o/opportal-service/download-handler?identifier=3e901799-1124-11ef-a251-01aa75ed71a1&format=fmx4&language=et&productionSystem=cellar&part=
1,E1,fi,E1,Ilmastonmuutos,Ilmastonmuutokseen sopeutuminen,,3e901799-1124-11ef-a251-01aa75ed71a1,https://op.europa.eu/o/opportal-service/download-handler?identifier=3e901799-1124-11ef-a251-01aa75ed71a1&format=fmx4&language=fi&productionSystem=cellar&part=
2,E1,fi,E1,Ilmastonmuutos,Ilmastonmuutoksen hillintä,,3e901799-1124-11ef-a251-01aa75ed71a1,https://op.europa.eu/o/opportal-service/download-handler?identifier=3e901799-1124-11ef-a251-01aa75ed71a1&format=fmx4&language=fi&productionSystem=cellar&part=
3,E1,fi,E1,Ilmastonmuutos,Energia,,3e901799-1124-11ef-a251-01aa75ed71a1,https://op.europa.eu/o/opportal-service/download-handler?identifier=3e901799-1124-11ef-a251-01aa75ed71a1&format=fmx4&language=fi&productionSystem=cellar&part=
4,E2,fi,E2,Pilaantuminen,Ilman pilaantuminen,,3e901799-1124-11ef-a251-01aa75ed71a1,https://op.europa.eu/o/opportal-service/download-handler?identifier=3e901799-1124-11ef-a251-01aa75ed71a1&format=fmx4&language=fi&productionSystem=cellar&part=
5,E2,fi,E2,Pilaantuminen,Veden pilaantuminen,,3e901799-1124-11ef-a251-01aa75ed71a1,https://op.europa.eu/o/opportal-service/download-handler?identifier=3e901799-1124-11ef-a251-01aa75ed71a1&format=fmx4&language=fi&productionSystem=cellar&part=
6,E2,fi,E2,Pilaantuminen,Maaperän pilaantuminen,,3e901799-1124-11ef-a251-01aa75ed71a1,https://op.europa.eu/o/opportal-service/download-handler?identifier=3e901799-1124-11ef-a251-01aa75ed71a1&format=fmx4&language=fi&productionSystem=cellar&part=
7,E2,fi,E2,Pilaantuminen,Elävien organismien ja elintarvikkeiden pilaantuminen,,3e901799-1124-11ef-a251-01aa75ed71a1,https://op.europa.eu/o/opportal-service/download-handler?identifier=3e901799-1124-11ef-a251-01aa75ed71a1&format=fmx4&language=fi&productionSystem=cellar&part=
8,E2,fi,E2,Pilaantuminen,Ongelma-aineet,,3e901799-1124-11ef-a251-01aa75ed71a1,https://op.europa.eu/o/opportal-service/download-handler?identifier=3e901799-1124-11ef-a251-01aa75ed71a1&format=fmx4&language=fi&productionSystem=cellar&part=
9,E2,fi,E2,Pilaantuminen,Erityistä huolta aiheuttavat aineet,,3e901799-1124-11ef-a251-01aa75ed71a1,https://op.europa.eu/o/opportal-service/download-handler?identifier=3e901799-1124-11ef-a251-01aa75ed71a1&format=fmx4&language=fi&productionSystem=cellar&part=
10,E2,fi,E2,Pilaantuminen,Mikromuovit,,3e901799-1124-11ef-a251-01aa75ed71a1,https://op.europa.eu/o/opportal-service/download-handler?identifier=3e901799-1124-11ef-a251-01aa75ed71a1&format=fmx4&language=fi&productionSystem=cellar&part=
11,E3,fi,E3,Vesivarat ja merten luonnonvarat,Vesi,Vedenkulutus,3e901799-1124-11ef-a251-01aa75ed71a1,https://op.europa.eu/o/opportal-service/download-handler?identifier=3e901799-1124-11ef-a251-01aa75ed71a1&format=fmx4&language=fi&productionSystem=cellar&part=
12,E3,fi,E3,Vesivarat ja merten luonnonvarat,Vesi,Vedenotto,3e901799-1124-11ef-a251-01aa75ed71a1,https://op.europa.eu/o/opportal-service/download-handler?identifier=3e901799-1124-11ef-a251-01aa75ed71a1&format=fmx4&language=fi&productionSystem=cellar&part=
13,E3,fi,E3,Vesivarat ja merten luonnonvarat,Vesi,Jätevesipäästöt,3e901799-1124-11ef-a251-01aa75ed71a1,https://op.europa.eu/o/opportal-service/download-handler?identifier=3e901799-1124-11ef-a251-01aa75ed71a1&format=fmx4&language=fi&productionSystem=cellar&part=
14,E3,fi,E3,Vesivarat ja merten luonnonvarat,Vesi,Jätevesipäästöt valtameriin,3e901799-1124-11ef-a251-01aa75ed71a1,https://op.europa.eu/o/opportal-service/download-handler?identifier=3e901799-1124-11ef-a251-01aa75ed71a1&format=fmx4&language=fi&productionSystem=cellar&part=
15,E3,fi,E3,Vesivarat ja merten luonnonvarat,Merten luonnonvarat,Merten luonnonvarojen hyödyntäminen ja käyttö,3e901799-1124-11ef-a251-01aa75ed71a1,https://op.europa.eu/o/opportal-service/download-handler?identifier=3e901799-1124-11ef-a251-01aa75ed71a1&format=fmx4&language=fi&productionSystem=cellar&part=
16,E4,fi,E4,Biologinen monimuotoisuus ja ekosysteemit,Biologisen monimuotoisuuden vähenemisen suorat vaikutustekijät,Ilmastonmuutos,3e901799-1124-11ef-a251-01aa75ed71a1,https://op.europa.eu/o/opportal-service/download-handler?identifier=3e901799-1124-11ef-a251-01aa75ed71a1&format=fmx4&language=fi&productionSystem=cellar&part=
17,E4,fi,E4,Biologinen monimuotoisuus ja ekosysteemit,Biologisen monimuotoisuuden vähenemisen suorat vaikutustekijät,"Maankäytön muutokset, makean veden ja merten käytön muutokset",3e901799-1124-11ef-a251-01aa75ed71a1,https://op.europa.eu/o/opportal-service/download-handler?identifier=3e901799-1124-11ef-a251-01aa75ed71a1&format=fmx4&language=fi&productionSystem=cellar&part=
18,E4,fi,E4,Biologinen monimuotoisuus ja ekosysteemit,Biologisen monimuotoisuuden vähenemisen suorat vaikutustekijät,Suora hyödyntäminen,3e901799-1124-11ef-a251-01aa75ed71a1,https://op.europa.eu/o/opportal-service/download-handler?identifier=3e901799-1124-11ef-a251-01aa75ed71a1&format=fmx4&language=fi&productionSystem=cellar&part=
19,E4,fi,E4,Biologinen monimuotoisuus ja ekosysteemit,Biologisen monimuotoisuuden vähenemisen suorat vaikutustekijät,Haitalliset vieraslajit,3e901799-1124-11ef-a251-01aa75ed71a1,https://op.europa.eu/o/opportal-service/download-handler?identifier=3e901799-1124-11ef-a251-01aa75ed71a1&format=fmx4&language=fi&productionSystem=cellar&part=
20,E4,fi,E4,Biologinen monimuotoisuus ja ekosysteemit,Biologisen monimuotoisuuden vähenemisen suorat vaikutustekijät,Pilaantuminen,3e901799-1124-11ef-a251-01aa75ed71a1,https://op.europa.eu/o/opportal-service/download-handler?identifier=3e901799-1124-11ef-a251-01aa75ed71a1&format=fmx4&language=fi&productionSystem=cellar&part=
21,E4,fi,E4,Biologinen monimuotoisuus ja ekosysteemit,Biologisen monimuotoisuuden vähenemisen suorat vaikutustekijät,Muut,3e901799-1124-11ef-a251-01aa75ed71a1,https://op.europa.eu/o/opportal-service/download-handler?identifier=3e901799-1124-11ef-a251-01aa75ed71a1&format=fmx4&language=fi&productionSystem=cellar&part=
22,E4,fi,E4,Biologinen monimuotoisuus ja ekosysteemit,Vaikutukset lajien tilaan,,3e901799-1124-11ef-a251-01aa75ed71a1,https://op.europa.eu/o/opportal-service/download-handler?identifier=3e901799-1124-11ef-a251-01aa75ed71a1&format=fmx4&language=fi&productionSystem=cellar&part=
23,E4,fi,E4,Biologinen monimuotoisuus ja ekosysteemit,Vaikutukset ekosysteemien laajuuteen ja tilaan,,3e901799-1124-11ef-a251-01aa75ed71a1,https://op.europa.eu/o/opportal-service/download-handler?identifier=3e901799-1124-11ef-a251-01aa75ed71a1&format=fmx4&language=fi&productionSystem=cellar&part=
24,E4,fi,E4,Biologinen monimuotoisuus ja ekosysteemit,Vaikutukset ekosysteemipalveluihin ja riippuvuudet niistä,,3e901799-1124-11ef-a251-01aa75ed71a1,https://op.europa.eu/o/opportal-service/download-handler?identifier=3e901799-1124-11ef-a251-01aa75ed71a1&format=fmx4&language=fi&productionSystem=cellar&part=
25,E5,fi,E5,Kiertotalous,"Resurssien sisäänvirtaukset, mukaan lukien resurssien käyttö",,3e901799-1124-11ef-a251-01aa75ed71a1,https://op.europa.eu/o/opportal-service/download-handler?identifier=3e901799-1124-11ef-a251-01aa75ed71a1&format=fmx4&language=fi&productionSystem=cellar&part=
26,E5,fi,E5,Kiertotalous,Tuotteisiin ja palveluihin liittyvät resurssien ulosvirtaukset,,3e901799-1124-11ef-a251-01aa75ed71a1,https://op.europa.eu/o/opportal-service/download-handler?identifier=3e901799-1124-11ef-a251-01aa75ed71a1&format=fmx4&language=fi&productionSystem=cellar&part=
27,E5,fi,E5,Kiertotalous,Jäte,,3e901799-1124-11ef-a251-01aa75ed71a1,https://op.europa.eu/o/opportal-service/download-handler?identifier=3e901799-1124-11ef-a251-01aa75ed71a1&format=fmx4&language=fi&productionSystem=cellar&part=
28,S1,fi,S1,Oma työvoima,Työolot,Työllisyysturva,3e901799-1124-11ef-a251-01aa75ed71a1,https://op.europa.eu/o/opportal-service/download-handler?identifier=3e901799-1124-11ef-a251-01aa75ed71a1&format=fmx4&language=fi&productionSystem=cellar&part=
29,S1,fi,S1,Oma työvoima,Työolot,Työaika,3e901799-1124-11ef-a251-01aa75ed71a1,https://op.europa.eu/o/opportal-service/download-handler?identifier=3e901799-1124-11ef-a251-01aa75ed71a1&format=fmx4&language=fi&productionSystem=cellar&part=
30,S1,fi,S1,Oma työvoima,Työolot,Riittävä palkka,3e901799-1124-11ef-a251-01aa75ed71a1,https://op.europa.eu/o/opportal-service/download-handler?identifier=3e901799-1124-11ef-a251-01aa75ed71a1&format=fmx4&language=fi&productionSystem=cellar&part=
31,S1,fi,S1,Oma työvoima,Työolot,Työmarkkinaosapuolten vuoropuhelu,3e901799-1124-11ef-a251-01aa75ed71a1,https://op.europa.eu/o/opportal-service/download-handler?identifier=3e901799-1124-11ef-a251-01aa75ed71a1&format=fmx4&language=fi&productionSystem=cellar&part=
32,S1,fi,S1,Oma työvoima,Työolot,"Yhdistymisvapaus, yritysneuvostojen olemassaolo sekä työntekijöiden tiedonsaanti-, kuulemis- ja osallistumisoikeudet",3e901799-1124-11ef-a251-01aa75ed71a1,https://op.europa.eu/o/opportal-service/download-handler?identifier=3e901799-1124-11ef-a251-01aa75ed71a1&format=fmx4&language=fi&productionSystem=cellar&part=
33,S1,fi,S1,Oma työvoima,Työolot,"Työehtosopimusneuvottelut, mukaan lukien työehtosopimusten piiriin kuuluvien työntekijöiden osuus",3e901799-1124-11ef-a251-01aa75ed71a1,https://op.europa.eu/o/opportal-service/download-handler?identifier=3e901799-1124-11ef-a251-01aa75ed71a1&format=fmx4&language=fi&productionSystem=cellar&part=
34,S1,fi,S1,Oma työvoima,Työolot,Työ- ja yksityiselämän tasapaino,3e901799-1124-11ef-a251-01aa75ed71a1,https://op.europa.eu/o/opportal-service/download-handler?identifier=3e901799-1124-11ef-a251-01aa75ed71a1&format=fmx4&language=fi&productionSystem=cellar&part=
35,S1,fi,S1,Oma työvoima,Työolot,Terveys ja turvallisuus,3e901799-1124-11ef-a251-01aa75ed71a1,https://op.europa.eu/o/opportal-service/download-handler?identifier=3e901799-1124-11ef-a251-01aa75ed71a1&format=fmx4&language=fi&productionSystem=cellar&part=
36,S1,fi,S1,Oma työvoima,Yhdenvertainen kohtelu ja yhtäläiset mahdollisuudet kaikille,Sukupuolten tasa-arvo ja sama palkka samanarvoisesta työstä,3e901799-1124-11ef-a251-01aa75ed71a1,https://op.europa.eu/o/opportal-service/download-handler?identifier=3e901799-1124-11ef-a251-01aa75ed71a1&format=fmx4&language=fi&productionSystem=cellar&part=
37,S1,fi,S1,Oma työvoima,Yhdenvertainen kohtelu ja yhtäläiset mahdollisuudet kaikille,Koulutus ja taitojen kehittäminen,3e901799-1124-11ef-a251-01aa75ed71a1,https://op.europa.eu/o/opportal-service/download-handler?identifier=3e901799-1124-11ef-a251-01aa75ed71a1&format=fmx4&language=fi&productionSystem=cellar&part=
38,S1,fi,S1,Oma työvoima,Yhdenvertainen kohtelu ja yhtäläiset mahdollisuudet kaikille,Vammaisten ja toimintarajoitteisten henkilöiden työllistäminen ja inkluusio,3e901799-1124-11ef-a251-01aa75ed71a1,https://op.europa.eu/o/opportal-service/download-handler?identifier=3e901799-1124-11ef-a251-01aa75ed71a1&format=fmx4&language=fi&productionSystem=cellar&part=
39,S1,fi,S1,Oma työvoima,Yhdenvertainen kohtelu ja yhtäläiset mahdollisuudet kaikille,Toimenpiteet työpaikalla esiintyvän väkivallan ja häirinnän torjumiseksi,3e901799-1124-11ef-a251-01aa75ed71a1,https://op.europa.eu/o/opportal-service/download-handler?identifier=3e901799-1124-11ef-a251-01aa75ed71a1&format=fmx4&language=fi&productionSystem=cellar&part=
40,S1,fi,S1,Oma työvoima,Yhdenvertainen kohtelu ja yhtäläiset mahdollisuudet kaikille,Moninaisuus,3e901799-1124-11ef-a251-01aa75ed71a1,https://op.europa.eu/o/opportal-service/download-handler?identifier=3e901799-1124-11ef-a251-01aa75ed71a1&format=fmx4&language=fi&productionSystem=cellar&part=
41,S1,fi,S1,Oma työvoima,Muut työhön liittyvät oikeudet,Lapsityövoima,3e901799-1124-11ef-a251-01aa75ed71a1,https://op.europa.eu/o/opportal-service/download-handler?identifier=3e901799-1124-11ef-a251-01aa75ed71a1&format=fmx4&language=fi&productionSystem=cellar&part=
42,S1,fi,S1,Oma työvoima,Muut työhön liittyvät oikeudet,Pakkotyö,3e901799-1124-11ef-a251-01aa75ed71a1,https://op.europa.eu/o/opportal-service/download-handler?identifier=3e901799-1124-11ef-a251-01aa75ed71a1&format=fmx4&language=fi&productionSystem=cellar&part=
43,S1,fi,S1,Oma työvoima,Muut työhön liittyvät oikeudet,Asianmukaiset asuinolot,3e901799-1124-11ef-a251-01aa75ed71a1,https://op.europa.eu/o/opportal-service/download-handler?identifier=3e901799-1124-11ef-a251-01aa75ed71a1&format=fmx4&language=fi&productionSystem=cellar&part=
44,S1,fi,S1,Oma työvoima,Muut työhön liittyvät oikeudet,Yksityisyys,3e901799-1124-11ef-a251-01aa75ed71a1,https://op.europa.eu/o/opportal-service/download-handler?identifier=3e901799-1124-11ef-a251-01aa75ed71a1&format=fmx4&language=fi&productionSystem=cellar&part=
45,S2,fi,S2,Arvoketjun työntekijät,Työolot,Työllisyysturva,3e901799-1124-11ef-a251-01aa75ed71a1,https://op.europa.eu/o/opportal-service/download-handler?identifier=3e901799-1124-11ef-a251-01aa75ed71a1&format=fmx4&language=fi&productionSystem=cellar&part=
46,S2,fi,S2,Arvoketjun työntekijät,Työolot,Työaika,3e901799-1124-11ef-a251-01aa75ed71a1,https://op.europa.eu/o/opportal-service/download-handler?identifier=3e901799-1124-11ef-a251-01aa75ed71a1&format=fmx4&language=fi&productionSystem=cellar&part=
47,S2,fi,S2,Arvoketjun työntekijät,Työolot,Riittävä palkka,3e901799-1124-11ef-a251-01aa75ed71a1,https://op.europa.eu/o/opportal-service/download-handler?identifier=3e901799-1124-11ef-a251-01aa75ed71a1&format=fmx4&language=fi&productionSystem=cellar&part=
48,S2,fi,S2,Arvoketjun työntekijät,Työolot,Työmarkkinaosapuolten vuoropuhelu,3e901799-1124-11ef-a251-01aa75ed71a1,https://op.europa.eu/o/opportal-service/download-handler?identifier=3e901799-1124-11ef-a251-01aa75ed71a1&format=fmx4&language=fi&productionSystem=cellar&part=
49,S2,fi,S2,Arvoketjun työntekijät,Työolot,"Yhdistymisvapaus, mukaan lukien yritysneuvostojen olemassaolo",3e901799-1124-11ef-a251-01aa75ed71a1,https://op.europa.eu/o/opportal-service/download-handler?identifier=3e901799-1124-11ef-a251-01aa75ed71a1&format=fmx4&language=fi&productionSystem=cellar&part=
50,S2,fi,S2,Arvoketjun työntekijät,Työolot,Työehtosopimusneuvottelut,3e901799-1124-11ef-a251-01aa75ed71a1,https://op.europa.eu/o/opportal-service/download-handler?identifier=3e901799-1124-11ef-a251-01aa75ed71a1&format=fmx4&language=fi&productionSystem=cellar&part=
51,S2,fi,S2,Arvoketjun työntekijät,Työolot,Työ- ja yksityiselämän tasapaino,3e901799-1124-11ef-a251-01aa75ed71a1,https://op.europa.eu/o/opportal-service/download-handler?identifier=3e901799-1124-11ef-a251-01aa75ed71a1&format=fmx4&language=fi&productionSystem=cellar&part=
52,S2,fi,S2,Arvoketjun työntekijät,Työolot,Terveys ja turvallisuus,3e901799-1124-11ef-a251-01aa75ed71a1,https://op.europa.eu/o/opportal-service/download-handler?identifier=3e901799-1124-11ef-a251-01aa75ed71a1&format=fmx4&language=fi&productionSystem=cellar&part=
53,S2,fi,S2,Arvoketjun työntekijät,Yhdenvertainen kohtelu ja yhtäläiset mahdollisuudet kaikille,Sukupuolten tasa-arvo ja sama palkka samanarvoisesta työstä,3e901799-1124-11ef-a251-01aa75ed71a1,https://op.europa.eu/o/opportal-service/download-handler?identifier=3e901799-1124-11ef-a251-01aa75ed71a1&format=fmx4&language=fi&productionSystem=cellar&part=
54,S2,fi,S2,Arvoketjun työntekijät,Yhdenvertainen kohtelu ja yhtäläiset mahdollisuudet kaikille,Koulutus ja taitojen kehittäminen,3e901799-1124-11ef-a251-01aa75ed71a1,https://op.europa.eu/o/opportal-service/download-handler?identifier=3e901799-1124-11ef-a251-01aa75ed71a1&format=fmx4&language=fi&productionSystem=cellar&part=
55,S2,fi,S2,Arvoketjun työntekijät,Yhdenvertainen kohtelu ja yhtäläiset mahdollisuudet kaikille,Vammaisten ja toimintarajoitteisten henkilöiden työllistäminen ja inkluusio,3e901799-1124-11ef-a251-01aa75ed71a1,https://op.europa.eu/o/opportal-service/download-handler?identifier=3e901799-1124-11ef-a251-01aa75ed71a1&format=fmx4&language=fi&productionSystem=cellar&part=
56,S2,fi,S2,Arvoketjun työntekijät,Yhdenvertainen kohtelu ja yhtäläiset mahdollisuudet kaikille,Toimenpiteet työpaikalla esiintyvän väkivallan ja häirinnän torjumiseksi,3e901799-1124-11ef-a251-01aa75ed71a1,https://op.europa.eu/o/opportal-service/download-handler?identifier=3e901799-1124-11ef-a251-01aa75ed71a1&format=fmx4&language=fi&productionSystem=cellar&part=
57,S2,fi,S2,Arvoketjun työntekijät,Yhdenvertainen kohtelu ja yhtäläiset mahdollisuudet kaikille,Moninaisuus,3e901799-1124-11ef-a251-01aa75ed71a1,https://op.europa.eu/o/opportal-service/download-handler?identifier=3e901799-1124-11ef-a251-01aa75ed71a1&format=fmx4&language=fi&productionSystem=cellar&part=
58,S2,fi,S2,Arvoketjun työntekijät,Muut työhön liittyvät oikeudet,Lapsityövoima,3e901799-1124-11ef-a251-01aa75ed71a1,https://op.europa.eu/o/opportal-service/download-handler?identifier=3e901799-1124-11ef-a251-01aa75ed71a1&format=fmx4&language=fi&productionSystem=cellar&part=
59,S2,fi,S2,Arvoketjun työntekijät,Muut työhön liittyvät oikeudet,Pakkotyö,3e901799-1124-11ef-a251-01aa75ed71a1,https://op.europa.eu/o/opportal-service/download-handler?identifier=3e901799-1124-11ef-a251-01aa75ed71a1&format=fmx4&language=fi&productionSystem=cellar&part=
60,S2,fi,S2,Arvoketjun työntekijät,Muut työhön liittyvät oikeudet,Asianmukaiset asuinolot,3e901799-1124-11ef-a251-01aa75ed71a1,https://op.europa.eu/o/opportal-service/download-handler?identifier=3e901799-1124-11ef-a251-01aa75ed71a1&format=fmx4&language=fi&productionSystem=cellar&part=
61,S2,fi,S2,Arvoketjun työntekijät,Muut työhön liittyvät oikeudet,Puhdas vesi ja sanitaatio,3e901799-1124-11ef-a251-01aa75ed71a1,https://op.europa.eu/o/opportal-service/download-handler?identifier=3e901799-1124-11ef-a251-01aa75ed71a1&format=fmx4&language=fi&productionSystem=cellar&part=
62,S2,fi,S2,Arvoketjun työntekijät,Muut työhön liittyvät oikeudet,Yksityisyys,3e901799-1124-11ef-a251-01aa75ed71a1,https://op.europa.eu/o/opportal-service/download-handler?identifier=3e901799-1124-11ef-a251-01aa75ed71a1&format=fmx4&language=fi&productionSystem=cellar&part=
63,S3,fi,S3,Vaikutusten kohteena olevat yhteisöt,"Yhteisöjen taloudelliset, sosiaaliset ja sivistykselliset oikeudet",Asianmukaiset asuinolot,3e901799-1124-11ef-a251-01aa75ed71a1,https://op.europa.eu/o/opportal-service/download-handler?identifier=3e901799-1124-11ef-a251-01aa75ed71a1&format=fmx4&language=fi&productionSystem=cellar&part=
64,S3,fi,S3,Vaikutusten kohteena olevat yhteisöt,"Yhteisöjen taloudelliset, sosiaaliset ja sivistykselliset oikeudet",Riittävä ruoka,3e901799-1124-11ef-a251-01aa75ed71a1,https://op.europa.eu/o/opportal-service/download-handler?identifier=3e901799-1124-11ef-a251-01aa75ed71a1&format=fmx4&language=fi&productionSystem=cellar&part=
65,S3,fi,S3,Vaikutusten kohteena olevat yhteisöt,"Yhteisöjen taloudelliset, sosiaaliset ja sivistykselliset oikeudet",Puhdas vesi ja sanitaatio,3e901799-1124-11ef-a251-01aa75ed71a1,https://op.europa.eu/o/opportal-service/download-handler?identifier=3e901799-1124-11ef-a251-01aa75ed71a1&format=fmx4&language=fi&productionSystem=cellar&part=
66,S3,fi,S3,Vaikutusten kohteena olevat yhteisöt,"Yhteisöjen taloudelliset, sosiaaliset ja sivistykselliset oikeudet",Maahan liittyvät vaikutukset,3e901799-1124-11ef-a251-01aa75ed71a1,https://op.europa.eu/o/opportal-service/download-handler?identifier=3e901799-1124-11ef-a251-01aa75ed71a1&format=fmx4&language=fi&productionSystem=cellar&part=
67,S3,fi,S3,Vaikutusten kohteena olevat yhteisöt,"Yhteisöjen taloudelliset, sosiaaliset ja sivistykselliset oikeudet",Turvallisuuteen liittyvät vaikutukset,3e901799-1124-11ef-a251-01aa75ed71a1,https://op.europa.eu/o/opportal-service/download-handler?identifier=3e901799-1124-11ef-a251-01aa75ed71a1&format=fmx4&language=fi&productionSystem=cellar&part=
68,S3,fi,S3,Vaikutusten kohteena olevat yhteisöt,Yhteisöjen kansalaisoikeudet ja poliittiset oikeudet,Sananvapaus,3e901799-1124-11ef-a251-01aa75ed71a1,https://op.europa.eu/o/opportal-service/download-handler?identifier=3e901799-1124-11ef-a251-01aa75ed71a1&format=fmx4&language=fi&productionSystem=cellar&part=
69,S3,fi,S3,Vaikutusten kohteena olevat yhteisöt,Yhteisöjen kansalaisoikeudet ja poliittiset oikeudet,Kokoontumisvapaus,3e901799-1124-11ef-a251-01aa75ed71a1,https://op.europa.eu/o/opportal-service/download-handler?identifier=3e901799-1124-11ef-a251-01aa75ed71a1&format=fmx4&language=fi&productionSystem=cellar&part=
70,S3,fi,S3,Vaikutusten kohteena olevat yhteisöt,Yhteisöjen kansalaisoikeudet ja poliittiset oikeudet,Vaikutukset ihmisoikeuksien puolustajiin,3e901799-1124-11ef-a251-01aa75ed71a1,https://op.europa.eu/o/opportal-service/download-handler?identifier=3e901799-1124-11ef-a251-01aa75ed71a1&format=fmx4&language=fi&productionSystem=cellar&part=
71,S3,fi,S3,Vaikutusten kohteena olevat yhteisöt,Alkuperäiskansojen oikeudet,Vapaa ja tietoon perustuva ennakkosuostumus,3e901799-1124-11ef-a251-01aa75ed71a1,https://op.europa.eu/o/opportal-service/download-handler?identifier=3e901799-1124-11ef-a251-01aa75ed71a1&format=fmx4&language=fi&productionSystem=cellar&part=
72,S3,fi,S3,Vaikutusten kohteena olevat yhteisöt,Alkuperäiskansojen oikeudet,Itsemääräämisoikeus,3e901799-1124-11ef-a251-01aa75ed71a1,https://op.europa.eu/o/opportal-service/download-handler?identifier=3e901799-1124-11ef-a251-01aa75ed71a1&format=fmx4&language=fi&productionSystem=cellar&part=
73,S3,fi,S3,Vaikutusten kohteena olevat yhteisöt,Alkuperäiskansojen oikeudet,Sivistykselliset oikeudet,3e901799-1124-11ef-a251-01aa75ed71a1,https://op.europa.eu/o/opportal-service/download-handler?identifier=3e901799-1124-11ef-a251-01aa75ed71a1&format=fmx4&language=fi&productionSystem=cellar&part=
74,S4,fi,S4,Consumers and end- users,Tietoihin liittyvät kuluttajiin ja/tai loppukäyttäjiin kohdistuvat vaikutukset,Yksityisyys,3e901799-1124-11ef-a251-01aa75ed71a1,https://op.europa.eu/o/opportal-service/download-handler?identifier=3e901799-1124-11ef-a251-01aa75ed71a1&format=fmx4&language=fi&productionSystem=cellar&part=
75,S4,fi,S4,Consumers and end- users,Tietoihin liittyvät kuluttajiin ja/tai loppukäyttäjiin kohdistuvat vaikutukset,Sananvapaus,3e901799-1124-11ef-a251-01aa75ed71a1,https://op.europa.eu/o/opportal-service/download-handler?identifier=3e901799-1124-11ef-a251-01aa75ed71a1&format=fmx4&language=fi&productionSystem=cellar&part=
76,S4,fi,S4,Consumers and end- users,Tietoihin liittyvät kuluttajiin ja/tai loppukäyttäjiin kohdistuvat vaikutukset,(Laadukkaiden) tietojen saatavuus,3e901799-1124-11ef-a251-01aa75ed71a1,https://op.europa.eu/o/opportal-service/download-handler?identifier=3e901799-1124-11ef-a251-01aa75ed71a1&format=fmx4&language=fi&productionSystem=cellar&part=
77,S4,fi,S4,Consumers and end- users,Kuluttajien ja/tai loppukäyttäjien henkilökohtainen turvallisuus,Terveys ja turvallisuus,3e901799-1124-11ef-a251-01aa75ed71a1,https://op.europa.eu/o/opportal-service/download-handler?identifier=3e901799-1124-11ef-a251-01aa75ed71a1&format=fmx4&language=fi&productionSystem=cellar&part=
78,S4,fi,S4,Consumers and end- users,Kuluttajien ja/tai loppukäyttäjien henkilökohtainen turvallisuus,Henkilönsuoja,3e901799-1124-11ef-a251-01aa75ed71a1,https://op.europa.eu/o/opportal-service/download-handler?identifier=3e901799-1124-11ef-a251-01aa75ed71a1&format=fmx4&language=fi&productionSystem=cellar&part=
79,S4,fi,S4,Consumers and end- users,Kuluttajien ja/tai loppukäyttäjien henkilökohtainen turvallisuus,Lasten suojeleminen,3e901799-1124-11ef-a251-01aa75ed71a1,https://op.europa.eu/o/opportal-service/download-handler?identifier=3e901799-1124-11ef-a251-01aa75ed71a1&format=fmx4&language=fi&productionSystem=cellar&part=
80,S4,fi,S4,Consumers and end- users,Kuluttajien ja/tai loppukäyttäjien sosiaalinen inkluusio,Syrjimättömyys,3e901799-1124-11ef-a251-01aa75ed71a1,https://op.europa.eu/o/opportal-service/download-handler?identifier=3e901799-1124-11ef-a251-01aa75ed71a1&format=fmx4&language=fi&productionSystem=cellar&part=
81,S4,fi,S4,Consumers and end- users,Kuluttajien ja/tai loppukäyttäjien sosiaalinen inkluusio,Tuotteiden ja palvelujen saanti,3e901799-1124-11ef-a251-01aa75ed71a1,https://op.europa.eu/o/opportal-service/download-handler?identifier=3e901799-1124-11ef-a251-01aa75ed71a1&format=fmx4&language=fi&productionSystem=cellar&part=
82,S4,fi,S4,Consumers and end- users,Kuluttajien ja/tai loppukäyttäjien sosiaalinen inkluusio,Responsible marketing practices,3e901799-1124-11ef-a251-01aa75ed71a1,https://op.europa.eu/o/opportal-service/download-handler?identifier=3e901799-1124-11ef-a251-01aa75ed71a1&format=fmx4&language=fi&productionSystem=cellar&part=
83,G1,fi,G1,Liiketoiminnan harjoittaminen,Yrityskulttuuri,,3e901799-1124-11ef-a251-01aa75ed71a1,https://op.europa.eu/o/opportal-service/download-handler?identifier=3e901799-1124-11ef-a251-01aa75ed71a1&format=fmx4&language=fi&productionSystem=cellar&part=
84,G1,fi,G1,Liiketoiminnan harjoittaminen,Väärinkäytösten paljastajien suojelu,,3e901799-1124-11ef-a251-01aa75ed71a1,https://op.europa.eu/o/opportal-service/download-handler?identifier=3e901799-1124-11ef-a251-01aa75ed71a1&format=fmx4&language=fi&productionSystem=cellar&part=
85,G1,fi,G1,Liiketoiminnan harjoittaminen,Eläinten hyvinvointi,,3e901799-1124-11ef-a251-01aa75ed71a1,https://op.europa.eu/o/opportal-service/download-handler?identifier=3e901799-1124-11ef-a251-01aa75ed71a1&format=fmx4&language=fi&productionSystem=cellar&part=
86,G1,fi,G1,Liiketoiminnan harjoittaminen,Poliittinen vuorovaikutus ja lobbaustoiminta,,3e901799-1124-11ef-a251-01aa75ed71a1,https://op.europa.eu/o/opportal-service/download-handler?identifier=3e901799-1124-11ef-a251-01aa75ed71a1&format=fmx4&language=fi&productionSystem=cellar&part=
87,G1,fi,G1,Liiketoiminnan harjoittaminen,"Suhteet tavaran- ja palveluntoimittajiin, mukaan lukien maksukäytännöt",,3e901799-1124-11ef-a251-01aa75ed71a1,https://op.europa.eu/o/opportal-service/download-handler?identifier=3e901799-1124-11ef-a251-01aa75ed71a1&format=fmx4&language=fi&productionSystem=cellar&part=
88,G1,fi,G1,Liiketoiminnan harjoittaminen,Korruptio ja lahjonta,"Ehkäiseminen ja havaitseminen, mukaan lukien koulutus",3e901799-1124-11ef-a251-01aa75ed71a1,https://op.europa.eu/o/opportal-service/download-handler?identifier=3e901799-1124-11ef-a251-01aa75ed71a1&format=fmx4&language=fi&productionSystem=cellar&part=
89,G1,fi,G1,Liiketoiminnan harjoittaminen,Korruptio ja lahjonta,Tapaukset,3e901799-1124-11ef-a251-01aa75ed71a1,https://op.europa.eu/o/opportal-service/download-handler?identifier=3e901799-1124-11ef-a251-01aa75ed71a1&format=fmx4&language=fi&productionSystem=cellar&part=
1,E1,fr,E1,Changement climatique,Adaptation au changement climatique,,3e901799-1124-11ef-a251-01aa75ed71a1,https://op.europa.eu/o/opportal-service/download-handler?identifier=3e901799-1124-11ef-a251-01aa75ed71a1&format=fmx4&language=fr&productionSystem=cellar&part=
2,E1,fr,E1,Changement climatique,Atténuation du changement climatique,,3e901799-1124-11ef-a251-01aa75ed71a1,https://op.europa.eu/o/opportal-service/download-handler?identifier=3e901799-1124-11ef-a251-01aa75ed71a1&format=fmx4&language=fr&productionSystem=cellar&part=
3,E1,fr,E1,Changement climatique,Énergie,,3e901799-1124-11ef-a251-01aa75ed71a1,https://op.europa.eu/o/opportal-service/download-handler?identifier=3e901799-1124-11ef-a251-01aa75ed71a1&format=fmx4&language=fr&productionSystem=cellar&part=
4,E2,fr,E2,Pollution,Pollution de l’air,,3e901799-1124-11ef-a251-01aa75ed71a1,https://op.europa.eu/o/opportal-service/download-handler?identifier=3e901799-1124-11ef-a251-01aa75ed71a1&format=fmx4&language=fr&productionSystem=cellar&part=
5,E2,fr,E2,Pollution,Pollution des eaux,,3e901799-1124-11ef-a251-01aa75ed71a1,https://op.europa.eu/o/opportal-service/download-handler?identifier=3e901799-1124-11ef-a251-01aa75ed71a1&format=fmx4&language=fr&productionSystem=cellar&part=
6,E2,fr,E2,Pollution,Pollution des sols,,3e901799-1124-11ef-a251-01aa75ed71a1,https://op.europa.eu/o/opportal-service/download-handler?identifier=3e901799-1124-11ef-a251-01aa75ed71a1&format=fmx4&language=fr&productionSystem=cellar&part=
7,E2,fr,E2,Pollution,Pollution des organismes vivants et des ressources alimentaires,,3e901799-1124-11ef-a251-01aa75ed71a1,https://op.europa.eu/o/opportal-service/download-handler?identifier=3e901799-1124-11ef-a251-01aa75ed71a1&format=fmx4&language=fr&productionSystem=cellar&part=
8,E2,fr,E2,Pollution,Substances préoccupantes,,3e901799-1124-11ef-a251-01aa75ed71a1,https://op.europa.eu/o/opportal-service/download-handler?identifier=3e901799-1124-11ef-a251-01aa75ed71a1&format=fmx4&language=fr&productionSystem=cellar&part=
9,E2,fr,E2,Pollution,Substances extrêmement préoccupantes,,3e901799-1124-11ef-a251-01aa75ed71a1,https://op.europa.eu/o/opportal-service/download-handler?identifier=3e901799-1124-11ef-a251-01aa75ed71a1&format=fmx4&language=fr&productionSystem=cellar&part=
10,E2,fr,E2,Pollution,Microplastiques,,3e901799-1124-11ef-a251-01aa75ed71a1,https://op.europa.eu/o/opportal-service/download-handler?identifier=3e901799-1124-11ef-a251-01aa75ed71a1&format=fmx4&language=fr&productionSystem=cellar&part=
11,E3,fr,E3,Ressources aquatiques et marines,Eau,Consommation d’eau,3e901799-1124-11ef-a251-01aa75ed71a1,https://op.europa.eu/o/opportal-service/download-handler?identifier=3e901799-1124-11ef-a251-01aa75ed71a1&format=fmx4&language=fr&productionSystem=cellar&part=
12,E3,fr,E3,Ressources aquatiques et marines,Eau,Prélèvements d’eau,3e901799-1124-11ef-a251-01aa75ed71a1,https://op.europa.eu/o/opportal-service/download-handler?identifier=3e901799-1124-11ef-a251-01aa75ed71a1&format=fmx4&language=fr&productionSystem=cellar&part=
13,E3,fr,E3,Ressources aquatiques et marines,Eau,Rejet des eaux,3e901799-1124-11ef-a251-01aa75ed71a1,https://op.europa.eu/o/opportal-service/download-handler?identifier=3e901799-1124-11ef-a251-01aa75ed71a1&format=fmx4&language=fr&productionSystem=cellar&part=
14,E3,fr,E3,Ressources aquatiques et marines,Eau,Rejet des eaux dans les océans,3e901799-1124-11ef-a251-01aa75ed71a1,https://op.europa.eu/o/opportal-service/download-handler?identifier=3e901799-1124-11ef-a251-01aa75ed71a1&format=fmx4&language=fr&productionSystem=cellar&part=
15,E3,fr,E3,Ressources aquatiques et marines,Ressources marines,Extraction et utilisation des ressources marines,3e901799-1124-11ef-a251-01aa75ed71a1,https://op.europa.eu/o/opportal-service/download-handler?identifier=3e901799-1124-11ef-a251-01aa75ed71a1&format=fmx4&language=fr&productionSystem=cellar&part=
16,E4,fr,E4,Biodiversité et écosystèmes,Vecteurs d’incidence directs de la perte de biodiversité,Changement climatique,3e901799-1124-11ef-a251-01aa75ed71a1,https://op.europa.eu/o/opportal-service/download-handler?identifier=3e901799-1124-11ef-a251-01aa75ed71a1&format=fmx4&language=fr&productionSystem=cellar&part=
17,E4,fr,E4,Biodiversité et écosystèmes,Vecteurs d’incidence directs de la perte de biodiversité,"Changement d’affectation des terres, changement d’utilisation de l’eau douce et des mers",3e901799-1124-11ef-a251-01aa75ed71a1,https://op.europa.eu/o/opportal-service/download-handler?identifier=3e901799-1124-11ef-a251-01aa75ed71a1&format=fmx4&language=fr&productionSystem=cellar&part=
18,E4,fr,E4,Biodiversité et écosystèmes,Vecteurs d’incidence directs de la perte de biodiversité,Exploitation directe,3e901799-1124-11ef-a251-01aa75ed71a1,https://op.europa.eu/o/opportal-service/download-handler?identifier=3e901799-1124-11ef-a251-01aa75ed71a1&format=fmx4&language=fr&productionSystem=cellar&part=
19,E4,fr,E4,Biodiversité et écosystèmes,Vecteurs d’incidence directs de la perte de biodiversité,Espèces exotiques envahissantes,3e901799-1124-11ef-a251-01aa75ed71a1,https://op.europa.eu/o/opportal-service/download-handler?identifier=3e901799-1124-11ef-a251-01aa75ed71a1&format=fmx4&language=fr&productionSystem=cellar&part=
20,E4,fr,E4,Biodiversité et écosystèmes,Vecteurs d’incidence directs de la perte de biodiversité,Pollution,3e901799-1124-11ef-a251-01aa75ed71a1,https://op.europa.eu/o/opportal-service/download-handler?identifier=3e901799-1124-11ef-a251-01aa75ed71a1&format=fmx4&language=fr&productionSystem=cellar&part=
21,E4,fr,E4,Biodiversité et écosystèmes,Vecteurs d’incidence directs de la perte de biodiversité,Autres,3e901799-1124-11ef-a251-01aa75ed71a1,https://op.europa.eu/o/opportal-service/download-handler?identifier=3e901799-1124-11ef-a251-01aa75ed71a1&format=fmx4&language=fr&productionSystem=cellar&part=
22,E4,fr,E4,Biodiversité et écosystèmes,Incidences sur l’état des espèces,,3e901799-1124-11ef-a251-01aa75ed71a1,https://op.europa.eu/o/opportal-service/download-handler?identifier=3e901799-1124-11ef-a251-01aa75ed71a1&format=fmx4&language=fr&productionSystem=cellar&part=
23,E4,fr,E4,Biodiversité et écosystèmes,Incidences sur l’étendue et l’état des écosystèmes,,3e901799-1124-11ef-a251-01aa75ed71a1,https://op.europa.eu/o/opportal-service/download-handler?identifier=3e901799-1124-11ef-a251-01aa75ed71a1&format=fmx4&language=fr&productionSystem=cellar&part=
24,E4,fr,E4,Biodiversité et écosystèmes,Incidences et dépendances sur les services écosystémiques,,3e901799-1124-11ef-a251-01aa75ed71a1,https://op.europa.eu/o/opportal-service/download-handler?identifier=3e901799-1124-11ef-a251-01aa75ed71a1&format=fmx4&language=fr&productionSystem=cellar&part=
25,E5,fr,E5,Économie circulaire,"Ressources entrantes, y compris l’utilisation des ressources",,3e901799-1124-11ef-a251-01aa75ed71a1,https://op.europa.eu/o/opportal-service/download-handler?identifier=3e901799-1124-11ef-a251-01aa75ed71a1&format=fmx4&language=fr&productionSystem=cellar&part=
26,E5,fr,E5,Économie circulaire,Ressources sortantes liées aux produits et services,,3e901799-1124-11ef-a251-01aa75ed71a1,https://op.europa.eu/o/opportal-service/download-handler?identifier=3e901799-1124-11ef-a251-01aa75ed71a1&format=fmx4&language=fr&productionSystem=cellar&part=
27,E5,fr,E5,Économie circulaire,Déchets,,3e901799-1124-11ef-a251-01aa75ed71a1,https://op.europa.eu/o/opportal-service/download-handler?identifier=3e901799-1124-11ef-a251-01aa75ed71a1&format=fmx4&language=fr&productionSystem=cellar&part=
28,S1,fr,S1,Effectifs de l’entreprise,Conditions de travail,Sécurité de l’emploi,3e901799-1124-11ef-a251-01aa75ed71a1,https://op.europa.eu/o/opportal-service/download-handler?identifier=3e901799-1124-11ef-a251-01aa75ed71a1&format=fmx4&language=fr&productionSystem=cellar&part=
29,S1,fr,S1,Effectifs de l’entreprise,Conditions de travail,Temps de travail,3e901799-1124-11ef-a251-01aa75ed71a1,https://op.europa.eu/o/opportal-service/download-handler?identifier=3e901799-1124-11ef-a251-01aa75ed71a1&format=fmx4&language=fr&productionSystem=cellar&part=
30,S1,fr,S1,Effectifs de l’entreprise,Conditions de travail,Salaires décents,3e901799-1124-11ef-a251-01aa75ed71a1,https://op.europa.eu/o/opportal-service/download-handler?identifier=3e901799-1124-11ef-a251-01aa75ed71a1&format=fmx4&language=fr&productionSystem=cellar&part=
31,S1,fr,S1,Effectifs de l’entreprise,Conditions de travail,Dialogue social,3e901799-1124-11ef-a251-01aa75ed71a1,https://op.europa.eu/o/opportal-service/download-handler?identifier=3e901799-1124-11ef-a251-01aa75ed71a1&format=fmx4&language=fr&productionSystem=cellar&part=
32,S1,fr,S1,Effectifs de l’entreprise,Conditions de travail,"Liberté d’association, existence de comités d’entreprise et droits des travailleurs à l’information, à la consultation et à la participation",3e901799-1124-11ef-a251-01aa75ed71a1,https://op.europa.eu/o/opportal-service/download-handler?identifier=3e901799-1124-11ef-a251-01aa75ed71a1&format=fmx4&language=fr&productionSystem=cellar&part=
33,S1,fr,S1,Effectifs de l’entreprise,Conditions de travail,"Négociation collective, y compris la proportion de travailleurs couverts par des conventions collectives",3e901799-1124-11ef-a251-01aa75ed71a1,https://op.europa.eu/o/opportal-service/download-handler?identifier=3e901799-1124-11ef-a251-01aa75ed71a1&format=fmx4&language=fr&productionSystem=cellar&part=
34,S1,fr,S1,Effectifs de l’entreprise,Conditions de travail,Équilibre entre vie professionnelle et vie privée,3e901799-1124-11ef-a251-01aa75ed71a1,https://op.europa.eu/o/opportal-service/download-handler?identifier=3e901799-1124-11ef-a251-01aa75ed71a1&format=fmx4&language=fr&productionSystem=cellar&part=
35,S1,fr,S1,Effectifs de l’entreprise,Conditions de travail,Santé et sécurité,3e901799-1124-11ef-a251-01aa75ed71a1,https://op.europa.eu/o/opportal-service/download-handler?identifier=3e901799-1124-11ef-a251-01aa75ed71a1&format=fmx4&language=fr&productionSystem=cellar&part=
36,S1,fr,S1,Effectifs de l’entreprise,Égalité de traitement et égalité des chances pour tous,Égalité de genre et égalité de rémunération pour un travail de valeur égale,3e901799-1124-11ef-a251-01aa75ed71a1,https://op.europa.eu/o/opportal-service/download-handler?identifier=3e901799-1124-11ef-a251-01aa75ed71a1&format=fmx4&language=fr&productionSystem=cellar&part=
37,S1,fr,S1,Effectifs de l’entreprise,Égalité de traitement et égalité des chances pour tous,Formation et développement des compétences,3e901799-1124-11ef-a251-01aa75ed71a1,https://op.europa.eu/o/opportal-service/download-handler?identifier=3e901799-1124-11ef-a251-01aa75ed71a1&format=fmx4&language=fr&productionSystem=cellar&part=
38,S1,fr,S1,Effectifs de l’entreprise,Égalité de traitement et égalité des chances pour tous,Emploi et inclusion des personnes handicapées,3e901799-1124-11ef-a251-01aa75ed71a1,https://op.europa.eu/o/opportal-service/download-handler?identifier=3e901799-1124-11ef-a251-01aa75ed71a1&format=fmx4&language=fr&productionSystem=cellar&part=
39,S1,fr,S1,Effectifs de l’entreprise,Égalité de traitement et égalité des chances pour tous,Mesures de lutte contre la violence et le harcèlement sur le lieu de travail,3e901799-1124-11ef-a251-01aa75ed71a1,https://op.europa.eu/o/opportal-service/download-handler?identifier=3e901799-1124-11ef-a251-01aa75ed71a1&format=fmx4&language=fr&productionSystem=cellar&part=
40,S1,fr,S1,Effectifs de l’entreprise,Égalité de traitement et égalité des chances pour tous,Diversité,3e901799-1124-11ef-a251-01aa75ed71a1,https://op.europa.eu/o/opportal-service/download-handler?identifier=3e901799-1124-11ef-a251-01aa75ed71a1&format=fmx4&language=fr&productionSystem=cellar&part=
41,S1,fr,S1,Effectifs de l’entreprise,Autres droits liés au travail,Travail des enfants,3e901799-1124-11ef-a251-01aa75ed71a1,https://op.europa.eu/o/opportal-service/download-handler?identifier=3e901799-1124-11ef-a251-01aa75ed71a1&format=fmx4&language=fr&productionSystem=cellar&part=
42,S1,fr,S1,Effectifs de l’entreprise,Autres droits liés au travail,Travail forcé,3e901799-1124-11ef-a251-01aa75ed71a1,https://op.europa.eu/o/opportal-service/download-handler?identifier=3e901799-1124-11ef-a251-01aa75ed71a1&format=fmx4&language=fr&productionSystem=cellar&part=
43,S1,fr,S1,Effectifs de l’entreprise,Autres droits liés au travail,Logement adéquat,3e901799-1124-11ef-a251-01aa75ed71a1,https://op.europa.eu/o/opportal-service/download-handler?identifier=3e901799-1124-11ef-a251-01aa75ed71a1&format=fmx4&language=fr&productionSystem=cellar&part=
44,S1,fr,S1,Effectifs de l’entreprise,Autres droits liés au travail,Protection de la vie privée,3e901799-1124-11ef-a251-01aa75ed71a1,https://op.europa.eu/o/opportal-service/download-handler?identifier=3e901799-1124-11ef-a251-01aa75ed71a1&format=fmx4&language=fr&productionSystem=cellar&part=
45,S2,fr,S2,Travailleurs de la chaîne de valeur,Conditions de travail,Sécurité de l’emploi,3e901799-1124-11ef-a251-01aa75ed71a1,https://op.europa.eu/o/opportal-service/download-handler?identifier=3e901799-1124-11ef-a251-01aa75ed71a1&format=fmx4&language=fr&productionSystem=cellar&part=
46,S2,fr,S2,Travailleurs de la chaîne de valeur,Conditions de travail,Temps de travail,3e901799-1124-11ef-a251-01aa75ed71a1,https://op.europa.eu/o/opportal-service/download-handler?identifier=3e901799-1124-11ef-a251-01aa75ed71a1&format=fmx4&language=fr&productionSystem=cellar&part=
47,S2,fr,S2,Travailleurs de la chaîne de valeur,Conditions de travail,Salaires décents,3e901799-1124-11ef-a251-01aa75ed71a1,https://op.europa.eu/o/opportal-service/download-handler?identifier=3e901799-1124-11ef-a251-01aa75ed71a1&format=fmx4&language=fr&productionSystem=cellar&part=
48,S2,fr,S2,Travailleurs de la chaîne de valeur,Conditions de travail,Dialogue social,3e901799-1124-11ef-a251-01aa75ed71a1,https://op.europa.eu/o/opportal-service/download-handler?identifier=3e901799-1124-11ef-a251-01aa75ed71a1&format=fmx4&language=fr&productionSystem=cellar&part=
49,S2,fr,S2,Travailleurs de la chaîne de valeur,Conditions de travail,"Liberté d’association, y compris l’existence de comités d’entreprise",3e901799-1124-11ef-a251-01aa75ed71a1,https://op.europa.eu/o/opportal-service/download-handler?identifier=3e901799-1124-11ef-a251-01aa75ed71a1&format=fmx4&language=fr&productionSystem=cellar&part=
50,S2,fr,S2,Travailleurs de la chaîne de valeur,Conditions de travail,Négociations collectives,3e901799-1124-11ef-a251-01aa75ed71a1,https://op.europa.eu/o/opportal-service/download-handler?identifier=3e901799-1124-11ef-a251-01aa75ed71a1&format=fmx4&language=fr&productionSystem=cellar&part=
51,S2,fr,S2,Travailleurs de la chaîne de valeur,Conditions de travail,Équilibre entre vie professionnelle et vie privée,3e901799-1124-11ef-a251-01aa75ed71a1,https://op.europa.eu/o/opportal-service/download-handler?identifier=3e901799-1124-11ef-a251-01aa75ed71a1&format=fmx4&language=fr&productionSystem=cellar&part=
52,S2,fr,S2,Travailleurs de la chaîne de valeur,Conditions de travail,Santé et sécurité,3e901799-1124-11ef-a251-01aa75ed71a1,https://op.europa.eu/o/opportal-service/download-handler?identifier=3e901799-1124-11ef-a251-01aa75ed71a1&format=fmx4&language=fr&productionSystem=cellar&part=
53,S2,fr,S2,Travailleurs de la chaîne de valeur,Égalité de traitement et égalité des chances pour tous,Égalité de genre et égalité de rémunération pour un travail de valeur égale,3e901799-1124-11ef-a251-01aa75ed71a1,https://op.europa.eu/o/opportal-service/download-handler?identifier=3e901799-1124-11ef-a251-01aa75ed71a1&format=fmx4&language=fr&productionSystem=cellar&part=
54,S2,fr,S2,Travailleurs de la chaîne de valeur,Égalité de traitement et égalité des chances pour tous,Formation et développement des compétences,3e901799-1124-11ef-a251-01aa75ed71a1,https://op.europa.eu/o/opportal-service/download-handler?identifier=3e901799-1124-11ef-a251-01aa75ed71a1&format=fmx4&language=fr&productionSystem=cellar&part=
55,S2,fr,S2,Travailleurs de la chaîne de valeur,Égalité de traitement et égalité des chances pour tous,Emploi et inclusion des personnes handicapées,3e901799-1124-11ef-a251-01aa75ed71a1,https://op.europa.eu/o/opportal-service/download-handler?identifier=3e901799-1124-11ef-a251-01aa75ed71a1&format=fmx4&language=fr&productionSystem=cellar&part=
56,S2,fr,S2,Travailleurs de la chaîne de valeur,Égalité de traitement et égalité des chances pour tous,Mesures de lutte contre la violence et le harcèlement sur le lieu de travail,3e901799-1124-11ef-a251-01aa75ed71a1,https://op.europa.eu/o/opportal-service/download-handler?identifier=3e901799-1124-11ef-a251-01aa75ed71a1&format=fmx4&language=fr&productionSystem=cellar&part=
57,S2,fr,S2,Travailleurs de la chaîne de valeur,Égalité de traitement et égalité des chances pour tous,Diversité,3e901799-1124-11ef-a251-01aa75ed71a1,https://op.europa.eu/o/opportal-service/download-handler?identifier=3e901799-1124-11ef-a251-01aa75ed71a1&format=fmx4&language=fr&productionSystem=cellar&part=
58,S2,fr,S2,Travailleurs de la chaîne de valeur,Autres droits liés au travail,Travail des enfants,3e901799-1124-11ef-a251-01aa75ed71a1,https://op.europa.eu/o/opportal-service/download-handler?identifier=3e901799-1124-11ef-a251-01aa75ed71a1&format=fmx4&language=fr&productionSystem=cellar&part=
59,S2,fr,S2,Travailleurs de la chaîne de valeur,Autres droits liés au travail,Travail forcé,3e901799-1124-11ef-a251-01aa75ed71a1,https://op.europa.eu/o/opportal-service/download-handler?identifier=3e901799-1124-11ef-a251-01aa75ed71a1&format=fmx4&language=fr&productionSystem=cellar&part=
60,S2,fr,S2,Travailleurs de la chaîne de valeur,Autres droits liés au travail,Logement adéquat,3e901799-1124-11ef-a251-01aa75ed71a1,https://op.europa.eu/o/opportal-service/download-handler?identifier=3e901799-1124-11ef-a251-01aa75ed71a1&format=fmx4&language=fr&productionSystem=cellar&part=
61,S2,fr,S2,Travailleurs de la chaîne de valeur,Autres droits liés au travail,Eau et assainissement,3e901799-1124-11ef-a251-01aa75ed71a1,https://op.europa.eu/o/opportal-service/download-handler?identifier=3e901799-1124-11ef-a251-01aa75ed71a1&format=fmx4&language=fr&productionSystem=cellar&part=
62,S2,fr,S2,Travailleurs de la chaîne de valeur,Autres droits liés au travail,Protection de la vie privée,3e901799-1124-11ef-a251-01aa75ed71a1,https://op.europa.eu/o/opportal-service/download-handler?identifier=3e901799-1124-11ef-a251-01aa75ed71a1&format=fmx4&language=fr&productionSystem=cellar&part=
63,S3,fr,S3,Communautés touchées,"Droits économiques, sociaux et culturels des communautés",Logement adéquat,3e901799-1124-11ef-a251-01aa75ed71a1,https://op.europa.eu/o/opportal-service/download-handler?identifier=3e901799-1124-11ef-a251-01aa75ed71a1&format=fmx4&language=fr&productionSystem=cellar&part=
64,S3,fr,S3,Communautés touchées,"Droits économiques, sociaux et culturels des communautés",Alimentation adéquate,3e901799-1124-11ef-a251-01aa75ed71a1,https://op.europa.eu/o/opportal-service/download-handler?identifier=3e901799-1124-11ef-a251-01aa75ed71a1&format=fmx4&language=fr&productionSystem=cellar&part=
65,S3,fr,S3,Communautés touchées,"Droits économiques, sociaux et culturels des communautés",Eau et assainissement,3e901799-1124-11ef-a251-01aa75ed71a1,https://op.europa.eu/o/opportal-service/download-handler?identifier=3e901799-1124-11ef-a251-01aa75ed71a1&format=fmx4&language=fr&productionSystem=cellar&part=
66,S3,fr,S3,Communautés touchées,"Droits économiques, sociaux et culturels des communautés",Incidences liées à la terre,3e901799-1124-11ef-a251-01aa75ed71a1,https://op.europa.eu/o/opportal-service/download-handler?identifier=3e901799-1124-11ef-a251-01aa75ed71a1&format=fmx4&language=fr&productionSystem=cellar&part=
67,S3,fr,S3,Communautés touchées,"Droits économiques, sociaux et culturels des communautés",Incidences liées à la sécurité,3e901799-1124-11ef-a251-01aa75ed71a1,https://op.europa.eu/o/opportal-service/download-handler?identifier=3e901799-1124-11ef-a251-01aa75ed71a1&format=fmx4&language=fr&productionSystem=cellar&part=
68,S3,fr,S3,Communautés touchées,Droits civils et politiques des communautés,Liberté d’expression,3e901799-1124-11ef-a251-01aa75ed71a1,https://op.europa.eu/o/opportal-service/download-handler?identifier=3e901799-1124-11ef-a251-01aa75ed71a1&format=fmx4&language=fr&productionSystem=cellar&part=
69,S3,fr,S3,Communautés touchées,Droits civils et politiques des communautés,Liberté de réunion,3e901799-1124-11ef-a251-01aa75ed71a1,https://op.europa.eu/o/opportal-service/download-handler?identifier=3e901799-1124-11ef-a251-01aa75ed71a1&format=fmx4&language=fr&productionSystem=cellar&part=
70,S3,fr,S3,Communautés touchées,Droits civils et politiques des communautés,Incidences sur les défenseurs des droits de l’homme,3e901799-1124-11ef-a251-01aa75ed71a1,https://op.europa.eu/o/opportal-service/download-handler?identifier=3e901799-1124-11ef-a251-01aa75ed71a1&format=fmx4&language=fr&productionSystem=cellar&part=
71,S3,fr,S3,Communautés touchées,Droits des peuples autochtones,"Consentement préalable, donné librement et en connaissance de cause",3e901799-1124-11ef-a251-01aa75ed71a1,https://op.europa.eu/o/opportal-service/download-handler?identifier=3e901799-1124-11ef-a251-01aa75ed71a1&format=fmx4&language=fr&productionSystem=cellar&part=
72,S3,fr,S3,Communautés touchées,Droits des peuples autochtones,Auto-détermination,3e901799-1124-11ef-a251-01aa75ed71a1,https://op.europa.eu/o/opportal-service/download-handler?identifier=3e901799-1124-11ef-a251-01aa75ed71a1&format=fmx4&language=fr&productionSystem=cellar&part=
73,S3,fr,S3,Communautés touchées,Droits des peuples autochtones,Droits culturels,3e901799-1124-11ef-a251-01aa75ed71a1,https://op.europa.eu/o/opportal-service/download-handler?identifier=3e901799-1124-11ef-a251-01aa75ed71a1&format=fmx4&language=fr&productionSystem=cellar&part=
74,S4,fr,S4,Consommateurs et utilisateurs finals,Incidences liées aux informations sur les consommateurs et/ou les utilisateurs finals,Protection de la vie privée,3e901799-1124-11ef-a251-01aa75ed71a1,https://op.europa.eu/o/opportal-service/download-handler?identifier=3e901799-1124-11ef-a251-01aa75ed71a1&format=fmx4&language=fr&productionSystem=cellar&part=
75,S4,fr,S4,Consommateurs et utilisateurs finals,Incidences liées aux informations sur les consommateurs et/ou les utilisateurs finals,Liberté d’expression,3e901799-1124-11ef-a251-01aa75ed71a1,https://op.europa.eu/o/opportal-service/download-handler?identifier=3e901799-1124-11ef-a251-01aa75ed71a1&format=fmx4&language=fr&productionSystem=cellar&part=
76,S4,fr,S4,Consommateurs et utilisateurs finals,Incidences liées aux informations sur les consommateurs et/ou les utilisateurs finals,Accès à l’information (de qualité),3e901799-1124-11ef-a251-01aa75ed71a1,https://op.europa.eu/o/opportal-service/download-handler?identifier=3e901799-1124-11ef-a251-01aa75ed71a1&format=fmx4&language=fr&productionSystem=cellar&part=
77,S4,fr,S4,Consommateurs et utilisateurs finals,Sécurité des consommateurs et/ou des utilisateurs finals,Santé et sécurité,3e901799-1124-11ef-a251-01aa75ed71a1,https://op.europa.eu/o/opportal-service/download-handler?identifier=3e901799-1124-11ef-a251-01aa75ed71a1&format=fmx4&language=fr&productionSystem=cellar&part=
78,S4,fr,S4,Consommateurs et utilisateurs finals,Sécurité des consommateurs et/ou des utilisateurs finals,Sécurité de la personne,3e901799-1124-11ef-a251-01aa75ed71a1,https://op.europa.eu/o/opportal-service/download-handler?identifier=3e901799-1124-11ef-a251-01aa75ed71a1&format=fmx4&language=fr&productionSystem=cellar&part=
79,S4,fr,S4,Consommateurs et utilisateurs finals,Sécurité des consommateurs et/ou des utilisateurs finals,Protection des enfants,3e901799-1124-11ef-a251-01aa75ed71a1,https://op.europa.eu/o/opportal-service/download-handler?identifier=3e901799-1124-11ef-a251-01aa75ed71a1&format=fmx4&language=fr&productionSystem=cellar&part=
80,S4,fr,S4,Consommateurs et utilisateurs finals,Inclusion sociale des consommateurs et/ou des utilisateurs finals,Non-discrimination,3e901799-1124-11ef-a251-01aa75ed71a1,https://op.europa.eu/o/opportal-service/download-handler?identifier=3e901799-1124-11ef-a251-01aa75ed71a1&format=fmx4&language=fr&productionSystem=cellar&part=
81,S4,fr,S4,Consommateurs et utilisateurs finals,Inclusion sociale des consommateurs et/ou des utilisateurs finals,Accès aux produits et services,3e901799-1124-11ef-a251-01aa75ed71a1,https://op.europa.eu/o/opportal-service/download-handler?identifier=3e901799-1124-11ef-a251-01aa75ed71a1&format=fmx4&language=fr&productionSystem=cellar&part=
82,S4,fr,S4,Consommateurs et utilisateurs finals,Inclusion sociale des consommateurs et/ou des utilisateurs finals,Pratiques de commercialisation responsables,3e901799-1124-11ef-a251-01aa75ed71a1,https://op.europa.eu/o/opportal-service/download-handler?identifier=3e901799-1124-11ef-a251-01aa75ed71a1&format=fmx4&language=fr&productionSystem=cellar&part=
83,G1,fr,G1,Conduite des affaires,Culture d’entreprise,,3e901799-1124-11ef-a251-01aa75ed71a1,https://op.europa.eu/o/opportal-service/download-handler?identifier=3e901799-1124-11ef-a251-01aa75ed71a1&format=fmx4&language=fr&productionSystem=cellar&part=
84,G1,fr,G1,Conduite des affaires,Protection des lanceurs d’alerte,,3e901799-1124-11ef-a251-01aa75ed71a1,https://op.europa.eu/o/opportal-service/download-handler?identifier=3e901799-1124-11ef-a251-01aa75ed71a1&format=fmx4&language=fr&productionSystem=cellar&part=
85,G1,fr,G1,Conduite des affaires,Bien-être animal,,3e901799-1124-11ef-a251-01aa75ed71a1,https://op.europa.eu/o/opportal-service/download-handler?identifier=3e901799-1124-11ef-a251-01aa75ed71a1&format=fmx4&language=fr&productionSystem=cellar&part=
86,G1,fr,G1,Conduite des affaires,Engagement politique et activités de lobbying,,3e901799-1124-11ef-a251-01aa75ed71a1,https://op.europa.eu/o/opportal-service/download-handler?identifier=3e901799-1124-11ef-a251-01aa75ed71a1&format=fmx4&language=fr&productionSystem=cellar&part=
87,G1,fr,G1,Conduite des affaires,"Gestion des relations avec les fournisseurs, y compris les pratiques en matière de paiement",,3e901799-1124-11ef-a251-01aa75ed71a1,https://op.europa.eu/o/opportal-service/download-handler?identifier=3e901799-1124-11ef-a251-01aa75ed71a1&format=fmx4&language=fr&productionSystem=cellar&part=
88,G1,fr,G1,Conduite des affaires,Corruption et versement de pots-de-vin,"Prévention et détection, y compris les formations",3e901799-1124-11ef-a251-01aa75ed71a1,https://op.europa.eu/o/opportal-service/download-handler?identifier=3e901799-1124-11ef-a251-01aa75ed71a1&format=fmx4&language=fr&productionSystem=cellar&part=
89,G1,fr,G1,Conduite des affaires,Corruption et versement de pots-de-vin,Incidents/Cas,3e901799-1124-11ef-a251-01aa75ed71a1,https://op.europa.eu/o/opportal-service/download-handler?identifier=3e901799-1124-11ef-a251-01aa75ed71a1&format=fmx4&language=fr&productionSystem=cellar&part=
1,E1,ga,E1,Athrú aeráide,Oiriúnú don athrú aeráide,,3e901799-1124-11ef-a251-01aa75ed71a1,https://op.europa.eu/o/opportal-service/download-handler?identifier=3e901799-1124-11ef-a251-01aa75ed71a1&format=fmx4&language=ga&productionSystem=cellar&part=
2,E1,ga,E1,Athrú aeráide,Maolú ar an athrú aeráide,,3e901799-1124-11ef-a251-01aa75ed71a1,https://op.europa.eu/o/opportal-service/download-handler?identifier=3e901799-1124-11ef-a251-01aa75ed71a1&format=fmx4&language=ga&productionSystem=cellar&part=
3,E1,ga,E1,Athrú aeráide,Fuinneamh,,3e901799-1124-11ef-a251-01aa75ed71a1,https://op.europa.eu/o/opportal-service/download-handler?identifier=3e901799-1124-11ef-a251-01aa75ed71a1&format=fmx4&language=ga&productionSystem=cellar&part=
4,E2,ga,E2,Truailliú,Truailliú aeir,,3e901799-1124-11ef-a251-01aa75ed71a1,https://op.europa.eu/o/opportal-service/download-handler?identifier=3e901799-1124-11ef-a251-01aa75ed71a1&format=fmx4&language=ga&productionSystem=cellar&part=
5,E2,ga,E2,Truailliú,Truailliú uisce,,3e901799-1124-11ef-a251-01aa75ed71a1,https://op.europa.eu/o/opportal-service/download-handler?identifier=3e901799-1124-11ef-a251-01aa75ed71a1&format=fmx4&language=ga&productionSystem=cellar&part=
6,E2,ga,E2,Truailliú,Truailliú ithreach,,3e901799-1124-11ef-a251-01aa75ed71a1,https://op.europa.eu/o/opportal-service/download-handler?identifier=3e901799-1124-11ef-a251-01aa75ed71a1&format=fmx4&language=ga&productionSystem=cellar&part=
7,E2,ga,E2,Truailliú,Truailliú orgánach beo agus acmhainní bia,,3e901799-1124-11ef-a251-01aa75ed71a1,https://op.europa.eu/o/opportal-service/download-handler?identifier=3e901799-1124-11ef-a251-01aa75ed71a1&format=fmx4&language=ga&productionSystem=cellar&part=
8,E2,ga,E2,Truailliú,Substaintí ar díol imní iad,,3e901799-1124-11ef-a251-01aa75ed71a1,https://op.europa.eu/o/opportal-service/download-handler?identifier=3e901799-1124-11ef-a251-01aa75ed71a1&format=fmx4&language=ga&productionSystem=cellar&part=
9,E2,ga,E2,Truailliú,Substaintí ar ábhar mór imní iad,,3e901799-1124-11ef-a251-01aa75ed71a1,https://op.europa.eu/o/opportal-service/download-handler?identifier=3e901799-1124-11ef-a251-01aa75ed71a1&format=fmx4&language=ga&productionSystem=cellar&part=
10,E2,ga,E2,Truailliú,Micreaphlaistigh,,3e901799-1124-11ef-a251-01aa75ed71a1,https://op.europa.eu/o/opportal-service/download-handler?identifier=3e901799-1124-11ef-a251-01aa75ed71a1&format=fmx4&language=ga&productionSystem=cellar&part=
11,E3,ga,E3,Uisce agus acmhainní muirí,Uisce,Tomhaltas uisce,3e901799-1124-11ef-a251-01aa75ed71a1,https://op.europa.eu/o/opportal-service/download-handler?identifier=3e901799-1124-11ef-a251-01aa75ed71a1&format=fmx4&language=ga&productionSystem=cellar&part=
12,E3,ga,E3,Uisce agus acmhainní muirí,Uisce,Asbhaintí uisce,3e901799-1124-11ef-a251-01aa75ed71a1,https://op.europa.eu/o/opportal-service/download-handler?identifier=3e901799-1124-11ef-a251-01aa75ed71a1&format=fmx4&language=ga&productionSystem=cellar&part=
13,E3,ga,E3,Uisce agus acmhainní muirí,Uisce,Sceitheadh uisce,3e901799-1124-11ef-a251-01aa75ed71a1,https://op.europa.eu/o/opportal-service/download-handler?identifier=3e901799-1124-11ef-a251-01aa75ed71a1&format=fmx4&language=ga&productionSystem=cellar&part=
14,E3,ga,E3,Uisce agus acmhainní muirí,Uisce,Sceitheadh uisce sna haigéin,3e901799-1124-11ef-a251-01aa75ed71a1,https://op.europa.eu/o/opportal-service/download-handler?identifier=3e901799-1124-11ef-a251-01aa75ed71a1&format=fmx4&language=ga&productionSystem=cellar&part=
15,E3,ga,E3,Uisce agus acmhainní muirí,Acmhainní muirí,Acmhainní muirí a bhaint agus a úsáid,3e901799-1124-11ef-a251-01aa75ed71a1,https://op.europa.eu/o/opportal-service/download-handler?identifier=3e901799-1124-11ef-a251-01aa75ed71a1&format=fmx4&language=ga&productionSystem=cellar&part=
16,E4,ga,E4,Bithéagsúlacht agus éiceachórais,Spreagthaí tionchair dhírigh chailliúint na bithéagsúlachta,Athrú Aeráide,3e901799-1124-11ef-a251-01aa75ed71a1,https://op.europa.eu/o/opportal-service/download-handler?identifier=3e901799-1124-11ef-a251-01aa75ed71a1&format=fmx4&language=ga&productionSystem=cellar&part=
17,E4,ga,E4,Bithéagsúlacht agus éiceachórais,Spreagthaí tionchair dhírigh chailliúint na bithéagsúlachta,"Athrú ar thalamhúsáid, athrú ar úsáid uisce úir agus athrú ar úsáid na farraige",3e901799-1124-11ef-a251-01aa75ed71a1,https://op.europa.eu/o/opportal-service/download-handler?identifier=3e901799-1124-11ef-a251-01aa75ed71a1&format=fmx4&language=ga&productionSystem=cellar&part=
18,E4,ga,E4,Bithéagsúlacht agus éiceachórais,Spreagthaí tionchair dhírigh chailliúint na bithéagsúlachta,Saothrú díreach,3e901799-1124-11ef-a251-01aa75ed71a1,https://op.europa.eu/o/opportal-service/download-handler?identifier=3e901799-1124-11ef-a251-01aa75ed71a1&format=fmx4&language=ga&productionSystem=cellar&part=
19,E4,ga,E4,Bithéagsúlacht agus éiceachórais,Spreagthaí tionchair dhírigh chailliúint na bithéagsúlachta,Speicis choimhthíocha ionracha,3e901799-1124-11ef-a251-01aa75ed71a1,https://op.europa.eu/o/opportal-service/download-handler?identifier=3e901799-1124-11ef-a251-01aa75ed71a1&format=fmx4&language=ga&productionSystem=cellar&part=
20,E4,ga,E4,Bithéagsúlacht agus éiceachórais,Spreagthaí tionchair dhírigh chailliúint na bithéagsúlachta,Truailliú,3e901799-1124-11ef-a251-01aa75ed71a1,https://op.europa.eu/o/opportal-service/download-handler?identifier=3e901799-1124-11ef-a251-01aa75ed71a1&format=fmx4&language=ga&productionSystem=cellar&part=
21,E4,ga,E4,Bithéagsúlacht agus éiceachórais,Spreagthaí tionchair dhírigh chailliúint na bithéagsúlachta,Eile,3e901799-1124-11ef-a251-01aa75ed71a1,https://op.europa.eu/o/opportal-service/download-handler?identifier=3e901799-1124-11ef-a251-01aa75ed71a1&format=fmx4&language=ga&productionSystem=cellar&part=
22,E4,ga,E4,Bithéagsúlacht agus éiceachórais,Tionchair ar staid speiceas,,3e901799-1124-11ef-a251-01aa75ed71a1,https://op.europa.eu/o/opportal-service/download-handler?identifier=3e901799-1124-11ef-a251-01aa75ed71a1&format=fmx4&language=ga&productionSystem=cellar&part=
23,E4,ga,E4,Bithéagsúlacht agus éiceachórais,Tionchair ar fhairsinge agus ar riocht na n-éiceachóras,,3e901799-1124-11ef-a251-01aa75ed71a1,https://op.europa.eu/o/opportal-service/download-handler?identifier=3e901799-1124-11ef-a251-01aa75ed71a1&format=fmx4&language=ga&productionSystem=cellar&part=
24,E4,ga,E4,Bithéagsúlacht agus éiceachórais,Tionchair agus spleáchais ar éicisheirbhísí,,3e901799-1124-11ef-a251-01aa75ed71a1,https://op.europa.eu/o/opportal-service/download-handler?identifier=3e901799-1124-11ef-a251-01aa75ed71a1&format=fmx4&language=ga&productionSystem=cellar&part=
25,E5,ga,E5,Geilleagar ciorclach,"Insreafaí acmhainní, lena n-áirítear úsáid acmhainní",,3e901799-1124-11ef-a251-01aa75ed71a1,https://op.europa.eu/o/opportal-service/download-handler?identifier=3e901799-1124-11ef-a251-01aa75ed71a1&format=fmx4&language=ga&productionSystem=cellar&part=
26,E5,ga,E5,Geilleagar ciorclach,Eis-sreafaí acmhainní a bhaineann le táirgí agus seirbhísí,,3e901799-1124-11ef-a251-01aa75ed71a1,https://op.europa.eu/o/opportal-service/download-handler?identifier=3e901799-1124-11ef-a251-01aa75ed71a1&format=fmx4&language=ga&productionSystem=cellar&part=
27,E5,ga,E5,Geilleagar ciorclach,Dramhaíl,,3e901799-1124-11ef-a251-01aa75ed71a1,https://op.europa.eu/o/opportal-service/download-handler?identifier=3e901799-1124-11ef-a251-01aa75ed71a1&format=fmx4&language=ga&productionSystem=cellar&part=
28,S1,ga,S1,Lucht saothair dílis,Coinníollacha oibre,Fostaíocht shlán,3e901799-1124-11ef-a251-01aa75ed71a1,https://op.europa.eu/o/opportal-service/download-handler?identifier=3e901799-1124-11ef-a251-01aa75ed71a1&format=fmx4&language=ga&productionSystem=cellar&part=
29,S1,ga,S1,Lucht saothair dílis,Coinníollacha oibre,Am oibre,3e901799-1124-11ef-a251-01aa75ed71a1,https://op.europa.eu/o/opportal-service/download-handler?identifier=3e901799-1124-11ef-a251-01aa75ed71a1&format=fmx4&language=ga&productionSystem=cellar&part=
30,S1,ga,S1,Lucht saothair dílis,Coinníollacha oibre,Pá leordhóthanach,3e901799-1124-11ef-a251-01aa75ed71a1,https://op.europa.eu/o/opportal-service/download-handler?identifier=3e901799-1124-11ef-a251-01aa75ed71a1&format=fmx4&language=ga&productionSystem=cellar&part=
31,S1,ga,S1,Lucht saothair dílis,Coinníollacha oibre,Idirphlé sóisialta,3e901799-1124-11ef-a251-01aa75ed71a1,https://op.europa.eu/o/opportal-service/download-handler?identifier=3e901799-1124-11ef-a251-01aa75ed71a1&format=fmx4&language=ga&productionSystem=cellar&part=
32,S1,ga,S1,Lucht saothair dílis,Coinníollacha oibre,"Saoirse comhlachais, comhairlí oibreacha a bheith ann agus cearta oibrithe maidir le faisnéis, comhairliúchán agus rannpháirtíocht",3e901799-1124-11ef-a251-01aa75ed71a1,https://op.europa.eu/o/opportal-service/download-handler?identifier=3e901799-1124-11ef-a251-01aa75ed71a1&format=fmx4&language=ga&productionSystem=cellar&part=
33,S1,ga,S1,Lucht saothair dílis,Coinníollacha oibre,"Cómhargáil, lena n-áirítear an ráta oibrithe atá cumhdaithe ag comhaontuithe comhchoiteanna",3e901799-1124-11ef-a251-01aa75ed71a1,https://op.europa.eu/o/opportal-service/download-handler?identifier=3e901799-1124-11ef-a251-01aa75ed71a1&format=fmx4&language=ga&productionSystem=cellar&part=
34,S1,ga,S1,Lucht saothair dílis,Coinníollacha oibre,Cothromaíocht oibre is saoil,3e901799-1124-11ef-a251-01aa75ed71a1,https://op.europa.eu/o/opportal-service/download-handler?identifier=3e901799-1124-11ef-a251-01aa75ed71a1&format=fmx4&language=ga&productionSystem=cellar&part=
35,S1,ga,S1,Lucht saothair dílis,Coinníollacha oibre,Sláinte agus sábháilteacht,3e901799-1124-11ef-a251-01aa75ed71a1,https://op.europa.eu/o/opportal-service/download-handler?identifier=3e901799-1124-11ef-a251-01aa75ed71a1&format=fmx4&language=ga&productionSystem=cellar&part=
36,S1,ga,S1,Lucht saothair dílis,Cóir chomhionann agus deiseanna comhionanna do chách,Comhionannas inscne agus pá comhionann as obair ar comhionann a luach,3e901799-1124-11ef-a251-01aa75ed71a1,https://op.europa.eu/o/opportal-service/download-handler?identifier=3e901799-1124-11ef-a251-01aa75ed71a1&format=fmx4&language=ga&productionSystem=cellar&part=
37,S1,ga,S1,Lucht saothair dílis,Cóir chomhionann agus deiseanna comhionanna do chách,Oiliúint agus forbairt scileanna,3e901799-1124-11ef-a251-01aa75ed71a1,https://op.europa.eu/o/opportal-service/download-handler?identifier=3e901799-1124-11ef-a251-01aa75ed71a1&format=fmx4&language=ga&productionSystem=cellar&part=
38,S1,ga,S1,Lucht saothair dílis,Cóir chomhionann agus deiseanna comhionanna do chách,Fostaíocht agus cuimsiú daoine faoi mhíchumas,3e901799-1124-11ef-a251-01aa75ed71a1,https://op.europa.eu/o/opportal-service/download-handler?identifier=3e901799-1124-11ef-a251-01aa75ed71a1&format=fmx4&language=ga&productionSystem=cellar&part=
39,S1,ga,S1,Lucht saothair dílis,Cóir chomhionann agus deiseanna comhionanna do chách,Bearta in aghaidh foréigin agus ciapadh i saol na hoibre,3e901799-1124-11ef-a251-01aa75ed71a1,https://op.europa.eu/o/opportal-service/download-handler?identifier=3e901799-1124-11ef-a251-01aa75ed71a1&format=fmx4&language=ga&productionSystem=cellar&part=
40,S1,ga,S1,Lucht saothair dílis,Cóir chomhionann agus deiseanna comhionanna do chách,Éagsúlacht,3e901799-1124-11ef-a251-01aa75ed71a1,https://op.europa.eu/o/opportal-service/download-handler?identifier=3e901799-1124-11ef-a251-01aa75ed71a1&format=fmx4&language=ga&productionSystem=cellar&part=
41,S1,ga,S1,Lucht saothair dílis,Cearta eile a bhaineann le saol na hoibre,Saothar leanaí,3e901799-1124-11ef-a251-01aa75ed71a1,https://op.europa.eu/o/opportal-service/download-handler?identifier=3e901799-1124-11ef-a251-01aa75ed71a1&format=fmx4&language=ga&productionSystem=cellar&part=
42,S1,ga,S1,Lucht saothair dílis,Cearta eile a bhaineann le saol na hoibre,Obair éigeantais,3e901799-1124-11ef-a251-01aa75ed71a1,https://op.europa.eu/o/opportal-service/download-handler?identifier=3e901799-1124-11ef-a251-01aa75ed71a1&format=fmx4&language=ga&productionSystem=cellar&part=
43,S1,ga,S1,Lucht saothair dílis,Cearta eile a bhaineann le saol na hoibre,Tithíocht leordhóthanach,3e901799-1124-11ef-a251-01aa75ed71a1,https://op.europa.eu/o/opportal-service/download-handler?identifier=3e901799-1124-11ef-a251-01aa75ed71a1&format=fmx4&language=ga&productionSystem=cellar&part=
44,S1,ga,S1,Lucht saothair dílis,Cearta eile a bhaineann le saol na hoibre,Príobháideachas,3e901799-1124-11ef-a251-01aa75ed71a1,https://op.europa.eu/o/opportal-service/download-handler?identifier=3e901799-1124-11ef-a251-01aa75ed71a1&format=fmx4&language=ga&productionSystem=cellar&part=
45,S2,ga,S2,Oibrithe sa slabhra luacha,Coinníollacha oibre,Fostaíocht shlán,3e901799-1124-11ef-a251-01aa75ed71a1,https://op.europa.eu/o/opportal-service/download-handler?identifier=3e901799-1124-11ef-a251-01aa75ed71a1&format=fmx4&language=ga&productionSystem=cellar&part=
46,S2,ga,S2,Oibrithe sa slabhra luacha,Coinníollacha oibre,Am oibre,3e901799-1124-11ef-a251-01aa75ed71a1,https://op.europa.eu/o/opportal-service/download-handler?identifier=3e901799-1124-11ef-a251-01aa75ed71a1&format=fmx4&language=ga&productionSystem=cellar&part=
47,S2,ga,S2,Oibrithe sa slabhra luacha,Coinníollacha oibre,Pá leordhóthanach,3e901799-1124-11ef-a251-01aa75ed71a1,https://op.europa.eu/o/opportal-service/download-handler?identifier=3e901799-1124-11ef-a251-01aa75ed71a1&format=fmx4&language=ga&productionSystem=cellar&part=
48,S2,ga,S2,Oibrithe sa slabhra luacha,Coinníollacha oibre,Idirphlé sóisialta,3e901799-1124-11ef-a251-01aa75ed71a1,https://op.europa.eu/o/opportal-service/download-handler?identifier=3e901799-1124-11ef-a251-01aa75ed71a1&format=fmx4&language=ga&productionSystem=cellar&part=
49,S2,ga,S2,Oibrithe sa slabhra luacha,Coinníollacha oibre,"Saoirse comhlachais, lena n-áirítear comhairlí oibre a bheith ann",3e901799-1124-11ef-a251-01aa75ed71a1,https://op.europa.eu/o/opportal-service/download-handler?identifier=3e901799-1124-11ef-a251-01aa75ed71a1&format=fmx4&language=ga&productionSystem=cellar&part=
50,S2,ga,S2,Oibrithe sa slabhra luacha,Coinníollacha oibre,Cómhargáil,3e901799-1124-11ef-a251-01aa75ed71a1,https://op.europa.eu/o/opportal-service/download-handler?identifier=3e901799-1124-11ef-a251-01aa75ed71a1&format=fmx4&language=ga&productionSystem=cellar&part=
51,S2,ga,S2,Oibrithe sa slabhra luacha,Coinníollacha oibre,Cothromaíocht oibre is saoil,3e901799-1124-11ef-a251-01aa75ed71a1,https://op.europa.eu/o/opportal-service/download-handler?identifier=3e901799-1124-11ef-a251-01aa75ed71a1&format=fmx4&language=ga&productionSystem=cellar&part=
52,S2,ga,S2,Oibrithe sa slabhra luacha,Coinníollacha oibre,Sláinte agus sábháilteacht,3e901799-1124-11ef-a251-01aa75ed71a1,https://op.europa.eu/o/opportal-service/download-handler?identifier=3e901799-1124-11ef-a251-01aa75ed71a1&format=fmx4&language=ga&productionSystem=cellar&part=
53,S2,ga,S2,Oibrithe sa slabhra luacha,Cóir chomhionann agus deiseanna comhionanna do chách,Comhionannas inscne agus pá comhionann as obair ar comhionann a luach,3e901799-1124-11ef-a251-01aa75ed71a1,https://op.europa.eu/o/opportal-service/download-handler?identifier=3e901799-1124-11ef-a251-01aa75ed71a1&format=fmx4&language=ga&productionSystem=cellar&part=
54,S2,ga,S2,Oibrithe sa slabhra luacha,Cóir chomhionann agus deiseanna comhionanna do chách,Oiliúint agus forbairt scileanna,3e901799-1124-11ef-a251-01aa75ed71a1,https://op.europa.eu/o/opportal-service/download-handler?identifier=3e901799-1124-11ef-a251-01aa75ed71a1&format=fmx4&language=ga&productionSystem=cellar&part=
55,S2,ga,S2,Oibrithe sa slabhra luacha,Cóir chomhionann agus deiseanna comhionanna do chách,Fostaíocht agus cuimsiú daoine faoi mhíchumas,3e901799-1124-11ef-a251-01aa75ed71a1,https://op.europa.eu/o/opportal-service/download-handler?identifier=3e901799-1124-11ef-a251-01aa75ed71a1&format=fmx4&language=ga&productionSystem=cellar&part=
56,S2,ga,S2,Oibrithe sa slabhra luacha,Cóir chomhionann agus deiseanna comhionanna do chách,Bearta in aghaidh foréigin agus ciapadh i saol na hoibre,3e901799-1124-11ef-a251-01aa75ed71a1,https://op.europa.eu/o/opportal-service/download-handler?identifier=3e901799-1124-11ef-a251-01aa75ed71a1&format=fmx4&language=ga&productionSystem=cellar&part=
57,S2,ga,S2,Oibrithe sa slabhra luacha,Cóir chomhionann agus deiseanna comhionanna do chách,Éagsúlacht,3e901799-1124-11ef-a251-01aa75ed71a1,https://op.europa.eu/o/opportal-service/download-handler?identifier=3e901799-1124-11ef-a251-01aa75ed71a1&format=fmx4&language=ga&productionSystem=cellar&part=
58,S2,ga,S2,Oibrithe sa slabhra luacha,Cearta eile a bhaineann le saol na hoibre,Saothar leanaí,3e901799-1124-11ef-a251-01aa75ed71a1,https://op.europa.eu/o/opportal-service/download-handler?identifier=3e901799-1124-11ef-a251-01aa75ed71a1&format=fmx4&language=ga&productionSystem=cellar&part=
59,S2,ga,S2,Oibrithe sa slabhra luacha,Cearta eile a bhaineann le saol na hoibre,Obair éigeantais,3e901799-1124-11ef-a251-01aa75ed71a1,https://op.europa.eu/o/opportal-service/download-handler?identifier=3e901799-1124-11ef-a251-01aa75ed71a1&format=fmx4&language=ga&productionSystem=cellar&part=
60,S2,ga,S2,Oibrithe sa slabhra luacha,Cearta eile a bhaineann le saol na hoibre,Tithíocht leordhóthanach,3e901799-1124-11ef-a251-01aa75ed71a1,https://op.europa.eu/o/opportal-service/download-handler?identifier=3e901799-1124-11ef-a251-01aa75ed71a1&format=fmx4&language=ga&productionSystem=cellar&part=
61,S2,ga,S2,Oibrithe sa slabhra luacha,Cearta eile a bhaineann le saol na hoibre,Uisce agus sláintíocht,3e901799-1124-11ef-a251-01aa75ed71a1,https://op.europa.eu/o/opportal-service/download-handler?identifier=3e901799-1124-11ef-a251-01aa75ed71a1&format=fmx4&language=ga&productionSystem=cellar&part=
62,S2,ga,S2,Oibrithe sa slabhra luacha,Cearta eile a bhaineann le saol na hoibre,Príobháideachas,3e901799-1124-11ef-a251-01aa75ed71a1,https://op.europa.eu/o/opportal-service/download-handler?identifier=3e901799-1124-11ef-a251-01aa75ed71a1&format=fmx4&language=ga&productionSystem=cellar&part=
63,S3,ga,S3,Pobail dá ndéantar difear,"Cearta eacnamaíocha, sóisialta agus cultúrtha pobal",Tithíocht leordhóthanach,3e901799-1124-11ef-a251-01aa75ed71a1,https://op.europa.eu/o/opportal-service/download-handler?identifier=3e901799-1124-11ef-a251-01aa75ed71a1&format=fmx4&language=ga&productionSystem=cellar&part=
64,S3,ga,S3,Pobail dá ndéantar difear,"Cearta eacnamaíocha, sóisialta agus cultúrtha pobal",Bia leordhóthanach,3e901799-1124-11ef-a251-01aa75ed71a1,https://op.europa.eu/o/opportal-service/download-handler?identifier=3e901799-1124-11ef-a251-01aa75ed71a1&format=fmx4&language=ga&productionSystem=cellar&part=
65,S3,ga,S3,Pobail dá ndéantar difear,"Cearta eacnamaíocha, sóisialta agus cultúrtha pobal",Uisce agus sláintíocht,3e901799-1124-11ef-a251-01aa75ed71a1,https://op.europa.eu/o/opportal-service/download-handler?identifier=3e901799-1124-11ef-a251-01aa75ed71a1&format=fmx4&language=ga&productionSystem=cellar&part=
66,S3,ga,S3,Pobail dá ndéantar difear,"Cearta eacnamaíocha, sóisialta agus cultúrtha pobal",Tionchair a bhaineann le talamh,3e901799-1124-11ef-a251-01aa75ed71a1,https://op.europa.eu/o/opportal-service/download-handler?identifier=3e901799-1124-11ef-a251-01aa75ed71a1&format=fmx4&language=ga&productionSystem=cellar&part=
67,S3,ga,S3,Pobail dá ndéantar difear,"Cearta eacnamaíocha, sóisialta agus cultúrtha pobal",Tionchair a bhaineann le slándáil,3e901799-1124-11ef-a251-01aa75ed71a1,https://op.europa.eu/o/opportal-service/download-handler?identifier=3e901799-1124-11ef-a251-01aa75ed71a1&format=fmx4&language=ga&productionSystem=cellar&part=
68,S3,ga,S3,Pobail dá ndéantar difear,Cearta sibhialta agus polaitiúla pobal,Saoirse cainte,3e901799-1124-11ef-a251-01aa75ed71a1,https://op.europa.eu/o/opportal-service/download-handler?identifier=3e901799-1124-11ef-a251-01aa75ed71a1&format=fmx4&language=ga&productionSystem=cellar&part=
69,S3,ga,S3,Pobail dá ndéantar difear,Cearta sibhialta agus polaitiúla pobal,Saoirse comhthionóil,3e901799-1124-11ef-a251-01aa75ed71a1,https://op.europa.eu/o/opportal-service/download-handler?identifier=3e901799-1124-11ef-a251-01aa75ed71a1&format=fmx4&language=ga&productionSystem=cellar&part=
70,S3,ga,S3,Pobail dá ndéantar difear,Cearta sibhialta agus polaitiúla pobal,Tionchair ar chosantóirí chearta an duine,3e901799-1124-11ef-a251-01aa75ed71a1,https://op.europa.eu/o/opportal-service/download-handler?identifier=3e901799-1124-11ef-a251-01aa75ed71a1&format=fmx4&language=ga&productionSystem=cellar&part=
71,S3,ga,S3,Pobail dá ndéantar difear,Cearta na bpobal dúchasach,"Toiliú saor, roimh ré agus eolasach",3e901799-1124-11ef-a251-01aa75ed71a1,https://op.europa.eu/o/opportal-service/download-handler?identifier=3e901799-1124-11ef-a251-01aa75ed71a1&format=fmx4&language=ga&productionSystem=cellar&part=
72,S3,ga,S3,Pobail dá ndéantar difear,Cearta na bpobal dúchasach,Féinchinntiúchán,3e901799-1124-11ef-a251-01aa75ed71a1,https://op.europa.eu/o/opportal-service/download-handler?identifier=3e901799-1124-11ef-a251-01aa75ed71a1&format=fmx4&language=ga&productionSystem=cellar&part=
73,S3,ga,S3,Pobail dá ndéantar difear,Cearta na bpobal dúchasach,Cearta cultúrtha,3e901799-1124-11ef-a251-01aa75ed71a1,https://op.europa.eu/o/opportal-service/download-handler?identifier=3e901799-1124-11ef-a251-01aa75ed71a1&format=fmx4&language=ga&productionSystem=cellar&part=
74,S4,ga,S4,Tomhaltóirí agus úsáideoirí deiridh,Tionchair a bhaineann le faisnéis do thomhaltóirí agus d’úsáideoirí deiridh,Príobháideachas,3e901799-1124-11ef-a251-01aa75ed71a1,https://op.europa.eu/o/opportal-service/download-handler?identifier=3e901799-1124-11ef-a251-01aa75ed71a1&format=fmx4&language=ga&productionSystem=cellar&part=
75,S4,ga,S4,Tomhaltóirí agus úsáideoirí deiridh,Tionchair a bhaineann le faisnéis do thomhaltóirí agus d’úsáideoirí deiridh,Saoirse cainte,3e901799-1124-11ef-a251-01aa75ed71a1,https://op.europa.eu/o/opportal-service/download-handler?identifier=3e901799-1124-11ef-a251-01aa75ed71a1&format=fmx4&language=ga&productionSystem=cellar&part=
76,S4,ga,S4,Tomhaltóirí agus úsáideoirí deiridh,Tionchair a bhaineann le faisnéis do thomhaltóirí agus d’úsáideoirí deiridh,Rochtain ar fhaisnéis (cháilíochta),3e901799-1124-11ef-a251-01aa75ed71a1,https://op.europa.eu/o/opportal-service/download-handler?identifier=3e901799-1124-11ef-a251-01aa75ed71a1&format=fmx4&language=ga&productionSystem=cellar&part=
77,S4,ga,S4,Tomhaltóirí agus úsáideoirí deiridh,Sábháilteacht phearsanta tomhaltóirí agus/nó úsáideoirí deiridh,Sláinte agus sábháilteacht,3e901799-1124-11ef-a251-01aa75ed71a1,https://op.europa.eu/o/opportal-service/download-handler?identifier=3e901799-1124-11ef-a251-01aa75ed71a1&format=fmx4&language=ga&productionSystem=cellar&part=
78,S4,ga,S4,Tomhaltóirí agus úsáideoirí deiridh,Sábháilteacht phearsanta tomhaltóirí agus/nó úsáideoirí deiridh,Slándáil duine,3e901799-1124-11ef-a251-01aa75ed71a1,https://op.europa.eu/o/opportal-service/download-handler?identifier=3e901799-1124-11ef-a251-01aa75ed71a1&format=fmx4&language=ga&productionSystem=cellar&part=
79,S4,ga,S4,Tomhaltóirí agus úsáideoirí deiridh,Sábháilteacht phearsanta tomhaltóirí agus/nó úsáideoirí deiridh,Cosaint leanaí,3e901799-1124-11ef-a251-01aa75ed71a1,https://op.europa.eu/o/opportal-service/download-handler?identifier=3e901799-1124-11ef-a251-01aa75ed71a1&format=fmx4&language=ga&productionSystem=cellar&part=
80,S4,ga,S4,Tomhaltóirí agus úsáideoirí deiridh,Cuimsiú sóisialta tomhaltóirí agus/nó úsáideoirí deiridh,Neamh-idirdhealú,3e901799-1124-11ef-a251-01aa75ed71a1,https://op.europa.eu/o/opportal-service/download-handler?identifier=3e901799-1124-11ef-a251-01aa75ed71a1&format=fmx4&language=ga&productionSystem=cellar&part=
81,S4,ga,S4,Tomhaltóirí agus úsáideoirí deiridh,Cuimsiú sóisialta tomhaltóirí agus/nó úsáideoirí deiridh,Rochtain ar tháirgí agus seirbhísí,3e901799-1124-11ef-a251-01aa75ed71a1,https://op.europa.eu/o/opportal-service/download-handler?identifier=3e901799-1124-11ef-a251-01aa75ed71a1&format=fmx4&language=ga&productionSystem=cellar&part=
82,S4,ga,S4,Tomhaltóirí agus úsáideoirí deiridh,Cuimsiú sóisialta tomhaltóirí agus/nó úsáideoirí deiridh,Cleachtais margaíochta fhreagracha —,3e901799-1124-11ef-a251-01aa75ed71a1,https://op.europa.eu/o/opportal-service/download-handler?identifier=3e901799-1124-11ef-a251-01aa75ed71a1&format=fmx4&language=ga&productionSystem=cellar&part=
83,G1,ga,G1,Iompar gnó,Cultúr corparáideach,,3e901799-1124-11ef-a251-01aa75ed71a1,https://op.europa.eu/o/opportal-service/download-handler?identifier=3e901799-1124-11ef-a251-01aa75ed71a1&format=fmx4&language=ga&productionSystem=cellar&part=
84,G1,ga,G1,Iompar gnó,Sceithirí a chosaint,,3e901799-1124-11ef-a251-01aa75ed71a1,https://op.europa.eu/o/opportal-service/download-handler?identifier=3e901799-1124-11ef-a251-01aa75ed71a1&format=fmx4&language=ga&productionSystem=cellar&part=
85,G1,ga,G1,Iompar gnó,Leas ainmhithe,,3e901799-1124-11ef-a251-01aa75ed71a1,https://op.europa.eu/o/opportal-service/download-handler?identifier=3e901799-1124-11ef-a251-01aa75ed71a1&format=fmx4&language=ga&productionSystem=cellar&part=
86,G1,ga,G1,Iompar gnó,Rannpháirtíocht pholaitiúil agus gníomhaíochtaí stocaireachta,,3e901799-1124-11ef-a251-01aa75ed71a1,https://op.europa.eu/o/opportal-service/download-handler?identifier=3e901799-1124-11ef-a251-01aa75ed71a1&format=fmx4&language=ga&productionSystem=cellar&part=
87,G1,ga,G1,Iompar gnó,Bainistiú gaolmhaireachtaí le soláthróirí lena n-áirítear cleachtais íocaíochta,,3e901799-1124-11ef-a251-01aa75ed71a1,https://op.europa.eu/o/opportal-service/download-handler?identifier=3e901799-1124-11ef-a251-01aa75ed71a1&format=fmx4&language=ga&productionSystem=cellar&part=
88,G1,ga,G1,Iompar gnó,Éilliú agus breabaireacht,agus brath lena n-áirítear oiliúint Cosc,3e901799-1124-11ef-a251-01aa75ed71a1,https://op.europa.eu/o/opportal-service/download-handler?identifier=3e901799-1124-11ef-a251-01aa75ed71a1&format=fmx4&language=ga&productionSystem=cellar&part=
89,G1,ga,G1,Iompar gnó,Éilliú agus breabaireacht,Teagmhais,3e901799-1124-11ef-a251-01aa75ed71a1,https://op.europa.eu/o/opportal-service/download-handler?identifier=3e901799-1124-11ef-a251-01aa75ed71a1&format=fmx4&language=ga&productionSystem=cellar&part=
1,E1,hr,E1,Klimatske promjene,Prilagodba klimatskim promjenama,,3e901799-1124-11ef-a251-01aa75ed71a1,https://op.europa.eu/o/opportal-service/download-handler?identifier=3e901799-1124-11ef-a251-01aa75ed71a1&format=fmx4&language=hr&productionSystem=cellar&part=
2,E1,hr,E1,Klimatske promjene,Ublažavanje klimatskih promjena,,3e901799-1124-11ef-a251-01aa75ed71a1,https://op.europa.eu/o/opportal-service/download-handler?identifier=3e901799-1124-11ef-a251-01aa75ed71a1&format=fmx4&language=hr&productionSystem=cellar&part=
3,E1,hr,E1,Klimatske promjene,Energetika,,3e901799-1124-11ef-a251-01aa75ed71a1,https://op.europa.eu/o/opportal-service/download-handler?identifier=3e901799-1124-11ef-a251-01aa75ed71a1&format=fmx4&language=hr&productionSystem=cellar&part=
4,E2,hr,E2,Onečišćenje,Onečišćenje zraka,,3e901799-1124-11ef-a251-01aa75ed71a1,https://op.europa.eu/o/opportal-service/download-handler?identifier=3e901799-1124-11ef-a251-01aa75ed71a1&format=fmx4&language=hr&productionSystem=cellar&part=
5,E2,hr,E2,Onečišćenje,Onečišćenje vode,,3e901799-1124-11ef-a251-01aa75ed71a1,https://op.europa.eu/o/opportal-service/download-handler?identifier=3e901799-1124-11ef-a251-01aa75ed71a1&format=fmx4&language=hr&productionSystem=cellar&part=
6,E2,hr,E2,Onečišćenje,Onečišćenje tla,,3e901799-1124-11ef-a251-01aa75ed71a1,https://op.europa.eu/o/opportal-service/download-handler?identifier=3e901799-1124-11ef-a251-01aa75ed71a1&format=fmx4&language=hr&productionSystem=cellar&part=
7,E2,hr,E2,Onečišćenje,Onečišćenje živih organizama i prehrambenih resursa,,3e901799-1124-11ef-a251-01aa75ed71a1,https://op.europa.eu/o/opportal-service/download-handler?identifier=3e901799-1124-11ef-a251-01aa75ed71a1&format=fmx4&language=hr&productionSystem=cellar&part=
8,E2,hr,E2,Onečišćenje,Zabrinjavajuće tvari,,3e901799-1124-11ef-a251-01aa75ed71a1,https://op.europa.eu/o/opportal-service/download-handler?identifier=3e901799-1124-11ef-a251-01aa75ed71a1&format=fmx4&language=hr&productionSystem=cellar&part=
9,E2,hr,E2,Onečišćenje,Posebno zabrinjavajuće tvari,,3e901799-1124-11ef-a251-01aa75ed71a1,https://op.europa.eu/o/opportal-service/download-handler?identifier=3e901799-1124-11ef-a251-01aa75ed71a1&format=fmx4&language=hr&productionSystem=cellar&part=
10,E2,hr,E2,Onečišćenje,Mikroplastika,,3e901799-1124-11ef-a251-01aa75ed71a1,https://op.europa.eu/o/opportal-service/download-handler?identifier=3e901799-1124-11ef-a251-01aa75ed71a1&format=fmx4&language=hr&productionSystem=cellar&part=
11,E3,hr,E3,Voda i morski resursi,Voda,Potrošnja vode,3e901799-1124-11ef-a251-01aa75ed71a1,https://op.europa.eu/o/opportal-service/download-handler?identifier=3e901799-1124-11ef-a251-01aa75ed71a1&format=fmx4&language=hr&productionSystem=cellar&part=
12,E3,hr,E3,Voda i morski resursi,Voda,Povlačenje vode,3e901799-1124-11ef-a251-01aa75ed71a1,https://op.europa.eu/o/opportal-service/download-handler?identifier=3e901799-1124-11ef-a251-01aa75ed71a1&format=fmx4&language=hr&productionSystem=cellar&part=
13,E3,hr,E3,Voda i morski resursi,Voda,Ispuštanje vode,3e901799-1124-11ef-a251-01aa75ed71a1,https://op.europa.eu/o/opportal-service/download-handler?identifier=3e901799-1124-11ef-a251-01aa75ed71a1&format=fmx4&language=hr&productionSystem=cellar&part=
14,E3,hr,E3,Voda i morski resursi,Voda,Ispuštanje vode u oceane,3e901799-1124-11ef-a251-01aa75ed71a1,https://op.europa.eu/o/opportal-service/download-handler?identifier=3e901799-1124-11ef-a251-01aa75ed71a1&format=fmx4&language=hr&productionSystem=cellar&part=
15,E3,hr,E3,Voda i morski resursi,Morski resursi,Vađenje i korištenje morskih resursa,3e901799-1124-11ef-a251-01aa75ed71a1,https://op.europa.eu/o/opportal-service/download-handler?identifier=3e901799-1124-11ef-a251-01aa75ed71a1&format=fmx4&language=hr&productionSystem=cellar&part=
16,E4,hr,E4,Bioraznolikost i ekosustavi,Izravni pokretači gubitka bioraznolikosti,Klimatske promjene,3e901799-1124-11ef-a251-01aa75ed71a1,https://op.europa.eu/o/opportal-service/download-handler?identifier=3e901799-1124-11ef-a251-01aa75ed71a1&format=fmx4&language=hr&productionSystem=cellar&part=
17,E4,hr,E4,Bioraznolikost i ekosustavi,Izravni pokretači gubitka bioraznolikosti,"Prenamjena zemljišta, prenamjena slatke vode i prenamjena mora",3e901799-1124-11ef-a251-01aa75ed71a1,https://op.europa.eu/o/opportal-service/download-handler?identifier=3e901799-1124-11ef-a251-01aa75ed71a1&format=fmx4&language=hr&productionSystem=cellar&part=
18,E4,hr,E4,Bioraznolikost i ekosustavi,Izravni pokretači gubitka bioraznolikosti,Izravno iskorištavanje,3e901799-1124-11ef-a251-01aa75ed71a1,https://op.europa.eu/o/opportal-service/download-handler?identifier=3e901799-1124-11ef-a251-01aa75ed71a1&format=fmx4&language=hr&productionSystem=cellar&part=
19,E4,hr,E4,Bioraznolikost i ekosustavi,Izravni pokretači gubitka bioraznolikosti,Invazivne strane vrste,3e901799-1124-11ef-a251-01aa75ed71a1,https://op.europa.eu/o/opportal-service/download-handler?identifier=3e901799-1124-11ef-a251-01aa75ed71a1&format=fmx4&language=hr&productionSystem=cellar&part=
20,E4,hr,E4,Bioraznolikost i ekosustavi,Izravni pokretači gubitka bioraznolikosti,Onečišćenje,3e901799-1124-11ef-a251-01aa75ed71a1,https://op.europa.eu/o/opportal-service/download-handler?identifier=3e901799-1124-11ef-a251-01aa75ed71a1&format=fmx4&language=hr&productionSystem=cellar&part=
21,E4,hr,E4,Bioraznolikost i ekosustavi,Izravni pokretači gubitka bioraznolikosti,Ostalo,3e901799-1124-11ef-a251-01aa75ed71a1,https://op.europa.eu/o/opportal-service/download-handler?identifier=3e901799-1124-11ef-a251-01aa75ed71a1&format=fmx4&language=hr&productionSystem=cellar&part=
22,E4,hr,E4,Bioraznolikost i ekosustavi,Učinci na stanje vrsta,,3e901799-1124-11ef-a251-01aa75ed71a1,https://op.europa.eu/o/opportal-service/download-handler?identifier=3e901799-1124-11ef-a251-01aa75ed71a1&format=fmx4&language=hr&productionSystem=cellar&part=
23,E4,hr,E4,Bioraznolikost i ekosustavi,Učinci na opseg i stanje ekosustavâ,,3e901799-1124-11ef-a251-01aa75ed71a1,https://op.europa.eu/o/opportal-service/download-handler?identifier=3e901799-1124-11ef-a251-01aa75ed71a1&format=fmx4&language=hr&productionSystem=cellar&part=
24,E4,hr,E4,Bioraznolikost i ekosustavi,Učinci usluga ekosustava i ovisnosti o tim uslugama,,3e901799-1124-11ef-a251-01aa75ed71a1,https://op.europa.eu/o/opportal-service/download-handler?identifier=3e901799-1124-11ef-a251-01aa75ed71a1&format=fmx4&language=hr&productionSystem=cellar&part=
25,E5,hr,E5,Kružno gospodarstvo,"Priljevi sredstava, uključujući iskorištavanje resursa",,3e901799-1124-11ef-a251-01aa75ed71a1,https://op.europa.eu/o/opportal-service/download-handler?identifier=3e901799-1124-11ef-a251-01aa75ed71a1&format=fmx4&language=hr&productionSystem=cellar&part=
26,E5,hr,E5,Kružno gospodarstvo,Odljevi resursa povezani s proizvodima i uslugama,,3e901799-1124-11ef-a251-01aa75ed71a1,https://op.europa.eu/o/opportal-service/download-handler?identifier=3e901799-1124-11ef-a251-01aa75ed71a1&format=fmx4&language=hr&productionSystem=cellar&part=
27,E5,hr,E5,Kružno gospodarstvo,Otpad,,3e901799-1124-11ef-a251-01aa75ed71a1,https://op.europa.eu/o/opportal-service/download-handler?identifier=3e901799-1124-11ef-a251-01aa75ed71a1&format=fmx4&language=hr&productionSystem=cellar&part=
28,S1,hr,S1,Vlastita radna snaga,Radni uvjeti,Sigurna radna mjesta,3e901799-1124-11ef-a251-01aa75ed71a1,https://op.europa.eu/o/opportal-service/download-handler?identifier=3e901799-1124-11ef-a251-01aa75ed71a1&format=fmx4&language=hr&productionSystem=cellar&part=
29,S1,hr,S1,Vlastita radna snaga,Radni uvjeti,Radno vrijeme,3e901799-1124-11ef-a251-01aa75ed71a1,https://op.europa.eu/o/opportal-service/download-handler?identifier=3e901799-1124-11ef-a251-01aa75ed71a1&format=fmx4&language=hr&productionSystem=cellar&part=
30,S1,hr,S1,Vlastita radna snaga,Radni uvjeti,Odgovarajuće plaće,3e901799-1124-11ef-a251-01aa75ed71a1,https://op.europa.eu/o/opportal-service/download-handler?identifier=3e901799-1124-11ef-a251-01aa75ed71a1&format=fmx4&language=hr&productionSystem=cellar&part=
31,S1,hr,S1,Vlastita radna snaga,Radni uvjeti,Socijalni dijalog,3e901799-1124-11ef-a251-01aa75ed71a1,https://op.europa.eu/o/opportal-service/download-handler?identifier=3e901799-1124-11ef-a251-01aa75ed71a1&format=fmx4&language=hr&productionSystem=cellar&part=
32,S1,hr,S1,Vlastita radna snaga,Radni uvjeti,"Sloboda udruživanja, postojanje radničkih vijeća i prava radnika na informiranje, savjetovanje i sudjelovanje",3e901799-1124-11ef-a251-01aa75ed71a1,https://op.europa.eu/o/opportal-service/download-handler?identifier=3e901799-1124-11ef-a251-01aa75ed71a1&format=fmx4&language=hr&productionSystem=cellar&part=
33,S1,hr,S1,Vlastita radna snaga,Radni uvjeti,"Kolektivno pregovaranje, uključujući broj radnika obuhvaćenih kolektivnim ugovorima",3e901799-1124-11ef-a251-01aa75ed71a1,https://op.europa.eu/o/opportal-service/download-handler?identifier=3e901799-1124-11ef-a251-01aa75ed71a1&format=fmx4&language=hr&productionSystem=cellar&part=
34,S1,hr,S1,Vlastita radna snaga,Radni uvjeti,Ravnoteža između poslovnog i privatnog života,3e901799-1124-11ef-a251-01aa75ed71a1,https://op.europa.eu/o/opportal-service/download-handler?identifier=3e901799-1124-11ef-a251-01aa75ed71a1&format=fmx4&language=hr&productionSystem=cellar&part=
35,S1,hr,S1,Vlastita radna snaga,Radni uvjeti,Zdravlje i sigurnost,3e901799-1124-11ef-a251-01aa75ed71a1,https://op.europa.eu/o/opportal-service/download-handler?identifier=3e901799-1124-11ef-a251-01aa75ed71a1&format=fmx4&language=hr&productionSystem=cellar&part=
36,S1,hr,S1,Vlastita radna snaga,Jednako postupanje i mogućnosti za sve,Rodna ravnopravnost i jednaka plaća za rad jednake vrijednosti,3e901799-1124-11ef-a251-01aa75ed71a1,https://op.europa.eu/o/opportal-service/download-handler?identifier=3e901799-1124-11ef-a251-01aa75ed71a1&format=fmx4&language=hr&productionSystem=cellar&part=
37,S1,hr,S1,Vlastita radna snaga,Jednako postupanje i mogućnosti za sve,Osposobljavanje i razvoj vještina,3e901799-1124-11ef-a251-01aa75ed71a1,https://op.europa.eu/o/opportal-service/download-handler?identifier=3e901799-1124-11ef-a251-01aa75ed71a1&format=fmx4&language=hr&productionSystem=cellar&part=
38,S1,hr,S1,Vlastita radna snaga,Jednako postupanje i mogućnosti za sve,Zapošljavanje i uključivanje osoba s invaliditetom,3e901799-1124-11ef-a251-01aa75ed71a1,https://op.europa.eu/o/opportal-service/download-handler?identifier=3e901799-1124-11ef-a251-01aa75ed71a1&format=fmx4&language=hr&productionSystem=cellar&part=
39,S1,hr,S1,Vlastita radna snaga,Jednako postupanje i mogućnosti za sve,Mjere protiv nasilja i uznemiravanja na radnom mjestu,3e901799-1124-11ef-a251-01aa75ed71a1,https://op.europa.eu/o/opportal-service/download-handler?identifier=3e901799-1124-11ef-a251-01aa75ed71a1&format=fmx4&language=hr&productionSystem=cellar&part=
40,S1,hr,S1,Vlastita radna snaga,Jednako postupanje i mogućnosti za sve,Raznolikost,3e901799-1124-11ef-a251-01aa75ed71a1,https://op.europa.eu/o/opportal-service/download-handler?identifier=3e901799-1124-11ef-a251-01aa75ed71a1&format=fmx4&language=hr&productionSystem=cellar&part=
41,S1,hr,S1,Vlastita radna snaga,Ostala prava koja proizlaze iz radnog odnosa,Dječji rad,3e901799-1124-11ef-a251-01aa75ed71a1,https://op.europa.eu/o/opportal-service/download-handler?identifier=3e901799-1124-11ef-a251-01aa75ed71a1&format=fmx4&language=hr&productionSystem=cellar&part=
42,S1,hr,S1,Vlastita radna snaga,Ostala prava koja proizlaze iz radnog odnosa,Prisilni rad,3e901799-1124-11ef-a251-01aa75ed71a1,https://op.europa.eu/o/opportal-service/download-handler?identifier=3e901799-1124-11ef-a251-01aa75ed71a1&format=fmx4&language=hr&productionSystem=cellar&part=
43,S1,hr,S1,Vlastita radna snaga,Ostala prava koja proizlaze iz radnog odnosa,Odgovarajući smještaj,3e901799-1124-11ef-a251-01aa75ed71a1,https://op.europa.eu/o/opportal-service/download-handler?identifier=3e901799-1124-11ef-a251-01aa75ed71a1&format=fmx4&language=hr&productionSystem=cellar&part=
44,S1,hr,S1,Vlastita radna snaga,Ostala prava koja proizlaze iz radnog odnosa,Privatnost,3e901799-1124-11ef-a251-01aa75ed71a1,https://op.europa.eu/o/opportal-service/download-handler?identifier=3e901799-1124-11ef-a251-01aa75ed71a1&format=fmx4&language=hr&productionSystem=cellar&part=
45,S2,hr,S2,Radnici u lancu vrijednosti,Radni uvjeti,Sigurna radna mjesta,3e901799-1124-11ef-a251-01aa75ed71a1,https://op.europa.eu/o/opportal-service/download-handler?identifier=3e901799-1124-11ef-a251-01aa75ed71a1&format=fmx4&language=hr&productionSystem=cellar&part=
46,S2,hr,S2,Radnici u lancu vrijednosti,Radni uvjeti,Radno vrijeme,3e901799-1124-11ef-a251-01aa75ed71a1,https://op.europa.eu/o/opportal-service/download-handler?identifier=3e901799-1124-11ef-a251-01aa75ed71a1&format=fmx4&language=hr&productionSystem=cellar&part=
47,S2,hr,S2,Radnici u lancu vrijednosti,Radni uvjeti,Odgovarajuće plaće,3e901799-1124-11ef-a251-01aa75ed71a1,https://op.europa.eu/o/opportal-service/download-handler?identifier=3e901799-1124-11ef-a251-01aa75ed71a1&format=fmx4&language=hr&productionSystem=cellar&part=
48,S2,hr,S2,Radnici u lancu vrijednosti,Radni uvjeti,Socijalni dijalog,3e901799-1124-11ef-a251-01aa75ed71a1,https://op.europa.eu/o/opportal-service/download-handler?identifier=3e901799-1124-11ef-a251-01aa75ed71a1&format=fmx4&language=hr&productionSystem=cellar&part=
49,S2,hr,S2,Radnici u lancu vrijednosti,Radni uvjeti,"Sloboda udruživanja, uključujući postojanje radničkih vijeća",3e901799-1124-11ef-a251-01aa75ed71a1,https://op.europa.eu/o/opportal-service/download-handler?identifier=3e901799-1124-11ef-a251-01aa75ed71a1&format=fmx4&language=hr&productionSystem=cellar&part=
50,S2,hr,S2,Radnici u lancu vrijednosti,Radni uvjeti,Kolektivno pregovaranje,3e901799-1124-11ef-a251-01aa75ed71a1,https://op.europa.eu/o/opportal-service/download-handler?identifier=3e901799-1124-11ef-a251-01aa75ed71a1&format=fmx4&language=hr&productionSystem=cellar&part=
51,S2,hr,S2,Radnici u lancu vrijednosti,Radni uvjeti,Ravnoteža između poslovnog i privatnog života,3e901799-1124-11ef-a251-01aa75ed71a1,https://op.europa.eu/o/opportal-service/download-handler?identifier=3e901799-1124-11ef-a251-01aa75ed71a1&format=fmx4&language=hr&productionSystem=cellar&part=
52,S2,hr,S2,Radnici u lancu vrijednosti,Radni uvjeti,Zdravlje i sigurnost,3e901799-1124-11ef-a251-01aa75ed71a1,https://op.europa.eu/o/opportal-service/download-handler?identifier=3e901799-1124-11ef-a251-01aa75ed71a1&format=fmx4&language=hr&productionSystem=cellar&part=
53,S2,hr,S2,Radnici u lancu vrijednosti,Jednako postupanje i mogućnosti za sve,Rodna ravnopravnost i jednaka plaća za rad jednake vrijednosti,3e901799-1124-11ef-a251-01aa75ed71a1,https://op.europa.eu/o/opportal-service/download-handler?identifier=3e901799-1124-11ef-a251-01aa75ed71a1&format=fmx4&language=hr&productionSystem=cellar&part=
54,S2,hr,S2,Radnici u lancu vrijednosti,Jednako postupanje i mogućnosti za sve,Osposobljavanje i razvoj vještina,3e901799-1124-11ef-a251-01aa75ed71a1,https://op.europa.eu/o/opportal-service/download-handler?identifier=3e901799-1124-11ef-a251-01aa75ed71a1&format=fmx4&language=hr&productionSystem=cellar&part=
55,S2,hr,S2,Radnici u lancu vrijednosti,Jednako postupanje i mogućnosti za sve,Zapošljavanje i uključivanje osoba s invaliditetom,3e901799-1124-11ef-a251-01aa75ed71a1,https://op.europa.eu/o/opportal-service/download-handler?identifier=3e901799-1124-11ef-a251-01aa75ed71a1&format=fmx4&language=hr&productionSystem=cellar&part=
56,S2,hr,S2,Radnici u lancu vrijednosti,Jednako postupanje i mogućnosti za sve,Mjere protiv nasilja i uznemiravanja na radnom mjestu,3e901799-1124-11ef-a251-01aa75ed71a1,https://op.europa.eu/o/opportal-service/download-handler?identifier=3e901799-1124-11ef-a251-01aa75ed71a1&format=fmx4&language=hr&productionSystem=cellar&part=
57,S2,hr,S2,Radnici u lancu vrijednosti,Jednako postupanje i mogućnosti za sve,Raznolikost,3e901799-1124-11ef-a251-01aa75ed71a1,https://op.europa.eu/o/opportal-service/download-handler?identifier=3e901799-1124-11ef-a251-01aa75ed71a1&format=fmx4&language=hr&productionSystem=cellar&part=
58,S2,hr,S2,Radnici u lancu vrijednosti,Ostala prava koja proizlaze iz radnog odnosa,Dječji rad,3e901799-1124-11ef-a251-01aa75ed71a1,https://op.europa.eu/o/opportal-service/download-handler?identifier=3e901799-1124-11ef-a251-01aa75ed71a1&format=fmx4&language=hr&productionSystem=cellar&part=
59,S2,hr,S2,Radnici u lancu vrijednosti,Ostala prava koja proizlaze iz radnog odnosa,Prisilni rad,3e901799-1124-11ef-a251-01aa75ed71a1,https://op.europa.eu/o/opportal-service/download-handler?identifier=3e901799-1124-11ef-a251-01aa75ed71a1&format=fmx4&language=hr&productionSystem=cellar&part=
60,S2,hr,S2,Radnici u lancu vrijednosti,Ostala prava koja proizlaze iz radnog odnosa,Odgovarajući smještaj,3e901799-1124-11ef-a251-01aa75ed71a1,https://op.europa.eu/o/opportal-service/download-handler?identifier=3e901799-1124-11ef-a251-01aa75ed71a1&format=fmx4&language=hr&productionSystem=cellar&part=
61,S2,hr,S2,Radnici u lancu vrijednosti,Ostala prava koja proizlaze iz radnog odnosa,Vodoopskrba i odvodnja,3e901799-1124-11ef-a251-01aa75ed71a1,https://op.europa.eu/o/opportal-service/download-handler?identifier=3e901799-1124-11ef-a251-01aa75ed71a1&format=fmx4&language=hr&productionSystem=cellar&part=
62,S2,hr,S2,Radnici u lancu vrijednosti,Ostala prava koja proizlaze iz radnog odnosa,Privatnost,3e901799-1124-11ef-a251-01aa75ed71a1,https://op.europa.eu/o/opportal-service/download-handler?identifier=3e901799-1124-11ef-a251-01aa75ed71a1&format=fmx4&language=hr&productionSystem=cellar&part=
63,S3,hr,S3,Pogođene zajednice,"Gospodarska, socijalna i kulturna prava zajednica",Odgovarajući smještaj,3e901799-1124-11ef-a251-01aa75ed71a1,https://op.europa.eu/o/opportal-service/download-handler?identifier=3e901799-1124-11ef-a251-01aa75ed71a1&format=fmx4&language=hr&productionSystem=cellar&part=
64,S3,hr,S3,Pogođene zajednice,"Gospodarska, socijalna i kulturna prava zajednica",Odgovarajuća prehrana,3e901799-1124-11ef-a251-01aa75ed71a1,https://op.europa.eu/o/opportal-service/download-handler?identifier=3e901799-1124-11ef-a251-01aa75ed71a1&format=fmx4&language=hr&productionSystem=cellar&part=
65,S3,hr,S3,Pogođene zajednice,"Gospodarska, socijalna i kulturna prava zajednica",Vodoopskrba i odvodnja,3e901799-1124-11ef-a251-01aa75ed71a1,https://op.europa.eu/o/opportal-service/download-handler?identifier=3e901799-1124-11ef-a251-01aa75ed71a1&format=fmx4&language=hr&productionSystem=cellar&part=
66,S3,hr,S3,Pogođene zajednice,"Gospodarska, socijalna i kulturna prava zajednica",Učinci povezani sa zemljištem,3e901799-1124-11ef-a251-01aa75ed71a1,https://op.europa.eu/o/opportal-service/download-handler?identifier=3e901799-1124-11ef-a251-01aa75ed71a1&format=fmx4&language=hr&productionSystem=cellar&part=
67,S3,hr,S3,Pogođene zajednice,"Gospodarska, socijalna i kulturna prava zajednica",Učinci povezani sa sigurnošću,3e901799-1124-11ef-a251-01aa75ed71a1,https://op.europa.eu/o/opportal-service/download-handler?identifier=3e901799-1124-11ef-a251-01aa75ed71a1&format=fmx4&language=hr&productionSystem=cellar&part=
68,S3,hr,S3,Pogođene zajednice,Građanska i politička prava zajednica,Sloboda izražavanja,3e901799-1124-11ef-a251-01aa75ed71a1,https://op.europa.eu/o/opportal-service/download-handler?identifier=3e901799-1124-11ef-a251-01aa75ed71a1&format=fmx4&language=hr&productionSystem=cellar&part=
69,S3,hr,S3,Pogođene zajednice,Građanska i politička prava zajednica,Sloboda okupljanja,3e901799-1124-11ef-a251-01aa75ed71a1,https://op.europa.eu/o/opportal-service/download-handler?identifier=3e901799-1124-11ef-a251-01aa75ed71a1&format=fmx4&language=hr&productionSystem=cellar&part=
70,S3,hr,S3,Pogođene zajednice,Građanska i politička prava zajednica,Učinci na borce za ljudska prava,3e901799-1124-11ef-a251-01aa75ed71a1,https://op.europa.eu/o/opportal-service/download-handler?identifier=3e901799-1124-11ef-a251-01aa75ed71a1&format=fmx4&language=hr&productionSystem=cellar&part=
71,S3,hr,S3,Pogođene zajednice,Prava autohtonih naroda,"Dobrovoljan, prethodni i informiran pristanak",3e901799-1124-11ef-a251-01aa75ed71a1,https://op.europa.eu/o/opportal-service/download-handler?identifier=3e901799-1124-11ef-a251-01aa75ed71a1&format=fmx4&language=hr&productionSystem=cellar&part=
72,S3,hr,S3,Pogođene zajednice,Prava autohtonih naroda,Samoodređenje,3e901799-1124-11ef-a251-01aa75ed71a1,https://op.europa.eu/o/opportal-service/download-handler?identifier=3e901799-1124-11ef-a251-01aa75ed71a1&format=fmx4&language=hr&productionSystem=cellar&part=
73,S3,hr,S3,Pogođene zajednice,Prava autohtonih naroda,Kulturna prava,3e901799-1124-11ef-a251-01aa75ed71a1,https://op.europa.eu/o/opportal-service/download-handler?identifier=3e901799-1124-11ef-a251-01aa75ed71a1&format=fmx4&language=hr&productionSystem=cellar&part=
74,S4,hr,S4,Potrošači i krajnji korisnici,Učinci povezani s informacijama za potrošače i/ili krajnje korisnike,Privatnost,3e901799-1124-11ef-a251-01aa75ed71a1,https://op.europa.eu/o/opportal-service/download-handler?identifier=3e901799-1124-11ef-a251-01aa75ed71a1&format=fmx4&language=hr&productionSystem=cellar&part=
75,S4,hr,S4,Potrošači i krajnji korisnici,Učinci povezani s informacijama za potrošače i/ili krajnje korisnike,Sloboda izražavanja,3e901799-1124-11ef-a251-01aa75ed71a1,https://op.europa.eu/o/opportal-service/download-handler?identifier=3e901799-1124-11ef-a251-01aa75ed71a1&format=fmx4&language=hr&productionSystem=cellar&part=
76,S4,hr,S4,Potrošači i krajnji korisnici,Učinci povezani s informacijama za potrošače i/ili krajnje korisnike,Pristup (kvalitetnim) informacijama,3e901799-1124-11ef-a251-01aa75ed71a1,https://op.europa.eu/o/opportal-service/download-handler?identifier=3e901799-1124-11ef-a251-01aa75ed71a1&format=fmx4&language=hr&productionSystem=cellar&part=
77,S4,hr,S4,Potrošači i krajnji korisnici,Osobna sigurnost potrošača i/ili krajnjih korisnika,Zdravlje i sigurnost,3e901799-1124-11ef-a251-01aa75ed71a1,https://op.europa.eu/o/opportal-service/download-handler?identifier=3e901799-1124-11ef-a251-01aa75ed71a1&format=fmx4&language=hr&productionSystem=cellar&part=
78,S4,hr,S4,Potrošači i krajnji korisnici,Osobna sigurnost potrošača i/ili krajnjih korisnika,Sigurnost osobe,3e901799-1124-11ef-a251-01aa75ed71a1,https://op.europa.eu/o/opportal-service/download-handler?identifier=3e901799-1124-11ef-a251-01aa75ed71a1&format=fmx4&language=hr&productionSystem=cellar&part=
79,S4,hr,S4,Potrošači i krajnji korisnici,Osobna sigurnost potrošača i/ili krajnjih korisnika,Zaštita djece,3e901799-1124-11ef-a251-01aa75ed71a1,https://op.europa.eu/o/opportal-service/download-handler?identifier=3e901799-1124-11ef-a251-01aa75ed71a1&format=fmx4&language=hr&productionSystem=cellar&part=
80,S4,hr,S4,Potrošači i krajnji korisnici,Socijalna uključenost potrošača i/ili krajnjih korisnika,Nediskriminacija,3e901799-1124-11ef-a251-01aa75ed71a1,https://op.europa.eu/o/opportal-service/download-handler?identifier=3e901799-1124-11ef-a251-01aa75ed71a1&format=fmx4&language=hr&productionSystem=cellar&part=
81,S4,hr,S4,Potrošači i krajnji korisnici,Socijalna uključenost potrošača i/ili krajnjih korisnika,Pristup proizvodima i uslugama,3e901799-1124-11ef-a251-01aa75ed71a1,https://op.europa.eu/o/opportal-service/download-handler?identifier=3e901799-1124-11ef-a251-01aa75ed71a1&format=fmx4&language=hr&productionSystem=cellar&part=
82,S4,hr,S4,Potrošači i krajnji korisnici,Socijalna uključenost potrošača i/ili krajnjih korisnika,Odgovorne Marketinške prakse,3e901799-1124-11ef-a251-01aa75ed71a1,https://op.europa.eu/o/opportal-service/download-handler?identifier=3e901799-1124-11ef-a251-01aa75ed71a1&format=fmx4&language=hr&productionSystem=cellar&part=
83,G1,hr,G1,Poslovno ponašanje,Korporativna kultura,,3e901799-1124-11ef-a251-01aa75ed71a1,https://op.europa.eu/o/opportal-service/download-handler?identifier=3e901799-1124-11ef-a251-01aa75ed71a1&format=fmx4&language=hr&productionSystem=cellar&part=
84,G1,hr,G1,Poslovno ponašanje,Zaštita zviždača,,3e901799-1124-11ef-a251-01aa75ed71a1,https://op.europa.eu/o/opportal-service/download-handler?identifier=3e901799-1124-11ef-a251-01aa75ed71a1&format=fmx4&language=hr&productionSystem=cellar&part=
85,G1,hr,G1,Poslovno ponašanje,Dobrobit životinja,,3e901799-1124-11ef-a251-01aa75ed71a1,https://op.europa.eu/o/opportal-service/download-handler?identifier=3e901799-1124-11ef-a251-01aa75ed71a1&format=fmx4&language=hr&productionSystem=cellar&part=
86,G1,hr,G1,Poslovno ponašanje,Politički angažman i lobiranje,,3e901799-1124-11ef-a251-01aa75ed71a1,https://op.europa.eu/o/opportal-service/download-handler?identifier=3e901799-1124-11ef-a251-01aa75ed71a1&format=fmx4&language=hr&productionSystem=cellar&part=
87,G1,hr,G1,Poslovno ponašanje,"Upravljanjem odnosima s dobavljačima, uključujući plaćanje",,3e901799-1124-11ef-a251-01aa75ed71a1,https://op.europa.eu/o/opportal-service/download-handler?identifier=3e901799-1124-11ef-a251-01aa75ed71a1&format=fmx4&language=hr&productionSystem=cellar&part=
88,G1,hr,G1,Poslovno ponašanje,Korupcija i podmićivanje,"Sprečavanje i otkrivanje, uključujući osposobljavanje",3e901799-1124-11ef-a251-01aa75ed71a1,https://op.europa.eu/o/opportal-service/download-handler?identifier=3e901799-1124-11ef-a251-01aa75ed71a1&format=fmx4&language=hr&productionSystem=cellar&part=
89,G1,hr,G1,Poslovno ponašanje,Korupcija i podmićivanje,Incidenti,3e901799-1124-11ef-a251-01aa75ed71a1,https://op.europa.eu/o/opportal-service/download-handler?identifier=3e901799-1124-11ef-a251-01aa75ed71a1&format=fmx4&language=hr&productionSystem=cellar&part=
1,E1,hu,E1,Éghajlatváltozás,Az éghajlatváltozáshoz való alkalmazkodás,,3e901799-1124-11ef-a251-01aa75ed71a1,https://op.europa.eu/o/opportal-service/download-handler?identifier=3e901799-1124-11ef-a251-01aa75ed71a1&format=fmx4&language=hu&productionSystem=cellar&part=
2,E1,hu,E1,Éghajlatváltozás,Az éghajlatváltozás mérséklése,,3e901799-1124-11ef-a251-01aa75ed71a1,https://op.europa.eu/o/opportal-service/download-handler?identifier=3e901799-1124-11ef-a251-01aa75ed71a1&format=fmx4&language=hu&productionSystem=cellar&part=
3,E1,hu,E1,Éghajlatváltozás,Energia,,3e901799-1124-11ef-a251-01aa75ed71a1,https://op.europa.eu/o/opportal-service/download-handler?identifier=3e901799-1124-11ef-a251-01aa75ed71a1&format=fmx4&language=hu&productionSystem=cellar&part=
4,E2,hu,E2,Szennyezés,Légszennyezés,,3e901799-1124-11ef-a251-01aa75ed71a1,https://op.europa.eu/o/opportal-service/download-handler?identifier=3e901799-1124-11ef-a251-01aa75ed71a1&format=fmx4&language=hu&productionSystem=cellar&part=
5,E2,hu,E2,Szennyezés,Vízszennyezés,,3e901799-1124-11ef-a251-01aa75ed71a1,https://op.europa.eu/o/opportal-service/download-handler?identifier=3e901799-1124-11ef-a251-01aa75ed71a1&format=fmx4&language=hu&productionSystem=cellar&part=
6,E2,hu,E2,Szennyezés,Talajszennyezés,,3e901799-1124-11ef-a251-01aa75ed71a1,https://op.europa.eu/o/opportal-service/download-handler?identifier=3e901799-1124-11ef-a251-01aa75ed71a1&format=fmx4&language=hu&productionSystem=cellar&part=
7,E2,hu,E2,Szennyezés,Élő szervezetek és élelmiszerforrások szennyezése,,3e901799-1124-11ef-a251-01aa75ed71a1,https://op.europa.eu/o/opportal-service/download-handler?identifier=3e901799-1124-11ef-a251-01aa75ed71a1&format=fmx4&language=hu&productionSystem=cellar&part=
8,E2,hu,E2,Szennyezés,Aggodalomra okot adó anyag,,3e901799-1124-11ef-a251-01aa75ed71a1,https://op.europa.eu/o/opportal-service/download-handler?identifier=3e901799-1124-11ef-a251-01aa75ed71a1&format=fmx4&language=hu&productionSystem=cellar&part=
9,E2,hu,E2,Szennyezés,Különös aggodalomra okot adó anyag,,3e901799-1124-11ef-a251-01aa75ed71a1,https://op.europa.eu/o/opportal-service/download-handler?identifier=3e901799-1124-11ef-a251-01aa75ed71a1&format=fmx4&language=hu&productionSystem=cellar&part=
10,E2,hu,E2,Szennyezés,Mikroműanyagok,,3e901799-1124-11ef-a251-01aa75ed71a1,https://op.europa.eu/o/opportal-service/download-handler?identifier=3e901799-1124-11ef-a251-01aa75ed71a1&format=fmx4&language=hu&productionSystem=cellar&part=
11,E3,hu,E3,Víz és tengeri erőforrások,Víz,Vízfogyasztás,3e901799-1124-11ef-a251-01aa75ed71a1,https://op.europa.eu/o/opportal-service/download-handler?identifier=3e901799-1124-11ef-a251-01aa75ed71a1&format=fmx4&language=hu&productionSystem=cellar&part=
12,E3,hu,E3,Víz és tengeri erőforrások,Víz,Vízkivétel,3e901799-1124-11ef-a251-01aa75ed71a1,https://op.europa.eu/o/opportal-service/download-handler?identifier=3e901799-1124-11ef-a251-01aa75ed71a1&format=fmx4&language=hu&productionSystem=cellar&part=
13,E3,hu,E3,Víz és tengeri erőforrások,Víz,Vízkibocsátás,3e901799-1124-11ef-a251-01aa75ed71a1,https://op.europa.eu/o/opportal-service/download-handler?identifier=3e901799-1124-11ef-a251-01aa75ed71a1&format=fmx4&language=hu&productionSystem=cellar&part=
14,E3,hu,E3,Víz és tengeri erőforrások,Víz,Vízkibocsátás az óceánokba,3e901799-1124-11ef-a251-01aa75ed71a1,https://op.europa.eu/o/opportal-service/download-handler?identifier=3e901799-1124-11ef-a251-01aa75ed71a1&format=fmx4&language=hu&productionSystem=cellar&part=
15,E3,hu,E3,Víz és tengeri erőforrások,Tengeri erőforrások,Tengeri erőforrások kitermelése és hasznosítása,3e901799-1124-11ef-a251-01aa75ed71a1,https://op.europa.eu/o/opportal-service/download-handler?identifier=3e901799-1124-11ef-a251-01aa75ed71a1&format=fmx4&language=hu&productionSystem=cellar&part=
16,E4,hu,E4,Biológiai sokféleség és ökoszisztémák,A biológiai sokféleség csökkenését közvetlenül kiváltó tényezők,Éghajlatváltozás,3e901799-1124-11ef-a251-01aa75ed71a1,https://op.europa.eu/o/opportal-service/download-handler?identifier=3e901799-1124-11ef-a251-01aa75ed71a1&format=fmx4&language=hu&productionSystem=cellar&part=
17,E4,hu,E4,Biológiai sokféleség és ökoszisztémák,A biológiai sokféleség csökkenését közvetlenül kiváltó tényezők,"A földhasználat megváltoztatása, az édesvízhasználat megváltoztatása és a tengerhasználat megváltoztatása",3e901799-1124-11ef-a251-01aa75ed71a1,https://op.europa.eu/o/opportal-service/download-handler?identifier=3e901799-1124-11ef-a251-01aa75ed71a1&format=fmx4&language=hu&productionSystem=cellar&part=
18,E4,hu,E4,Biológiai sokféleség és ökoszisztémák,A biológiai sokféleség csökkenését közvetlenül kiváltó tényezők,Közvetlen kiaknázás,3e901799-1124-11ef-a251-01aa75ed71a1,https://op.europa.eu/o/opportal-service/download-handler?identifier=3e901799-1124-11ef-a251-01aa75ed71a1&format=fmx4&language=hu&productionSystem=cellar&part=
19,E4,hu,E4,Biológiai sokféleség és ökoszisztémák,A biológiai sokféleség csökkenését közvetlenül kiváltó tényezők,Idegenhonos inváziós fajok,3e901799-1124-11ef-a251-01aa75ed71a1,https://op.europa.eu/o/opportal-service/download-handler?identifier=3e901799-1124-11ef-a251-01aa75ed71a1&format=fmx4&language=hu&productionSystem=cellar&part=
20,E4,hu,E4,Biológiai sokféleség és ökoszisztémák,A biológiai sokféleség csökkenését közvetlenül kiváltó tényezők,Szennyezés,3e901799-1124-11ef-a251-01aa75ed71a1,https://op.europa.eu/o/opportal-service/download-handler?identifier=3e901799-1124-11ef-a251-01aa75ed71a1&format=fmx4&language=hu&productionSystem=cellar&part=
21,E4,hu,E4,Biológiai sokféleség és ökoszisztémák,A biológiai sokféleség csökkenését közvetlenül kiváltó tényezők,Egyéb,3e901799-1124-11ef-a251-01aa75ed71a1,https://op.europa.eu/o/opportal-service/download-handler?identifier=3e901799-1124-11ef-a251-01aa75ed71a1&format=fmx4&language=hu&productionSystem=cellar&part=
22,E4,hu,E4,Biológiai sokféleség és ökoszisztémák,A fajok állapotára gyakorolt hatások,,3e901799-1124-11ef-a251-01aa75ed71a1,https://op.europa.eu/o/opportal-service/download-handler?identifier=3e901799-1124-11ef-a251-01aa75ed71a1&format=fmx4&language=hu&productionSystem=cellar&part=
23,E4,hu,E4,Biológiai sokféleség és ökoszisztémák,Az ökoszisztémák kiterjedésére és állapotára gyakorolt hatások,,3e901799-1124-11ef-a251-01aa75ed71a1,https://op.europa.eu/o/opportal-service/download-handler?identifier=3e901799-1124-11ef-a251-01aa75ed71a1&format=fmx4&language=hu&productionSystem=cellar&part=
24,E4,hu,E4,Biológiai sokféleség és ökoszisztémák,Az ökoszisztéma-szolgáltatásokra gyakorolt hatások és az azoktól való függőségek,,3e901799-1124-11ef-a251-01aa75ed71a1,https://op.europa.eu/o/opportal-service/download-handler?identifier=3e901799-1124-11ef-a251-01aa75ed71a1&format=fmx4&language=hu&productionSystem=cellar&part=
25,E5,hu,E5,Körforgásos gazdaság,"Erőforrás-beáramlás, beleértve az erőforrás-felhasználást is",,3e901799-1124-11ef-a251-01aa75ed71a1,https://op.europa.eu/o/opportal-service/download-handler?identifier=3e901799-1124-11ef-a251-01aa75ed71a1&format=fmx4&language=hu&productionSystem=cellar&part=
26,E5,hu,E5,Körforgásos gazdaság,Termékekhez és szolgáltatásokhoz kapcsolódó erőforrás-kiáramlás,,3e901799-1124-11ef-a251-01aa75ed71a1,https://op.europa.eu/o/opportal-service/download-handler?identifier=3e901799-1124-11ef-a251-01aa75ed71a1&format=fmx4&language=hu&productionSystem=cellar&part=
27,E5,hu,E5,Körforgásos gazdaság,Hulladék,,3e901799-1124-11ef-a251-01aa75ed71a1,https://op.europa.eu/o/opportal-service/download-handler?identifier=3e901799-1124-11ef-a251-01aa75ed71a1&format=fmx4&language=hu&productionSystem=cellar&part=
28,S1,hu,S1,Saját munkaerő,Munkafeltételek,Biztos foglalkoztatás,3e901799-1124-11ef-a251-01aa75ed71a1,https://op.europa.eu/o/opportal-service/download-handler?identifier=3e901799-1124-11ef-a251-01aa75ed71a1&format=fmx4&language=hu&productionSystem=cellar&part=
29,S1,hu,S1,Saját munkaerő,Munkafeltételek,Munkaidő,3e901799-1124-11ef-a251-01aa75ed71a1,https://op.europa.eu/o/opportal-service/download-handler?identifier=3e901799-1124-11ef-a251-01aa75ed71a1&format=fmx4&language=hu&productionSystem=cellar&part=
30,S1,hu,S1,Saját munkaerő,Munkafeltételek,Megfelelő bérek,3e901799-1124-11ef-a251-01aa75ed71a1,https://op.europa.eu/o/opportal-service/download-handler?identifier=3e901799-1124-11ef-a251-01aa75ed71a1&format=fmx4&language=hu&productionSystem=cellar&part=
31,S1,hu,S1,Saját munkaerő,Munkafeltételek,Szociális párbeszéd,3e901799-1124-11ef-a251-01aa75ed71a1,https://op.europa.eu/o/opportal-service/download-handler?identifier=3e901799-1124-11ef-a251-01aa75ed71a1&format=fmx4&language=hu&productionSystem=cellar&part=
32,S1,hu,S1,Saját munkaerő,Munkafeltételek,"Az egyesülési szabadsága, üzemi tanácsok megléte, valamint a munkavállalók tájékoztatáshoz, konzultációhoz és részvételhez való joga",3e901799-1124-11ef-a251-01aa75ed71a1,https://op.europa.eu/o/opportal-service/download-handler?identifier=3e901799-1124-11ef-a251-01aa75ed71a1&format=fmx4&language=hu&productionSystem=cellar&part=
33,S1,hu,S1,Saját munkaerő,Munkafeltételek,"Kollektív tárgyalások, beleértve a kollektív szerződések hatálya alá tartozó munkavállalók arányát",3e901799-1124-11ef-a251-01aa75ed71a1,https://op.europa.eu/o/opportal-service/download-handler?identifier=3e901799-1124-11ef-a251-01aa75ed71a1&format=fmx4&language=hu&productionSystem=cellar&part=
34,S1,hu,S1,Saját munkaerő,Munkafeltételek,A munka és a magánélet közötti egyensúly,3e901799-1124-11ef-a251-01aa75ed71a1,https://op.europa.eu/o/opportal-service/download-handler?identifier=3e901799-1124-11ef-a251-01aa75ed71a1&format=fmx4&language=hu&productionSystem=cellar&part=
35,S1,hu,S1,Saját munkaerő,Munkafeltételek,Egészségvédelem és biztonság,3e901799-1124-11ef-a251-01aa75ed71a1,https://op.europa.eu/o/opportal-service/download-handler?identifier=3e901799-1124-11ef-a251-01aa75ed71a1&format=fmx4&language=hu&productionSystem=cellar&part=
36,S1,hu,S1,Saját munkaerő,Egyenlő bánásmód és esélyegyenlőség,Nemek közötti egyenlőség és egyenlő értékű munkáért egyenlő bér,3e901799-1124-11ef-a251-01aa75ed71a1,https://op.europa.eu/o/opportal-service/download-handler?identifier=3e901799-1124-11ef-a251-01aa75ed71a1&format=fmx4&language=hu&productionSystem=cellar&part=
37,S1,hu,S1,Saját munkaerő,Egyenlő bánásmód és esélyegyenlőség,Képzés és készségfejlesztés,3e901799-1124-11ef-a251-01aa75ed71a1,https://op.europa.eu/o/opportal-service/download-handler?identifier=3e901799-1124-11ef-a251-01aa75ed71a1&format=fmx4&language=hu&productionSystem=cellar&part=
38,S1,hu,S1,Saját munkaerő,Egyenlő bánásmód és esélyegyenlőség,A fogyatékossággal élő személyek foglalkoztatása és integrációja,3e901799-1124-11ef-a251-01aa75ed71a1,https://op.europa.eu/o/opportal-service/download-handler?identifier=3e901799-1124-11ef-a251-01aa75ed71a1&format=fmx4&language=hu&productionSystem=cellar&part=
39,S1,hu,S1,Saját munkaerő,Egyenlő bánásmód és esélyegyenlőség,A munkahelyi erőszak és zaklatás elleni intézkedések,3e901799-1124-11ef-a251-01aa75ed71a1,https://op.europa.eu/o/opportal-service/download-handler?identifier=3e901799-1124-11ef-a251-01aa75ed71a1&format=fmx4&language=hu&productionSystem=cellar&part=
40,S1,hu,S1,Saját munkaerő,Egyenlő bánásmód és esélyegyenlőség,Sokszínűség,3e901799-1124-11ef-a251-01aa75ed71a1,https://op.europa.eu/o/opportal-service/download-handler?identifier=3e901799-1124-11ef-a251-01aa75ed71a1&format=fmx4&language=hu&productionSystem=cellar&part=
41,S1,hu,S1,Saját munkaerő,A munkával kapcsolatos egyéb jogok,Gyermekmunka,3e901799-1124-11ef-a251-01aa75ed71a1,https://op.europa.eu/o/opportal-service/download-handler?identifier=3e901799-1124-11ef-a251-01aa75ed71a1&format=fmx4&language=hu&productionSystem=cellar&part=
42,S1,hu,S1,Saját munkaerő,A munkával kapcsolatos egyéb jogok,Kényszermunka,3e901799-1124-11ef-a251-01aa75ed71a1,https://op.europa.eu/o/opportal-service/download-handler?identifier=3e901799-1124-11ef-a251-01aa75ed71a1&format=fmx4&language=hu&productionSystem=cellar&part=
43,S1,hu,S1,Saját munkaerő,A munkával kapcsolatos egyéb jogok,Megfelelő lakhatás,3e901799-1124-11ef-a251-01aa75ed71a1,https://op.europa.eu/o/opportal-service/download-handler?identifier=3e901799-1124-11ef-a251-01aa75ed71a1&format=fmx4&language=hu&productionSystem=cellar&part=
44,S1,hu,S1,Saját munkaerő,A munkával kapcsolatos egyéb jogok,A magánélet védelme,3e901799-1124-11ef-a251-01aa75ed71a1,https://op.europa.eu/o/opportal-service/download-handler?identifier=3e901799-1124-11ef-a251-01aa75ed71a1&format=fmx4&language=hu&productionSystem=cellar&part=
45,S2,hu,S2,Az értékláncban dolgozók,Munkafeltételek,Biztos foglalkoztatás,3e901799-1124-11ef-a251-01aa75ed71a1,https://op.europa.eu/o/opportal-service/download-handler?identifier=3e901799-1124-11ef-a251-01aa75ed71a1&format=fmx4&language=hu&productionSystem=cellar&part=
46,S2,hu,S2,Az értékláncban dolgozók,Munkafeltételek,Munkaidő,3e901799-1124-11ef-a251-01aa75ed71a1,https://op.europa.eu/o/opportal-service/download-handler?identifier=3e901799-1124-11ef-a251-01aa75ed71a1&format=fmx4&language=hu&productionSystem=cellar&part=
47,S2,hu,S2,Az értékláncban dolgozók,Munkafeltételek,Megfelelő bérek,3e901799-1124-11ef-a251-01aa75ed71a1,https://op.europa.eu/o/opportal-service/download-handler?identifier=3e901799-1124-11ef-a251-01aa75ed71a1&format=fmx4&language=hu&productionSystem=cellar&part=
48,S2,hu,S2,Az értékláncban dolgozók,Munkafeltételek,Szociális párbeszéd,3e901799-1124-11ef-a251-01aa75ed71a1,https://op.europa.eu/o/opportal-service/download-handler?identifier=3e901799-1124-11ef-a251-01aa75ed71a1&format=fmx4&language=hu&productionSystem=cellar&part=
49,S2,hu,S2,Az értékláncban dolgozók,Munkafeltételek,"Az egyesülés szabadsága, beleértve az üzemi tanácsok meglétét is",3e901799-1124-11ef-a251-01aa75ed71a1,https://op.europa.eu/o/opportal-service/download-handler?identifier=3e901799-1124-11ef-a251-01aa75ed71a1&format=fmx4&language=hu&productionSystem=cellar&part=
50,S2,hu,S2,Az értékláncban dolgozók,Munkafeltételek,Kollektív tárgyalások,3e901799-1124-11ef-a251-01aa75ed71a1,https://op.europa.eu/o/opportal-service/download-handler?identifier=3e901799-1124-11ef-a251-01aa75ed71a1&format=fmx4&language=hu&productionSystem=cellar&part=
51,S2,hu,S2,Az értékláncban dolgozók,Munkafeltételek,A munka és a magánélet közötti egyensúly,3e901799-1124-11ef-a251-01aa75ed71a1,https://op.europa.eu/o/opportal-service/download-handler?identifier=3e901799-1124-11ef-a251-01aa75ed71a1&format=fmx4&language=hu&productionSystem=cellar&part=
52,S2,hu,S2,Az értékláncban dolgozók,Munkafeltételek,Egészségvédelem és biztonság,3e901799-1124-11ef-a251-01aa75ed71a1,https://op.europa.eu/o/opportal-service/download-handler?identifier=3e901799-1124-11ef-a251-01aa75ed71a1&format=fmx4&language=hu&productionSystem=cellar&part=
53,S2,hu,S2,Az értékláncban dolgozók,Egyenlő bánásmód és esélyegyenlőség,Nemek közötti egyenlőség és egyenlő értékű munkáért egyenlő bér,3e901799-1124-11ef-a251-01aa75ed71a1,https://op.europa.eu/o/opportal-service/download-handler?identifier=3e901799-1124-11ef-a251-01aa75ed71a1&format=fmx4&language=hu&productionSystem=cellar&part=
54,S2,hu,S2,Az értékláncban dolgozók,Egyenlő bánásmód és esélyegyenlőség,Képzés és készségfejlesztés,3e901799-1124-11ef-a251-01aa75ed71a1,https://op.europa.eu/o/opportal-service/download-handler?identifier=3e901799-1124-11ef-a251-01aa75ed71a1&format=fmx4&language=hu&productionSystem=cellar&part=
55,S2,hu,S2,Az értékláncban dolgozók,Egyenlő bánásmód és esélyegyenlőség,A fogyatékossággal élő személyek foglalkoztatása és integrációja,3e901799-1124-11ef-a251-01aa75ed71a1,https://op.europa.eu/o/opportal-service/download-handler?identifier=3e901799-1124-11ef-a251-01aa75ed71a1&format=fmx4&language=hu&productionSystem=cellar&part=
56,S2,hu,S2,Az értékláncban dolgozók,Egyenlő bánásmód és esélyegyenlőség,A munkahelyi erőszak és zaklatás elleni intézkedések,3e901799-1124-11ef-a251-01aa75ed71a1,https://op.europa.eu/o/opportal-service/download-handler?identifier=3e901799-1124-11ef-a251-01aa75ed71a1&format=fmx4&language=hu&productionSystem=cellar&part=
57,S2,hu,S2,Az értékláncban dolgozók,Egyenlő bánásmód és esélyegyenlőség,Sokszínűség,3e901799-1124-11ef-a251-01aa75ed71a1,https://op.europa.eu/o/opportal-service/download-handler?identifier=3e901799-1124-11ef-a251-01aa75ed71a1&format=fmx4&language=hu&productionSystem=cellar&part=
58,S2,hu,S2,Az értékláncban dolgozók,A munkával kapcsolatos egyéb jogok,Gyermekmunka,3e901799-1124-11ef-a251-01aa75ed71a1,https://op.europa.eu/o/opportal-service/download-handler?identifier=3e901799-1124-11ef-a251-01aa75ed71a1&format=fmx4&language=hu&productionSystem=cellar&part=
59,S2,hu,S2,Az értékláncban dolgozók,A munkával kapcsolatos egyéb jogok,Kényszermunka,3e901799-1124-11ef-a251-01aa75ed71a1,https://op.europa.eu/o/opportal-service/download-handler?identifier=3e901799-1124-11ef-a251-01aa75ed71a1&format=fmx4&language=hu&productionSystem=cellar&part=
60,S2,hu,S2,Az értékláncban dolgozók,A munkával kapcsolatos egyéb jogok,Megfelelő lakhatás,3e901799-1124-11ef-a251-01aa75ed71a1,https://op.europa.eu/o/opportal-service/download-handler?identifier=3e901799-1124-11ef-a251-01aa75ed71a1&format=fmx4&language=hu&productionSystem=cellar&part=
61,S2,hu,S2,Az értékláncban dolgozók,A munkával kapcsolatos egyéb jogok,Víz és víziközmű-szolgáltatás,3e901799-1124-11ef-a251-01aa75ed71a1,https://op.europa.eu/o/opportal-service/download-handler?identifier=3e901799-1124-11ef-a251-01aa75ed71a1&format=fmx4&language=hu&productionSystem=cellar&part=
62,S2,hu,S2,Az értékláncban dolgozók,A munkával kapcsolatos egyéb jogok,A magánélet védelme,3e901799-1124-11ef-a251-01aa75ed71a1,https://op.europa.eu/o/opportal-service/download-handler?identifier=3e901799-1124-11ef-a251-01aa75ed71a1&format=fmx4&language=hu&productionSystem=cellar&part=
63,S3,hu,S3,Érintett közösségek,"A közösségek gazdasági, szociális és kulturális jogai",Megfelelő lakhatás,3e901799-1124-11ef-a251-01aa75ed71a1,https://op.europa.eu/o/opportal-service/download-handler?identifier=3e901799-1124-11ef-a251-01aa75ed71a1&format=fmx4&language=hu&productionSystem=cellar&part=
64,S3,hu,S3,Érintett közösségek,"A közösségek gazdasági, szociális és kulturális jogai",Megfelelő élelmiszer,3e901799-1124-11ef-a251-01aa75ed71a1,https://op.europa.eu/o/opportal-service/download-handler?identifier=3e901799-1124-11ef-a251-01aa75ed71a1&format=fmx4&language=hu&productionSystem=cellar&part=
65,S3,hu,S3,Érintett közösségek,"A közösségek gazdasági, szociális és kulturális jogai",Víz és víziközmű-szolgáltatás,3e901799-1124-11ef-a251-01aa75ed71a1,https://op.europa.eu/o/opportal-service/download-handler?identifier=3e901799-1124-11ef-a251-01aa75ed71a1&format=fmx4&language=hu&productionSystem=cellar&part=
66,S3,hu,S3,Érintett közösségek,"A közösségek gazdasági, szociális és kulturális jogai",A földdel kapcsolatos hatások,3e901799-1124-11ef-a251-01aa75ed71a1,https://op.europa.eu/o/opportal-service/download-handler?identifier=3e901799-1124-11ef-a251-01aa75ed71a1&format=fmx4&language=hu&productionSystem=cellar&part=
67,S3,hu,S3,Érintett közösségek,"A közösségek gazdasági, szociális és kulturális jogai",A biztonsággal kapcsolatos hatások,3e901799-1124-11ef-a251-01aa75ed71a1,https://op.europa.eu/o/opportal-service/download-handler?identifier=3e901799-1124-11ef-a251-01aa75ed71a1&format=fmx4&language=hu&productionSystem=cellar&part=
68,S3,hu,S3,Érintett közösségek,A Közösségek polgári és politikai jogai,A véleménynyilvánítás szabadsága,3e901799-1124-11ef-a251-01aa75ed71a1,https://op.europa.eu/o/opportal-service/download-handler?identifier=3e901799-1124-11ef-a251-01aa75ed71a1&format=fmx4&language=hu&productionSystem=cellar&part=
69,S3,hu,S3,Érintett közösségek,A Közösségek polgári és politikai jogai,A gyülekezés szabadsága,3e901799-1124-11ef-a251-01aa75ed71a1,https://op.europa.eu/o/opportal-service/download-handler?identifier=3e901799-1124-11ef-a251-01aa75ed71a1&format=fmx4&language=hu&productionSystem=cellar&part=
70,S3,hu,S3,Érintett közösségek,A Közösségek polgári és politikai jogai,Az emberijog-védőkre gyakorolt hatások,3e901799-1124-11ef-a251-01aa75ed71a1,https://op.europa.eu/o/opportal-service/download-handler?identifier=3e901799-1124-11ef-a251-01aa75ed71a1&format=fmx4&language=hu&productionSystem=cellar&part=
71,S3,hu,S3,Érintett közösségek,Őslakos népek jogai,"Szabad, előzetes és tájékoztatáson alapuló beleegyezés",3e901799-1124-11ef-a251-01aa75ed71a1,https://op.europa.eu/o/opportal-service/download-handler?identifier=3e901799-1124-11ef-a251-01aa75ed71a1&format=fmx4&language=hu&productionSystem=cellar&part=
72,S3,hu,S3,Érintett közösségek,Őslakos népek jogai,Önrendelkezés,3e901799-1124-11ef-a251-01aa75ed71a1,https://op.europa.eu/o/opportal-service/download-handler?identifier=3e901799-1124-11ef-a251-01aa75ed71a1&format=fmx4&language=hu&productionSystem=cellar&part=
73,S3,hu,S3,Érintett közösségek,Őslakos népek jogai,Kulturális jogok,3e901799-1124-11ef-a251-01aa75ed71a1,https://op.europa.eu/o/opportal-service/download-handler?identifier=3e901799-1124-11ef-a251-01aa75ed71a1&format=fmx4&language=hu&productionSystem=cellar&part=
74,S4,hu,S4,Fogyasztók és végfelhasználók,"A fogyasztókra és/vagy a végfelhasználókra gyakorolt, tájékoztatással kapcsolatos hatások",A magánélet védelme,3e901799-1124-11ef-a251-01aa75ed71a1,https://op.europa.eu/o/opportal-service/download-handler?identifier=3e901799-1124-11ef-a251-01aa75ed71a1&format=fmx4&language=hu&productionSystem=cellar&part=
75,S4,hu,S4,Fogyasztók és végfelhasználók,"A fogyasztókra és/vagy a végfelhasználókra gyakorolt, tájékoztatással kapcsolatos hatások",A véleménynyilvánítás szabadsága,3e901799-1124-11ef-a251-01aa75ed71a1,https://op.europa.eu/o/opportal-service/download-handler?identifier=3e901799-1124-11ef-a251-01aa75ed71a1&format=fmx4&language=hu&productionSystem=cellar&part=
76,S4,hu,S4,Fogyasztók és végfelhasználók,"A fogyasztókra és/vagy a végfelhasználókra gyakorolt, tájékoztatással kapcsolatos hatások",A (minőségi) információkhoz való hozzáférés,3e901799-1124-11ef-a251-01aa75ed71a1,https://op.europa.eu/o/opportal-service/download-handler?identifier=3e901799-1124-11ef-a251-01aa75ed71a1&format=fmx4&language=hu&productionSystem=cellar&part=
77,S4,hu,S4,Fogyasztók és végfelhasználók,A fogyasztók és/vagy végfelhasználók személyes biztonsága,Egészségvédelem és biztonság,3e901799-1124-11ef-a251-01aa75ed71a1,https://op.europa.eu/o/opportal-service/download-handler?identifier=3e901799-1124-11ef-a251-01aa75ed71a1&format=fmx4&language=hu&productionSystem=cellar&part=
78,S4,hu,S4,Fogyasztók és végfelhasználók,A fogyasztók és/vagy végfelhasználók személyes biztonsága,Személyes biztonság,3e901799-1124-11ef-a251-01aa75ed71a1,https://op.europa.eu/o/opportal-service/download-handler?identifier=3e901799-1124-11ef-a251-01aa75ed71a1&format=fmx4&language=hu&productionSystem=cellar&part=
79,S4,hu,S4,Fogyasztók és végfelhasználók,A fogyasztók és/vagy végfelhasználók személyes biztonsága,A gyermekek védelme,3e901799-1124-11ef-a251-01aa75ed71a1,https://op.europa.eu/o/opportal-service/download-handler?identifier=3e901799-1124-11ef-a251-01aa75ed71a1&format=fmx4&language=hu&productionSystem=cellar&part=
80,S4,hu,S4,Fogyasztók és végfelhasználók,A fogyasztók és/vagy végfelhasználók társadalmi befogadása,A hátrányos megkülönböztetés tilalma,3e901799-1124-11ef-a251-01aa75ed71a1,https://op.europa.eu/o/opportal-service/download-handler?identifier=3e901799-1124-11ef-a251-01aa75ed71a1&format=fmx4&language=hu&productionSystem=cellar&part=
81,S4,hu,S4,Fogyasztók és végfelhasználók,A fogyasztók és/vagy végfelhasználók társadalmi befogadása,Hozzáférés a termékekhez és szolgáltatásokhoz,3e901799-1124-11ef-a251-01aa75ed71a1,https://op.europa.eu/o/opportal-service/download-handler?identifier=3e901799-1124-11ef-a251-01aa75ed71a1&format=fmx4&language=hu&productionSystem=cellar&part=
82,S4,hu,S4,Fogyasztók és végfelhasználók,A fogyasztók és/vagy végfelhasználók társadalmi befogadása,Felelősségteljes piaci gyakorlatok,3e901799-1124-11ef-a251-01aa75ed71a1,https://op.europa.eu/o/opportal-service/download-handler?identifier=3e901799-1124-11ef-a251-01aa75ed71a1&format=fmx4&language=hu&productionSystem=cellar&part=
83,G1,hu,G1,Üzleti magatartás,Vállalati kultúra,,3e901799-1124-11ef-a251-01aa75ed71a1,https://op.europa.eu/o/opportal-service/download-handler?identifier=3e901799-1124-11ef-a251-01aa75ed71a1&format=fmx4&language=hu&productionSystem=cellar&part=
84,G1,hu,G1,Üzleti magatartás,A visszaélést bejelentő személyek védelme,,3e901799-1124-11ef-a251-01aa75ed71a1,https://op.europa.eu/o/opportal-service/download-handler?identifier=3e901799-1124-11ef-a251-01aa75ed71a1&format=fmx4&language=hu&productionSystem=cellar&part=
85,G1,hu,G1,Üzleti magatartás,Állatjólét,,3e901799-1124-11ef-a251-01aa75ed71a1,https://op.europa.eu/o/opportal-service/download-handler?identifier=3e901799-1124-11ef-a251-01aa75ed71a1&format=fmx4&language=hu&productionSystem=cellar&part=
86,G1,hu,G1,Üzleti magatartás,Politikai szerepvállalás és lobbitevékenységek,,3e901799-1124-11ef-a251-01aa75ed71a1,https://op.europa.eu/o/opportal-service/download-handler?identifier=3e901799-1124-11ef-a251-01aa75ed71a1&format=fmx4&language=hu&productionSystem=cellar&part=
87,G1,hu,G1,Üzleti magatartás,"A beszállítókkal fenntartott kapcsolatok kezelése, beleértve a fizetési gyakorlatokat is",,3e901799-1124-11ef-a251-01aa75ed71a1,https://op.europa.eu/o/opportal-service/download-handler?identifier=3e901799-1124-11ef-a251-01aa75ed71a1&format=fmx4&language=hu&productionSystem=cellar&part=
88,G1,hu,G1,Üzleti magatartás,Korrupció és vesztegetés,"Megelőzés és felderítés, beleértve a képzést is",3e901799-1124-11ef-a251-01aa75ed71a1,https://op.europa.eu/o/opportal-service/download-handler?identifier=3e901799-1124-11ef-a251-01aa75ed71a1&format=fmx4&language=hu&productionSystem=cellar&part=
89,G1,hu,G1,Üzleti magatartás,Korrupció és vesztegetés,Incidensek,3e901799-1124-11ef-a251-01aa75ed71a1,https://op.europa.eu/o/opportal-service/download-handler?identifier=3e901799-1124-11ef-a251-01aa75ed71a1&format=fmx4&language=hu&productionSystem=cellar&part=
1,E1,it,E1,Cambiamenti climatici,Adattamento ai cambiamenti climatici,,3e901799-1124-11ef-a251-01aa75ed71a1,https://op.europa.eu/o/opportal-service/download-handler?identifier=3e901799-1124-11ef-a251-01aa75ed71a1&format=fmx4&language=it&productionSystem=cellar&part=
2,E1,it,E1,Cambiamenti climatici,Mitigazione dei cambiamenti climatici,,3e901799-1124-11ef-a251-01aa75ed71a1,https://op.europa.eu/o/opportal-service/download-handler?identifier=3e901799-1124-11ef-a251-01aa75ed71a1&format=fmx4&language=it&productionSystem=cellar&part=
3,E1,it,E1,Cambiamenti climatici,Energia,,3e901799-1124-11ef-a251-01aa75ed71a1,https://op.europa.eu/o/opportal-service/download-handler?identifier=3e901799-1124-11ef-a251-01aa75ed71a1&format=fmx4&language=it&productionSystem=cellar&part=
4,E2,it,E2,Inquinamento,Inquinamento dell'aria,,3e901799-1124-11ef-a251-01aa75ed71a1,https://op.europa.eu/o/opportal-service/download-handler?identifier=3e901799-1124-11ef-a251-01aa75ed71a1&format=fmx4&language=it&productionSystem=cellar&part=
5,E2,it,E2,Inquinamento,Inquinamento dell'acqua,,3e901799-1124-11ef-a251-01aa75ed71a1,https://op.europa.eu/o/opportal-service/download-handler?identifier=3e901799-1124-11ef-a251-01aa75ed71a1&format=fmx4&language=it&productionSystem=cellar&part=
6,E2,it,E2,Inquinamento,Inquinamento del suolo,,3e901799-1124-11ef-a251-01aa75ed71a1,https://op.europa.eu/o/opportal-service/download-handler?identifier=3e901799-1124-11ef-a251-01aa75ed71a1&format=fmx4&language=it&productionSystem=cellar&part=
7,E2,it,E2,Inquinamento,Inquinamento di organismi viventi e risorse alimentari,,3e901799-1124-11ef-a251-01aa75ed71a1,https://op.europa.eu/o/opportal-service/download-handler?identifier=3e901799-1124-11ef-a251-01aa75ed71a1&format=fmx4&language=it&productionSystem=cellar&part=
8,E2,it,E2,Inquinamento,Sostanze preoccupanti,,3e901799-1124-11ef-a251-01aa75ed71a1,https://op.europa.eu/o/opportal-service/download-handler?identifier=3e901799-1124-11ef-a251-01aa75ed71a1&format=fmx4&language=it&productionSystem=cellar&part=
9,E2,it,E2,Inquinamento,Sostanze estremamente preoccupanti,,3e901799-1124-11ef-a251-01aa75ed71a1,https://op.europa.eu/o/opportal-service/download-handler?identifier=3e901799-1124-11ef-a251-01aa75ed71a1&format=fmx4&language=it&productionSystem=cellar&part=
10,E2,it,E2,Inquinamento,Microplastiche,,3e901799-1124-11ef-a251-01aa75ed71a1,https://op.europa.eu/o/opportal-service/download-handler?identifier=3e901799-1124-11ef-a251-01aa75ed71a1&format=fmx4&language=it&productionSystem=cellar&part=
11,E3,it,E3,Acque e risorse marine,Acque,Consumo idrico,3e901799-1124-11ef-a251-01aa75ed71a1,https://op.europa.eu/o/opportal-service/download-handler?identifier=3e901799-1124-11ef-a251-01aa75ed71a1&format=fmx4&language=it&productionSystem=cellar&part=
12,E3,it,E3,Acque e risorse marine,Acque,Prelievi idrici,3e901799-1124-11ef-a251-01aa75ed71a1,https://op.europa.eu/o/opportal-service/download-handler?identifier=3e901799-1124-11ef-a251-01aa75ed71a1&format=fmx4&language=it&productionSystem=cellar&part=
13,E3,it,E3,Acque e risorse marine,Acque,Scarichi di acque,3e901799-1124-11ef-a251-01aa75ed71a1,https://op.europa.eu/o/opportal-service/download-handler?identifier=3e901799-1124-11ef-a251-01aa75ed71a1&format=fmx4&language=it&productionSystem=cellar&part=
14,E3,it,E3,Acque e risorse marine,Acque,Scarichi di acque negli oceani,3e901799-1124-11ef-a251-01aa75ed71a1,https://op.europa.eu/o/opportal-service/download-handler?identifier=3e901799-1124-11ef-a251-01aa75ed71a1&format=fmx4&language=it&productionSystem=cellar&part=
15,E3,it,E3,Acque e risorse marine,Risorse marine,Estrazione e uso di risorse marine,3e901799-1124-11ef-a251-01aa75ed71a1,https://op.europa.eu/o/opportal-service/download-handler?identifier=3e901799-1124-11ef-a251-01aa75ed71a1&format=fmx4&language=it&productionSystem=cellar&part=
16,E4,it,E4,Biodiversità ed ecosistemi,Fattori di impatto diretto sulla perdita di biodiversità,Cambiamenti climatici,3e901799-1124-11ef-a251-01aa75ed71a1,https://op.europa.eu/o/opportal-service/download-handler?identifier=3e901799-1124-11ef-a251-01aa75ed71a1&format=fmx4&language=it&productionSystem=cellar&part=
17,E4,it,E4,Biodiversità ed ecosistemi,Fattori di impatto diretto sulla perdita di biodiversità,"Cambiamento di uso del suolo, cambiamento di uso dell'acqua dolce e cambiamento di uso del mare",3e901799-1124-11ef-a251-01aa75ed71a1,https://op.europa.eu/o/opportal-service/download-handler?identifier=3e901799-1124-11ef-a251-01aa75ed71a1&format=fmx4&language=it&productionSystem=cellar&part=
18,E4,it,E4,Biodiversità ed ecosistemi,Fattori di impatto diretto sulla perdita di biodiversità,Sfruttamento diretto,3e901799-1124-11ef-a251-01aa75ed71a1,https://op.europa.eu/o/opportal-service/download-handler?identifier=3e901799-1124-11ef-a251-01aa75ed71a1&format=fmx4&language=it&productionSystem=cellar&part=
19,E4,it,E4,Biodiversità ed ecosistemi,Fattori di impatto diretto sulla perdita di biodiversità,Specie esotiche invasive,3e901799-1124-11ef-a251-01aa75ed71a1,https://op.europa.eu/o/opportal-service/download-handler?identifier=3e901799-1124-11ef-a251-01aa75ed71a1&format=fmx4&language=it&productionSystem=cellar&part=
20,E4,it,E4,Biodiversità ed ecosistemi,Fattori di impatto diretto sulla perdita di biodiversità,Inquinamento,3e901799-1124-11ef-a251-01aa75ed71a1,https://op.europa.eu/o/opportal-service/download-handler?identifier=3e901799-1124-11ef-a251-01aa75ed71a1&format=fmx4&language=it&productionSystem=cellar&part=
21,E4,it,E4,Biodiversità ed ecosistemi,Fattori di impatto diretto sulla perdita di biodiversità,Altro,3e901799-1124-11ef-a251-01aa75ed71a1,https://op.europa.eu/o/opportal-service/download-handler?identifier=3e901799-1124-11ef-a251-01aa75ed71a1&format=fmx4&language=it&productionSystem=cellar&part=
22,E4,it,E4,Biodiversità ed ecosistemi,Impatti sullo stato delle specie,,3e901799-1124-11ef-a251-01aa75ed71a1,https://op.europa.eu/o/opportal-service/download-handler?identifier=3e901799-1124-11ef-a251-01aa75ed71a1&format=fmx4&language=it&productionSystem=cellar&part=
23,E4,it,E4,Biodiversità ed ecosistemi,Impatti sull'estensione e sulla condizione degli ecosistemi,,3e901799-1124-11ef-a251-01aa75ed71a1,https://op.europa.eu/o/opportal-service/download-handler?identifier=3e901799-1124-11ef-a251-01aa75ed71a1&format=fmx4&language=it&productionSystem=cellar&part=
24,E4,it,E4,Biodiversità ed ecosistemi,Impatti e dipendenze in termini di servizi ecosistemici,,3e901799-1124-11ef-a251-01aa75ed71a1,https://op.europa.eu/o/opportal-service/download-handler?identifier=3e901799-1124-11ef-a251-01aa75ed71a1&format=fmx4&language=it&productionSystem=cellar&part=
25,E5,it,E5,Economia circolare,"Afflussi di risorse, compreso l'uso delle risorse",,3e901799-1124-11ef-a251-01aa75ed71a1,https://op.europa.eu/o/opportal-service/download-handler?identifier=3e901799-1124-11ef-a251-01aa75ed71a1&format=fmx4&language=it&productionSystem=cellar&part=
26,E5,it,E5,Economia circolare,Deflussi di risorse connessi a prodotti e servizi,,3e901799-1124-11ef-a251-01aa75ed71a1,https://op.europa.eu/o/opportal-service/download-handler?identifier=3e901799-1124-11ef-a251-01aa75ed71a1&format=fmx4&language=it&productionSystem=cellar&part=
27,E5,it,E5,Economia circolare,Rifiuti,,3e901799-1124-11ef-a251-01aa75ed71a1,https://op.europa.eu/o/opportal-service/download-handler?identifier=3e901799-1124-11ef-a251-01aa75ed71a1&format=fmx4&language=it&productionSystem=cellar&part=
28,S1,it,S1,Forza lavoro propria,Condizioni di lavoro,Occupazione sicura,3e901799-1124-11ef-a251-01aa75ed71a1,https://op.europa.eu/o/opportal-service/download-handler?identifier=3e901799-1124-11ef-a251-01aa75ed71a1&format=fmx4&language=it&productionSystem=cellar&part=
29,S1,it,S1,Forza lavoro propria,Condizioni di lavoro,Orario di lavoro,3e901799-1124-11ef-a251-01aa75ed71a1,https://op.europa.eu/o/opportal-service/download-handler?identifier=3e901799-1124-11ef-a251-01aa75ed71a1&format=fmx4&language=it&productionSystem=cellar&part=
30,S1,it,S1,Forza lavoro propria,Condizioni di lavoro,Salari adeguati,3e901799-1124-11ef-a251-01aa75ed71a1,https://op.europa.eu/o/opportal-service/download-handler?identifier=3e901799-1124-11ef-a251-01aa75ed71a1&format=fmx4&language=it&productionSystem=cellar&part=
31,S1,it,S1,Forza lavoro propria,Condizioni di lavoro,Dialogo sociale,3e901799-1124-11ef-a251-01aa75ed71a1,https://op.europa.eu/o/opportal-service/download-handler?identifier=3e901799-1124-11ef-a251-01aa75ed71a1&format=fmx4&language=it&productionSystem=cellar&part=
32,S1,it,S1,Forza lavoro propria,Condizioni di lavoro,"Libertà di associazione, esistenza di comitati aziendali e diritti di informazione, consultazione e partecipazione dei lavoratori",3e901799-1124-11ef-a251-01aa75ed71a1,https://op.europa.eu/o/opportal-service/download-handler?identifier=3e901799-1124-11ef-a251-01aa75ed71a1&format=fmx4&language=it&productionSystem=cellar&part=
33,S1,it,S1,Forza lavoro propria,Condizioni di lavoro,"Contrattazione collettiva, inclusa la percentuale di lavoratori coperti da contratti collettivi",3e901799-1124-11ef-a251-01aa75ed71a1,https://op.europa.eu/o/opportal-service/download-handler?identifier=3e901799-1124-11ef-a251-01aa75ed71a1&format=fmx4&language=it&productionSystem=cellar&part=
34,S1,it,S1,Forza lavoro propria,Condizioni di lavoro,Equilibrio tra vita professionale e vita privata,3e901799-1124-11ef-a251-01aa75ed71a1,https://op.europa.eu/o/opportal-service/download-handler?identifier=3e901799-1124-11ef-a251-01aa75ed71a1&format=fmx4&language=it&productionSystem=cellar&part=
35,S1,it,S1,Forza lavoro propria,Condizioni di lavoro,Salute e sicurezza,3e901799-1124-11ef-a251-01aa75ed71a1,https://op.europa.eu/o/opportal-service/download-handler?identifier=3e901799-1124-11ef-a251-01aa75ed71a1&format=fmx4&language=it&productionSystem=cellar&part=
36,S1,it,S1,Forza lavoro propria,Parità di trattamento e di opportunità per tutti,Parità di genere e parità di retribuzione per un lavoro di pari valore,3e901799-1124-11ef-a251-01aa75ed71a1,https://op.europa.eu/o/opportal-service/download-handler?identifier=3e901799-1124-11ef-a251-01aa75ed71a1&format=fmx4&language=it&productionSystem=cellar&part=
37,S1,it,S1,Forza lavoro propria,Parità di trattamento e di opportunità per tutti,Formazione e sviluppo delle competenze,3e901799-1124-11ef-a251-01aa75ed71a1,https://op.europa.eu/o/opportal-service/download-handler?identifier=3e901799-1124-11ef-a251-01aa75ed71a1&format=fmx4&language=it&productionSystem=cellar&part=
38,S1,it,S1,Forza lavoro propria,Parità di trattamento e di opportunità per tutti,Occupazione e inclusione delle persone con disabilità,3e901799-1124-11ef-a251-01aa75ed71a1,https://op.europa.eu/o/opportal-service/download-handler?identifier=3e901799-1124-11ef-a251-01aa75ed71a1&format=fmx4&language=it&productionSystem=cellar&part=
39,S1,it,S1,Forza lavoro propria,Parità di trattamento e di opportunità per tutti,Misure contro la violenza e le molestie sul luogo di lavoro,3e901799-1124-11ef-a251-01aa75ed71a1,https://op.europa.eu/o/opportal-service/download-handler?identifier=3e901799-1124-11ef-a251-01aa75ed71a1&format=fmx4&language=it&productionSystem=cellar&part=
40,S1,it,S1,Forza lavoro propria,Parità di trattamento e di opportunità per tutti,Diversità,3e901799-1124-11ef-a251-01aa75ed71a1,https://op.europa.eu/o/opportal-service/download-handler?identifier=3e901799-1124-11ef-a251-01aa75ed71a1&format=fmx4&language=it&productionSystem=cellar&part=
41,S1,it,S1,Forza lavoro propria,Altri diritti connessi al lavoro,Lavoro minorile,3e901799-1124-11ef-a251-01aa75ed71a1,https://op.europa.eu/o/opportal-service/download-handler?identifier=3e901799-1124-11ef-a251-01aa75ed71a1&format=fmx4&language=it&productionSystem=cellar&part=
42,S1,it,S1,Forza lavoro propria,Altri diritti connessi al lavoro,Lavoro forzato,3e901799-1124-11ef-a251-01aa75ed71a1,https://op.europa.eu/o/opportal-service/download-handler?identifier=3e901799-1124-11ef-a251-01aa75ed71a1&format=fmx4&language=it&productionSystem=cellar&part=
43,S1,it,S1,Forza lavoro propria,Altri diritti connessi al lavoro,Alloggi adeguati,3e901799-1124-11ef-a251-01aa75ed71a1,https://op.europa.eu/o/opportal-service/download-handler?identifier=3e901799-1124-11ef-a251-01aa75ed71a1&format=fmx4&language=it&productionSystem=cellar&part=
44,S1,it,S1,Forza lavoro propria,Altri diritti connessi al lavoro,Riservatezza,3e901799-1124-11ef-a251-01aa75ed71a1,https://op.europa.eu/o/opportal-service/download-handler?identifier=3e901799-1124-11ef-a251-01aa75ed71a1&format=fmx4&language=it&productionSystem=cellar&part=
45,S2,it,S2,Lavoratori nella catena del valore,Condizioni di lavoro,Occupazione sicura,3e901799-1124-11ef-a251-01aa75ed71a1,https://op.europa.eu/o/opportal-service/download-handler?identifier=3e901799-1124-11ef-a251-01aa75ed71a1&format=fmx4&language=it&productionSystem=cellar&part=
46,S2,it,S2,Lavoratori nella catena del valore,Condizioni di lavoro,Orario di lavoro,3e901799-1124-11ef-a251-01aa75ed71a1,https://op.europa.eu/o/opportal-service/download-handler?identifier=3e901799-1124-11ef-a251-01aa75ed71a1&format=fmx4&language=it&productionSystem=cellar&part=
47,S2,it,S2,Lavoratori nella catena del valore,Condizioni di lavoro,Salari adeguati,3e901799-1124-11ef-a251-01aa75ed71a1,https://op.europa.eu/o/opportal-service/download-handler?identifier=3e901799-1124-11ef-a251-01aa75ed71a1&format=fmx4&language=it&productionSystem=cellar&part=
48,S2,it,S2,Lavoratori nella catena del valore,Condizioni di lavoro,Dialogo sociale,3e901799-1124-11ef-a251-01aa75ed71a1,https://op.europa.eu/o/opportal-service/download-handler?identifier=3e901799-1124-11ef-a251-01aa75ed71a1&format=fmx4&language=it&productionSystem=cellar&part=
49,S2,it,S2,Lavoratori nella catena del valore,Condizioni di lavoro,"Libertà di associazione, compresa l'esistenza di comitati aziendali",3e901799-1124-11ef-a251-01aa75ed71a1,https://op.europa.eu/o/opportal-service/download-handler?identifier=3e901799-1124-11ef-a251-01aa75ed71a1&format=fmx4&language=it&productionSystem=cellar&part=
50,S2,it,S2,Lavoratori nella catena del valore,Condizioni di lavoro,Contrattazione collettiva,3e901799-1124-11ef-a251-01aa75ed71a1,https://op.europa.eu/o/opportal-service/download-handler?identifier=3e901799-1124-11ef-a251-01aa75ed71a1&format=fmx4&language=it&productionSystem=cellar&part=
51,S2,it,S2,Lavoratori nella catena del valore,Condizioni di lavoro,Equilibrio tra vita professionale e vita privata,3e901799-1124-11ef-a251-01aa75ed71a1,https://op.europa.eu/o/opportal-service/download-handler?identifier=3e901799-1124-11ef-a251-01aa75ed71a1&format=fmx4&language=it&productionSystem=cellar&part=
52,S2,it,S2,Lavoratori nella catena del valore,Condizioni di lavoro,Salute e sicurezza,3e901799-1124-11ef-a251-01aa75ed71a1,https://op.europa.eu/o/opportal-service/download-handler?identifier=3e901799-1124-11ef-a251-01aa75ed71a1&format=fmx4&language=it&productionSystem=cellar&part=
53,S2,it,S2,Lavoratori nella catena del valore,Parità di trattamento e di opportunità per tutti,Parità di genere e parità di retribuzione per un lavoro di pari valore,3e901799-1124-11ef-a251-01aa75ed71a1,https://op.europa.eu/o/opportal-service/download-handler?identifier=3e901799-1124-11ef-a251-01aa75ed71a1&format=fmx4&language=it&productionSystem=cellar&part=
54,S2,it,S2,Lavoratori nella catena del valore,Parità di trattamento e di opportunità per tutti,Formazione e sviluppo delle competenze,3e901799-1124-11ef-a251-01aa75ed71a1,https://op.europa.eu/o/opportal-service/download-handler?identifier=3e901799-1124-11ef-a251-01aa75ed71a1&format=fmx4&language=it&productionSystem=cellar&part=
55,S2,it,S2,Lavoratori nella catena del valore,Parità di trattamento e di opportunità per tutti,Occupazione e inclusione delle persone con disabilità,3e901799-1124-11ef-a251-01aa75ed71a1,https://op.europa.eu/o/opportal-service/download-handler?identifier=3e901799-1124-11ef-a251-01aa75ed71a1&format=fmx4&language=it&productionSystem=cellar&part=
56,S2,it,S2,Lavoratori nella catena del valore,Parità di trattamento e di opportunità per tutti,Misure contro la violenza e le molestie sul luogo di lavoro,3e901799-1124-11ef-a251-01aa75ed71a1,https://op.europa.eu/o/opportal-service/download-handler?identifier=3e901799-1124-11ef-a251-01aa75ed71a1&format=fmx4&language=it&productionSystem=cellar&part=
57,S2,it,S2,Lavoratori nella catena del valore,Parità di trattamento e di opportunità per tutti,Diversità,3e901799-1124-11ef-a251-01aa75ed71a1,https://op.europa.eu/o/opportal-service/download-handler?identifier=3e901799-1124-11ef-a251-01aa75ed71a1&format=fmx4&language=it&productionSystem=cellar&part=
58,S2,it,S2,Lavoratori nella catena del valore,Altri diritti connessi al lavoro,Lavoro minorile,3e901799-1124-11ef-a251-01aa75ed71a1,https://op.europa.eu/o/opportal-service/download-handler?identifier=3e901799-1124-11ef-a251-01aa75ed71a1&format=fmx4&language=it&productionSystem=cellar&part=
59,S2,it,S2,Lavoratori nella catena del valore,Altri diritti connessi al lavoro,Lavoro forzato,3e901799-1124-11ef-a251-01aa75ed71a1,https://op.europa.eu/o/opportal-service/download-handler?identifier=3e901799-1124-11ef-a251-01aa75ed71a1&format=fmx4&language=it&productionSystem=cellar&part=
60,S2,it,S2,Lavoratori nella catena del valore,Altri diritti connessi al lavoro,Alloggi adeguati,3e901799-1124-11ef-a251-01aa75ed71a1,https://op.europa.eu/o/opportal-service/download-handler?identifier=3e901799-1124-11ef-a251-01aa75ed71a1&format=fmx4&language=it&productionSystem=cellar&part=
61,S2,it,S2,Lavoratori nella catena del valore,Altri diritti connessi al lavoro,Acqua e servizi igienico-sanitari,3e901799-1124-11ef-a251-01aa75ed71a1,https://op.europa.eu/o/opportal-service/download-handler?identifier=3e901799-1124-11ef-a251-01aa75ed71a1&format=fmx4&language=it&productionSystem=cellar&part=
62,S2,it,S2,Lavoratori nella catena del valore,Altri diritti connessi al lavoro,Riservatezza,3e901799-1124-11ef-a251-01aa75ed71a1,https://op.europa.eu/o/opportal-service/download-handler?identifier=3e901799-1124-11ef-a251-01aa75ed71a1&format=fmx4&language=it&productionSystem=cellar&part=
63,S3,it,S3,Comunità interessate,"Diritti economici, sociali e culturali delle comunità",Alloggi adeguati,3e901799-1124-11ef-a251-01aa75ed71a1,https://op.europa.eu/o/opportal-service/download-handler?identifier=3e901799-1124-11ef-a251-01aa75ed71a1&format=fmx4&language=it&productionSystem=cellar&part=
64,S3,it,S3,Comunità interessate,"Diritti economici, sociali e culturali delle comunità",Alimentazione adeguata,3e901799-1124-11ef-a251-01aa75ed71a1,https://op.europa.eu/o/opportal-service/download-handler?identifier=3e901799-1124-11ef-a251-01aa75ed71a1&format=fmx4&language=it&productionSystem=cellar&part=
65,S3,it,S3,Comunità interessate,"Diritti economici, sociali e culturali delle comunità",Acqua e servizi igienico-sanitari,3e901799-1124-11ef-a251-01aa75ed71a1,https://op.europa.eu/o/opportal-service/download-handler?identifier=3e901799-1124-11ef-a251-01aa75ed71a1&format=fmx4&language=it&productionSystem=cellar&part=
66,S3,it,S3,Comunità interessate,"Diritti economici, sociali e culturali delle comunità",Impatti legati al territorio,3e901799-1124-11ef-a251-01aa75ed71a1,https://op.europa.eu/o/opportal-service/download-handler?identifier=3e901799-1124-11ef-a251-01aa75ed71a1&format=fmx4&language=it&productionSystem=cellar&part=
67,S3,it,S3,Comunità interessate,"Diritti economici, sociali e culturali delle comunità",Impatti legati alla sicurezza,3e901799-1124-11ef-a251-01aa75ed71a1,https://op.europa.eu/o/opportal-service/download-handler?identifier=3e901799-1124-11ef-a251-01aa75ed71a1&format=fmx4&language=it&productionSystem=cellar&part=
68,S3,it,S3,Comunità interessate,Diritti civili e politici delle comunità,Libertà di espressione,3e901799-1124-11ef-a251-01aa75ed71a1,https://op.europa.eu/o/opportal-service/download-handler?identifier=3e901799-1124-11ef-a251-01aa75ed71a1&format=fmx4&language=it&productionSystem=cellar&part=
69,S3,it,S3,Comunità interessate,Diritti civili e politici delle comunità,Libertà di associazione,3e901799-1124-11ef-a251-01aa75ed71a1,https://op.europa.eu/o/opportal-service/download-handler?identifier=3e901799-1124-11ef-a251-01aa75ed71a1&format=fmx4&language=it&productionSystem=cellar&part=
70,S3,it,S3,Comunità interessate,Diritti civili e politici delle comunità,Impatti sui difensori dei diritti umani,3e901799-1124-11ef-a251-01aa75ed71a1,https://op.europa.eu/o/opportal-service/download-handler?identifier=3e901799-1124-11ef-a251-01aa75ed71a1&format=fmx4&language=it&productionSystem=cellar&part=
71,S3,it,S3,Comunità interessate,Diritti dei popoli indigeni,"Consenso libero, previo e informato",3e901799-1124-11ef-a251-01aa75ed71a1,https://op.europa.eu/o/opportal-service/download-handler?identifier=3e901799-1124-11ef-a251-01aa75ed71a1&format=fmx4&language=it&productionSystem=cellar&part=
72,S3,it,S3,Comunità interessate,Diritti dei popoli indigeni,Autodeterminazione,3e901799-1124-11ef-a251-01aa75ed71a1,https://op.europa.eu/o/opportal-service/download-handler?identifier=3e901799-1124-11ef-a251-01aa75ed71a1&format=fmx4&language=it&productionSystem=cellar&part=
73,S3,it,S3,Comunità interessate,Diritti dei popoli indigeni,Diritti culturali,3e901799-1124-11ef-a251-01aa75ed71a1,https://op.europa.eu/o/opportal-service/download-handler?identifier=3e901799-1124-11ef-a251-01aa75ed71a1&format=fmx4&language=it&productionSystem=cellar&part=
74,S4,it,S4,Consumatori e utilizzatori finali,Impatti legati alle informazioni per i consumatori e/o per gli utilizzatori finali,Riservatezza,3e901799-1124-11ef-a251-01aa75ed71a1,https://op.europa.eu/o/opportal-service/download-handler?identifier=3e901799-1124-11ef-a251-01aa75ed71a1&format=fmx4&language=it&productionSystem=cellar&part=
75,S4,it,S4,Consumatori e utilizzatori finali,Impatti legati alle informazioni per i consumatori e/o per gli utilizzatori finali,Libertà di espressione,3e901799-1124-11ef-a251-01aa75ed71a1,https://op.europa.eu/o/opportal-service/download-handler?identifier=3e901799-1124-11ef-a251-01aa75ed71a1&format=fmx4&language=it&productionSystem=cellar&part=
76,S4,it,S4,Consumatori e utilizzatori finali,Impatti legati alle informazioni per i consumatori e/o per gli utilizzatori finali,Accesso a informazioni (di qualità),3e901799-1124-11ef-a251-01aa75ed71a1,https://op.europa.eu/o/opportal-service/download-handler?identifier=3e901799-1124-11ef-a251-01aa75ed71a1&format=fmx4&language=it&productionSystem=cellar&part=
77,S4,it,S4,Consumatori e utilizzatori finali,Sicurezza personale dei consumatori e/o degli utilizzatori finali,Salute e sicurezza,3e901799-1124-11ef-a251-01aa75ed71a1,https://op.europa.eu/o/opportal-service/download-handler?identifier=3e901799-1124-11ef-a251-01aa75ed71a1&format=fmx4&language=it&productionSystem=cellar&part=
78,S4,it,S4,Consumatori e utilizzatori finali,Sicurezza personale dei consumatori e/o degli utilizzatori finali,Sicurezza della persona,3e901799-1124-11ef-a251-01aa75ed71a1,https://op.europa.eu/o/opportal-service/download-handler?identifier=3e901799-1124-11ef-a251-01aa75ed71a1&format=fmx4&language=it&productionSystem=cellar&part=
79,S4,it,S4,Consumatori e utilizzatori finali,Sicurezza personale dei consumatori e/o degli utilizzatori finali,Protezione dei bambini,3e901799-1124-11ef-a251-01aa75ed71a1,https://op.europa.eu/o/opportal-service/download-handler?identifier=3e901799-1124-11ef-a251-01aa75ed71a1&format=fmx4&language=it&productionSystem=cellar&part=
80,S4,it,S4,Consumatori e utilizzatori finali,Inclusione sociale dei consumatori e/o degli utilizzatori finali,Non discriminazione,3e901799-1124-11ef-a251-01aa75ed71a1,https://op.europa.eu/o/opportal-service/download-handler?identifier=3e901799-1124-11ef-a251-01aa75ed71a1&format=fmx4&language=it&productionSystem=cellar&part=
81,S4,it,S4,Consumatori e utilizzatori finali,Inclusione sociale dei consumatori e/o degli utilizzatori finali,Accesso a prodotti e servizi,3e901799-1124-11ef-a251-01aa75ed71a1,https://op.europa.eu/o/opportal-service/download-handler?identifier=3e901799-1124-11ef-a251-01aa75ed71a1&format=fmx4&language=it&productionSystem=cellar&part=
82,S4,it,S4,Consumatori e utilizzatori finali,Inclusione sociale dei consumatori e/o degli utilizzatori finali,Pratiche commerciali responsabili,3e901799-1124-11ef-a251-01aa75ed71a1,https://op.europa.eu/o/opportal-service/download-handler?identifier=3e901799-1124-11ef-a251-01aa75ed71a1&format=fmx4&language=it&productionSystem=cellar&part=
83,G1,it,G1,Condotta delle imprese,Cultura d'impresa,,3e901799-1124-11ef-a251-01aa75ed71a1,https://op.europa.eu/o/opportal-service/download-handler?identifier=3e901799-1124-11ef-a251-01aa75ed71a1&format=fmx4&language=it&productionSystem=cellar&part=
84,G1,it,G1,Condotta delle imprese,Protezione degli informatori,,3e901799-1124-11ef-a251-01aa75ed71a1,https://op.europa.eu/o/opportal-service/download-handler?identifier=3e901799-1124-11ef-a251-01aa75ed71a1&format=fmx4&language=it&productionSystem=cellar&part=
85,G1,it,G1,Condotta delle imprese,Benessere degli animali,,3e901799-1124-11ef-a251-01aa75ed71a1,https://op.europa.eu/o/opportal-service/download-handler?identifier=3e901799-1124-11ef-a251-01aa75ed71a1&format=fmx4&language=it&productionSystem=cellar&part=
86,G1,it,G1,Condotta delle imprese,Impegno politico e attività di lobbying,,3e901799-1124-11ef-a251-01aa75ed71a1,https://op.europa.eu/o/opportal-service/download-handler?identifier=3e901799-1124-11ef-a251-01aa75ed71a1&format=fmx4&language=it&productionSystem=cellar&part=
87,G1,it,G1,Condotta delle imprese,"Gestione dei rapporti con i fornitori, comprese le prassi di pagamento",,3e901799-1124-11ef-a251-01aa75ed71a1,https://op.europa.eu/o/opportal-service/download-handler?identifier=3e901799-1124-11ef-a251-01aa75ed71a1&format=fmx4&language=it&productionSystem=cellar&part=
88,G1,it,G1,Condotta delle imprese,Corruzione attiva e passiva,Prevenzione e individuazione compresa la formazione,3e901799-1124-11ef-a251-01aa75ed71a1,https://op.europa.eu/o/opportal-service/download-handler?identifier=3e901799-1124-11ef-a251-01aa75ed71a1&format=fmx4&language=it&productionSystem=cellar&part=
89,G1,it,G1,Condotta delle imprese,Corruzione attiva e passiva,Incidenti,3e901799-1124-11ef-a251-01aa75ed71a1,https://op.europa.eu/o/opportal-service/download-handler?identifier=3e901799-1124-11ef-a251-01aa75ed71a1&format=fmx4&language=it&productionSystem=cellar&part=
1,E1,lt,E1,Klimato kaita,Prisitaikymas prie klimato kaitos,,3e901799-1124-11ef-a251-01aa75ed71a1,https://op.europa.eu/o/opportal-service/download-handler?identifier=3e901799-1124-11ef-a251-01aa75ed71a1&format=fmx4&language=lt&productionSystem=cellar&part=
2,E1,lt,E1,Klimato kaita,Klimato kaitos švelninimas,,3e901799-1124-11ef-a251-01aa75ed71a1,https://op.europa.eu/o/opportal-service/download-handler?identifier=3e901799-1124-11ef-a251-01aa75ed71a1&format=fmx4&language=lt&productionSystem=cellar&part=
3,E1,lt,E1,Klimato kaita,Energetika,,3e901799-1124-11ef-a251-01aa75ed71a1,https://op.europa.eu/o/opportal-service/download-handler?identifier=3e901799-1124-11ef-a251-01aa75ed71a1&format=fmx4&language=lt&productionSystem=cellar&part=
4,E2,lt,E2,Tarša,Oro tarša,,3e901799-1124-11ef-a251-01aa75ed71a1,https://op.europa.eu/o/opportal-service/download-handler?identifier=3e901799-1124-11ef-a251-01aa75ed71a1&format=fmx4&language=lt&productionSystem=cellar&part=
5,E2,lt,E2,Tarša,Vandens tarša,,3e901799-1124-11ef-a251-01aa75ed71a1,https://op.europa.eu/o/opportal-service/download-handler?identifier=3e901799-1124-11ef-a251-01aa75ed71a1&format=fmx4&language=lt&productionSystem=cellar&part=
6,E2,lt,E2,Tarša,Dirvožemio tarša,,3e901799-1124-11ef-a251-01aa75ed71a1,https://op.europa.eu/o/opportal-service/download-handler?identifier=3e901799-1124-11ef-a251-01aa75ed71a1&format=fmx4&language=lt&productionSystem=cellar&part=
7,E2,lt,E2,Tarša,Gyvų organizmų ir maisto išteklių tarša,,3e901799-1124-11ef-a251-01aa75ed71a1,https://op.europa.eu/o/opportal-service/download-handler?identifier=3e901799-1124-11ef-a251-01aa75ed71a1&format=fmx4&language=lt&productionSystem=cellar&part=
8,E2,lt,E2,Tarša,Susirūpinimą keliančios medžiagos,,3e901799-1124-11ef-a251-01aa75ed71a1,https://op.europa.eu/o/opportal-service/download-handler?identifier=3e901799-1124-11ef-a251-01aa75ed71a1&format=fmx4&language=lt&productionSystem=cellar&part=
9,E2,lt,E2,Tarša,Labai didelį susirūpinimą keliančios medžiagos,,3e901799-1124-11ef-a251-01aa75ed71a1,https://op.europa.eu/o/opportal-service/download-handler?identifier=3e901799-1124-11ef-a251-01aa75ed71a1&format=fmx4&language=lt&productionSystem=cellar&part=
10,E2,lt,E2,Tarša,Mikroplastikas,,3e901799-1124-11ef-a251-01aa75ed71a1,https://op.europa.eu/o/opportal-service/download-handler?identifier=3e901799-1124-11ef-a251-01aa75ed71a1&format=fmx4&language=lt&productionSystem=cellar&part=
11,E3,lt,E3,Vandens ir jūrų ištekliai,Vandens ištekliai,Vandens suvartojimas,3e901799-1124-11ef-a251-01aa75ed71a1,https://op.europa.eu/o/opportal-service/download-handler?identifier=3e901799-1124-11ef-a251-01aa75ed71a1&format=fmx4&language=lt&productionSystem=cellar&part=
12,E3,lt,E3,Vandens ir jūrų ištekliai,Vandens ištekliai,Vandens ėmimas,3e901799-1124-11ef-a251-01aa75ed71a1,https://op.europa.eu/o/opportal-service/download-handler?identifier=3e901799-1124-11ef-a251-01aa75ed71a1&format=fmx4&language=lt&productionSystem=cellar&part=
13,E3,lt,E3,Vandens ir jūrų ištekliai,Vandens ištekliai,Vandens išleidimas,3e901799-1124-11ef-a251-01aa75ed71a1,https://op.europa.eu/o/opportal-service/download-handler?identifier=3e901799-1124-11ef-a251-01aa75ed71a1&format=fmx4&language=lt&productionSystem=cellar&part=
14,E3,lt,E3,Vandens ir jūrų ištekliai,Vandens ištekliai,Vandens išleidimas į vandenynus,3e901799-1124-11ef-a251-01aa75ed71a1,https://op.europa.eu/o/opportal-service/download-handler?identifier=3e901799-1124-11ef-a251-01aa75ed71a1&format=fmx4&language=lt&productionSystem=cellar&part=
15,E3,lt,E3,Vandens ir jūrų ištekliai,Jūrų ištekliai,Jūrų išteklių išgavimas ir naudojimas,3e901799-1124-11ef-a251-01aa75ed71a1,https://op.europa.eu/o/opportal-service/download-handler?identifier=3e901799-1124-11ef-a251-01aa75ed71a1&format=fmx4&language=lt&productionSystem=cellar&part=
16,E4,lt,E4,Biologinė įvairovė ir ekosistemos,Tiesioginiai poveikio biologinės įvairovės nykimui veiksniai,Klimato kaita,3e901799-1124-11ef-a251-01aa75ed71a1,https://op.europa.eu/o/opportal-service/download-handler?identifier=3e901799-1124-11ef-a251-01aa75ed71a1&format=fmx4&language=lt&productionSystem=cellar&part=
17,E4,lt,E4,Biologinė įvairovė ir ekosistemos,Tiesioginiai poveikio biologinės įvairovės nykimui veiksniai,"Žemės naudojimo pokyčiai, gėlo vandens naudojimo pokyčiai ir jūrų naudojimo pokyčiai",3e901799-1124-11ef-a251-01aa75ed71a1,https://op.europa.eu/o/opportal-service/download-handler?identifier=3e901799-1124-11ef-a251-01aa75ed71a1&format=fmx4&language=lt&productionSystem=cellar&part=
18,E4,lt,E4,Biologinė įvairovė ir ekosistemos,Tiesioginiai poveikio biologinės įvairovės nykimui veiksniai,Tiesioginis naudojimas,3e901799-1124-11ef-a251-01aa75ed71a1,https://op.europa.eu/o/opportal-service/download-handler?identifier=3e901799-1124-11ef-a251-01aa75ed71a1&format=fmx4&language=lt&productionSystem=cellar&part=
19,E4,lt,E4,Biologinė įvairovė ir ekosistemos,Tiesioginiai poveikio biologinės įvairovės nykimui veiksniai,Invazinės svetimos rūšys,3e901799-1124-11ef-a251-01aa75ed71a1,https://op.europa.eu/o/opportal-service/download-handler?identifier=3e901799-1124-11ef-a251-01aa75ed71a1&format=fmx4&language=lt&productionSystem=cellar&part=
20,E4,lt,E4,Biologinė įvairovė ir ekosistemos,Tiesioginiai poveikio biologinės įvairovės nykimui veiksniai,Tarša,3e901799-1124-11ef-a251-01aa75ed71a1,https://op.europa.eu/o/opportal-service/download-handler?identifier=3e901799-1124-11ef-a251-01aa75ed71a1&format=fmx4&language=lt&productionSystem=cellar&part=
21,E4,lt,E4,Biologinė įvairovė ir ekosistemos,Tiesioginiai poveikio biologinės įvairovės nykimui veiksniai,Kita,3e901799-1124-11ef-a251-01aa75ed71a1,https://op.europa.eu/o/opportal-service/download-handler?identifier=3e901799-1124-11ef-a251-01aa75ed71a1&format=fmx4&language=lt&productionSystem=cellar&part=
22,E4,lt,E4,Biologinė įvairovė ir ekosistemos,Poveikis rūšių būklei,,3e901799-1124-11ef-a251-01aa75ed71a1,https://op.europa.eu/o/opportal-service/download-handler?identifier=3e901799-1124-11ef-a251-01aa75ed71a1&format=fmx4&language=lt&productionSystem=cellar&part=
23,E4,lt,E4,Biologinė įvairovė ir ekosistemos,Poveikis ekosistemų mastui ir būklei,,3e901799-1124-11ef-a251-01aa75ed71a1,https://op.europa.eu/o/opportal-service/download-handler?identifier=3e901799-1124-11ef-a251-01aa75ed71a1&format=fmx4&language=lt&productionSystem=cellar&part=
24,E4,lt,E4,Biologinė įvairovė ir ekosistemos,Poveikis ekosisteminėms paslaugoms ir priklausomybė nuo jų,,3e901799-1124-11ef-a251-01aa75ed71a1,https://op.europa.eu/o/opportal-service/download-handler?identifier=3e901799-1124-11ef-a251-01aa75ed71a1&format=fmx4&language=lt&productionSystem=cellar&part=
25,E5,lt,E5,Žiedinė ekonomika,"Išteklių įvediniai, įskaitant išteklių naudojimą",,3e901799-1124-11ef-a251-01aa75ed71a1,https://op.europa.eu/o/opportal-service/download-handler?identifier=3e901799-1124-11ef-a251-01aa75ed71a1&format=fmx4&language=lt&productionSystem=cellar&part=
26,E5,lt,E5,Žiedinė ekonomika,Su produktais ir paslaugomis susiję išteklių išvediniai,,3e901799-1124-11ef-a251-01aa75ed71a1,https://op.europa.eu/o/opportal-service/download-handler?identifier=3e901799-1124-11ef-a251-01aa75ed71a1&format=fmx4&language=lt&productionSystem=cellar&part=
27,E5,lt,E5,Žiedinė ekonomika,Atliekos,,3e901799-1124-11ef-a251-01aa75ed71a1,https://op.europa.eu/o/opportal-service/download-handler?identifier=3e901799-1124-11ef-a251-01aa75ed71a1&format=fmx4&language=lt&productionSystem=cellar&part=
28,S1,lt,S1,Sava darbo jėga,Darbo sąlygos,Užtikrintas užimtumas,3e901799-1124-11ef-a251-01aa75ed71a1,https://op.europa.eu/o/opportal-service/download-handler?identifier=3e901799-1124-11ef-a251-01aa75ed71a1&format=fmx4&language=lt&productionSystem=cellar&part=
29,S1,lt,S1,Sava darbo jėga,Darbo sąlygos,Darbo laikas,3e901799-1124-11ef-a251-01aa75ed71a1,https://op.europa.eu/o/opportal-service/download-handler?identifier=3e901799-1124-11ef-a251-01aa75ed71a1&format=fmx4&language=lt&productionSystem=cellar&part=
30,S1,lt,S1,Sava darbo jėga,Darbo sąlygos,Deramas darbo užmokestis,3e901799-1124-11ef-a251-01aa75ed71a1,https://op.europa.eu/o/opportal-service/download-handler?identifier=3e901799-1124-11ef-a251-01aa75ed71a1&format=fmx4&language=lt&productionSystem=cellar&part=
31,S1,lt,S1,Sava darbo jėga,Darbo sąlygos,Socialinis dialogas,3e901799-1124-11ef-a251-01aa75ed71a1,https://op.europa.eu/o/opportal-service/download-handler?identifier=3e901799-1124-11ef-a251-01aa75ed71a1&format=fmx4&language=lt&productionSystem=cellar&part=
32,S1,lt,S1,Sava darbo jėga,Darbo sąlygos,"Asociacijų laisvė, esamos darbo tarybos ir darbuotojų informavimo, konsultavimosi su jais ir jų dalyvavimo teisės",3e901799-1124-11ef-a251-01aa75ed71a1,https://op.europa.eu/o/opportal-service/download-handler?identifier=3e901799-1124-11ef-a251-01aa75ed71a1&format=fmx4&language=lt&productionSystem=cellar&part=
33,S1,lt,S1,Sava darbo jėga,Darbo sąlygos,"Kolektyvinės derybos, įskaitant darbuotojų, kuriems taikomos kolektyvinės sutartys, dalį",3e901799-1124-11ef-a251-01aa75ed71a1,https://op.europa.eu/o/opportal-service/download-handler?identifier=3e901799-1124-11ef-a251-01aa75ed71a1&format=fmx4&language=lt&productionSystem=cellar&part=
34,S1,lt,S1,Sava darbo jėga,Darbo sąlygos,Profesinio ir asmeninio gyvenimo pusiausvyra,3e901799-1124-11ef-a251-01aa75ed71a1,https://op.europa.eu/o/opportal-service/download-handler?identifier=3e901799-1124-11ef-a251-01aa75ed71a1&format=fmx4&language=lt&productionSystem=cellar&part=
35,S1,lt,S1,Sava darbo jėga,Darbo sąlygos,Sveikata ir sauga,3e901799-1124-11ef-a251-01aa75ed71a1,https://op.europa.eu/o/opportal-service/download-handler?identifier=3e901799-1124-11ef-a251-01aa75ed71a1&format=fmx4&language=lt&productionSystem=cellar&part=
36,S1,lt,S1,Sava darbo jėga,Vienodas požiūris ir lygios galimybės visiems,Lyčių lygybė ir vienodas užmokestis už vienodos vertės darbą,3e901799-1124-11ef-a251-01aa75ed71a1,https://op.europa.eu/o/opportal-service/download-handler?identifier=3e901799-1124-11ef-a251-01aa75ed71a1&format=fmx4&language=lt&productionSystem=cellar&part=
37,S1,lt,S1,Sava darbo jėga,Vienodas požiūris ir lygios galimybės visiems,Mokymas ir įgūdžių ugdymas,3e901799-1124-11ef-a251-01aa75ed71a1,https://op.europa.eu/o/opportal-service/download-handler?identifier=3e901799-1124-11ef-a251-01aa75ed71a1&format=fmx4&language=lt&productionSystem=cellar&part=
38,S1,lt,S1,Sava darbo jėga,Vienodas požiūris ir lygios galimybės visiems,Neįgaliųjų užimtumas ir įtrauktis,3e901799-1124-11ef-a251-01aa75ed71a1,https://op.europa.eu/o/opportal-service/download-handler?identifier=3e901799-1124-11ef-a251-01aa75ed71a1&format=fmx4&language=lt&productionSystem=cellar&part=
39,S1,lt,S1,Sava darbo jėga,Vienodas požiūris ir lygios galimybės visiems,Kovos su smurtu ir priekabiavimu darbo vietoje priemonės,3e901799-1124-11ef-a251-01aa75ed71a1,https://op.europa.eu/o/opportal-service/download-handler?identifier=3e901799-1124-11ef-a251-01aa75ed71a1&format=fmx4&language=lt&productionSystem=cellar&part=
40,S1,lt,S1,Sava darbo jėga,Vienodas požiūris ir lygios galimybės visiems,Įvairovė,3e901799-1124-11ef-a251-01aa75ed71a1,https://op.europa.eu/o/opportal-service/download-handler?identifier=3e901799-1124-11ef-a251-01aa75ed71a1&format=fmx4&language=lt&productionSystem=cellar&part=
41,S1,lt,S1,Sava darbo jėga,Kitos su darbu susijusios teisės,Vaikų darbas,3e901799-1124-11ef-a251-01aa75ed71a1,https://op.europa.eu/o/opportal-service/download-handler?identifier=3e901799-1124-11ef-a251-01aa75ed71a1&format=fmx4&language=lt&productionSystem=cellar&part=
42,S1,lt,S1,Sava darbo jėga,Kitos su darbu susijusios teisės,Priverčiamasis darbas,3e901799-1124-11ef-a251-01aa75ed71a1,https://op.europa.eu/o/opportal-service/download-handler?identifier=3e901799-1124-11ef-a251-01aa75ed71a1&format=fmx4&language=lt&productionSystem=cellar&part=
43,S1,lt,S1,Sava darbo jėga,Kitos su darbu susijusios teisės,Tinkamas būstas,3e901799-1124-11ef-a251-01aa75ed71a1,https://op.europa.eu/o/opportal-service/download-handler?identifier=3e901799-1124-11ef-a251-01aa75ed71a1&format=fmx4&language=lt&productionSystem=cellar&part=
44,S1,lt,S1,Sava darbo jėga,Kitos su darbu susijusios teisės,Privatumas,3e901799-1124-11ef-a251-01aa75ed71a1,https://op.europa.eu/o/opportal-service/download-handler?identifier=3e901799-1124-11ef-a251-01aa75ed71a1&format=fmx4&language=lt&productionSystem=cellar&part=
45,S2,lt,S2,Vertės grandinės darbuotojai,Darbo sąlygos,Užtikrintas užimtumas,3e901799-1124-11ef-a251-01aa75ed71a1,https://op.europa.eu/o/opportal-service/download-handler?identifier=3e901799-1124-11ef-a251-01aa75ed71a1&format=fmx4&language=lt&productionSystem=cellar&part=
46,S2,lt,S2,Vertės grandinės darbuotojai,Darbo sąlygos,Darbo laikas,3e901799-1124-11ef-a251-01aa75ed71a1,https://op.europa.eu/o/opportal-service/download-handler?identifier=3e901799-1124-11ef-a251-01aa75ed71a1&format=fmx4&language=lt&productionSystem=cellar&part=
47,S2,lt,S2,Vertės grandinės darbuotojai,Darbo sąlygos,Deramas darbo užmokestis,3e901799-1124-11ef-a251-01aa75ed71a1,https://op.europa.eu/o/opportal-service/download-handler?identifier=3e901799-1124-11ef-a251-01aa75ed71a1&format=fmx4&language=lt&productionSystem=cellar&part=
48,S2,lt,S2,Vertės grandinės darbuotojai,Darbo sąlygos,Socialinis dialogas,3e901799-1124-11ef-a251-01aa75ed71a1,https://op.europa.eu/o/opportal-service/download-handler?identifier=3e901799-1124-11ef-a251-01aa75ed71a1&format=fmx4&language=lt&productionSystem=cellar&part=
49,S2,lt,S2,Vertės grandinės darbuotojai,Darbo sąlygos,"Asociacijų laisvė, įskaitant darbo tarybų buvimą",3e901799-1124-11ef-a251-01aa75ed71a1,https://op.europa.eu/o/opportal-service/download-handler?identifier=3e901799-1124-11ef-a251-01aa75ed71a1&format=fmx4&language=lt&productionSystem=cellar&part=
50,S2,lt,S2,Vertės grandinės darbuotojai,Darbo sąlygos,Kolektyvinės sutartys,3e901799-1124-11ef-a251-01aa75ed71a1,https://op.europa.eu/o/opportal-service/download-handler?identifier=3e901799-1124-11ef-a251-01aa75ed71a1&format=fmx4&language=lt&productionSystem=cellar&part=
51,S2,lt,S2,Vertės grandinės darbuotojai,Darbo sąlygos,Profesinio ir asmeninio gyvenimo pusiausvyra,3e901799-1124-11ef-a251-01aa75ed71a1,https://op.europa.eu/o/opportal-service/download-handler?identifier=3e901799-1124-11ef-a251-01aa75ed71a1&format=fmx4&language=lt&productionSystem=cellar&part=
52,S2,lt,S2,Vertės grandinės darbuotojai,Darbo sąlygos,Sveikata ir sauga,3e901799-1124-11ef-a251-01aa75ed71a1,https://op.europa.eu/o/opportal-service/download-handler?identifier=3e901799-1124-11ef-a251-01aa75ed71a1&format=fmx4&language=lt&productionSystem=cellar&part=
53,S2,lt,S2,Vertės grandinės darbuotojai,Vienodas požiūris ir lygios galimybės visiems,Lyčių lygybė ir vienodas užmokestis už vienodos vertės darbą,3e901799-1124-11ef-a251-01aa75ed71a1,https://op.europa.eu/o/opportal-service/download-handler?identifier=3e901799-1124-11ef-a251-01aa75ed71a1&format=fmx4&language=lt&productionSystem=cellar&part=
54,S2,lt,S2,Vertės grandinės darbuotojai,Vienodas požiūris ir lygios galimybės visiems,Mokymas ir įgūdžių ugdymas,3e901799-1124-11ef-a251-01aa75ed71a1,https://op.europa.eu/o/opportal-service/download-handler?identifier=3e901799-1124-11ef-a251-01aa75ed71a1&format=fmx4&language=lt&productionSystem=cellar&part=
55,S2,lt,S2,Vertės grandinės darbuotojai,Vienodas požiūris ir lygios galimybės visiems,Neįgaliųjų užimtumas ir įtrauktis,3e901799-1124-11ef-a251-01aa75ed71a1,https://op.europa.eu/o/opportal-service/download-handler?identifier=3e901799-1124-11ef-a251-01aa75ed71a1&format=fmx4&language=lt&productionSystem=cellar&part=
56,S2,lt,S2,Vertės grandinės darbuotojai,Vienodas požiūris ir lygios galimybės visiems,Kovos su smurtu ir priekabiavimu darbo vietoje priemonės,3e901799-1124-11ef-a251-01aa75ed71a1,https://op.europa.eu/o/opportal-service/download-handler?identifier=3e901799-1124-11ef-a251-01aa75ed71a1&format=fmx4&language=lt&productionSystem=cellar&part=
57,S2,lt,S2,Vertės grandinės darbuotojai,Vienodas požiūris ir lygios galimybės visiems,Įvairovė,3e901799-1124-11ef-a251-01aa75ed71a1,https://op.europa.eu/o/opportal-service/download-handler?identifier=3e901799-1124-11ef-a251-01aa75ed71a1&format=fmx4&language=lt&productionSystem=cellar&part=
58,S2,lt,S2,Vertės grandinės darbuotojai,Kitos su darbu susijusios teisės,Vaikų darbas,3e901799-1124-11ef-a251-01aa75ed71a1,https://op.europa.eu/o/opportal-service/download-handler?identifier=3e901799-1124-11ef-a251-01aa75ed71a1&format=fmx4&language=lt&productionSystem=cellar&part=
59,S2,lt,S2,Vertės grandinės darbuotojai,Kitos su darbu susijusios teisės,Priverčiamasis darbas,3e901799-1124-11ef-a251-01aa75ed71a1,https://op.europa.eu/o/opportal-service/download-handler?identifier=3e901799-1124-11ef-a251-01aa75ed71a1&format=fmx4&language=lt&productionSystem=cellar&part=
60,S2,lt,S2,Vertės grandinės darbuotojai,Kitos su darbu susijusios teisės,Tinkamas būstas,3e901799-1124-11ef-a251-01aa75ed71a1,https://op.europa.eu/o/opportal-service/download-handler?identifier=3e901799-1124-11ef-a251-01aa75ed71a1&format=fmx4&language=lt&productionSystem=cellar&part=
61,S2,lt,S2,Vertės grandinės darbuotojai,Kitos su darbu susijusios teisės,Vanduo ir sanitarija,3e901799-1124-11ef-a251-01aa75ed71a1,https://op.europa.eu/o/opportal-service/download-handler?identifier=3e901799-1124-11ef-a251-01aa75ed71a1&format=fmx4&language=lt&productionSystem=cellar&part=
62,S2,lt,S2,Vertės grandinės darbuotojai,Kitos su darbu susijusios teisės,Privatumas,3e901799-1124-11ef-a251-01aa75ed71a1,https://op.europa.eu/o/opportal-service/download-handler?identifier=3e901799-1124-11ef-a251-01aa75ed71a1&format=fmx4&language=lt&productionSystem=cellar&part=
63,S3,lt,S3,Paveikiamos bendruomenės,"Bendruomenių ekonominės, socialinės ir kultūrinės teisės",Tinkamas būstas,3e901799-1124-11ef-a251-01aa75ed71a1,https://op.europa.eu/o/opportal-service/download-handler?identifier=3e901799-1124-11ef-a251-01aa75ed71a1&format=fmx4&language=lt&productionSystem=cellar&part=
64,S3,lt,S3,Paveikiamos bendruomenės,"Bendruomenių ekonominės, socialinės ir kultūrinės teisės",Tinkamas maistas,3e901799-1124-11ef-a251-01aa75ed71a1,https://op.europa.eu/o/opportal-service/download-handler?identifier=3e901799-1124-11ef-a251-01aa75ed71a1&format=fmx4&language=lt&productionSystem=cellar&part=
65,S3,lt,S3,Paveikiamos bendruomenės,"Bendruomenių ekonominės, socialinės ir kultūrinės teisės",Vanduo ir sanitarija,3e901799-1124-11ef-a251-01aa75ed71a1,https://op.europa.eu/o/opportal-service/download-handler?identifier=3e901799-1124-11ef-a251-01aa75ed71a1&format=fmx4&language=lt&productionSystem=cellar&part=
66,S3,lt,S3,Paveikiamos bendruomenės,"Bendruomenių ekonominės, socialinės ir kultūrinės teisės",Su žeme susijęs poveikis,3e901799-1124-11ef-a251-01aa75ed71a1,https://op.europa.eu/o/opportal-service/download-handler?identifier=3e901799-1124-11ef-a251-01aa75ed71a1&format=fmx4&language=lt&productionSystem=cellar&part=
67,S3,lt,S3,Paveikiamos bendruomenės,"Bendruomenių ekonominės, socialinės ir kultūrinės teisės",Su saugumu susijęs poveikis,3e901799-1124-11ef-a251-01aa75ed71a1,https://op.europa.eu/o/opportal-service/download-handler?identifier=3e901799-1124-11ef-a251-01aa75ed71a1&format=fmx4&language=lt&productionSystem=cellar&part=
68,S3,lt,S3,Paveikiamos bendruomenės,Bendruomenių pilietinės ir politinės teisės,Saviraiškos laisvė,3e901799-1124-11ef-a251-01aa75ed71a1,https://op.europa.eu/o/opportal-service/download-handler?identifier=3e901799-1124-11ef-a251-01aa75ed71a1&format=fmx4&language=lt&productionSystem=cellar&part=
69,S3,lt,S3,Paveikiamos bendruomenės,Bendruomenių pilietinės ir politinės teisės,Susirinkimų laisvė,3e901799-1124-11ef-a251-01aa75ed71a1,https://op.europa.eu/o/opportal-service/download-handler?identifier=3e901799-1124-11ef-a251-01aa75ed71a1&format=fmx4&language=lt&productionSystem=cellar&part=
70,S3,lt,S3,Paveikiamos bendruomenės,Bendruomenių pilietinės ir politinės teisės,Poveikis žmogaus teisių gynėjams,3e901799-1124-11ef-a251-01aa75ed71a1,https://op.europa.eu/o/opportal-service/download-handler?identifier=3e901799-1124-11ef-a251-01aa75ed71a1&format=fmx4&language=lt&productionSystem=cellar&part=
71,S3,lt,S3,Paveikiamos bendruomenės,Čiabuvių teisės,"Laisvas, išankstinis ir informacija grindžiamas sutikimas",3e901799-1124-11ef-a251-01aa75ed71a1,https://op.europa.eu/o/opportal-service/download-handler?identifier=3e901799-1124-11ef-a251-01aa75ed71a1&format=fmx4&language=lt&productionSystem=cellar&part=
72,S3,lt,S3,Paveikiamos bendruomenės,Čiabuvių teisės,Apsisprendimas,3e901799-1124-11ef-a251-01aa75ed71a1,https://op.europa.eu/o/opportal-service/download-handler?identifier=3e901799-1124-11ef-a251-01aa75ed71a1&format=fmx4&language=lt&productionSystem=cellar&part=
73,S3,lt,S3,Paveikiamos bendruomenės,Čiabuvių teisės,Kultūrinės teisės,3e901799-1124-11ef-a251-01aa75ed71a1,https://op.europa.eu/o/opportal-service/download-handler?identifier=3e901799-1124-11ef-a251-01aa75ed71a1&format=fmx4&language=lt&productionSystem=cellar&part=
74,S4,lt,S4,Vartotojai irgalutiniai naudotojai,Su informacija susijęs poveikis vartotojams ir (arba) galutiniams naudotojams,Privatumas,3e901799-1124-11ef-a251-01aa75ed71a1,https://op.europa.eu/o/opportal-service/download-handler?identifier=3e901799-1124-11ef-a251-01aa75ed71a1&format=fmx4&language=lt&productionSystem=cellar&part=
75,S4,lt,S4,Vartotojai irgalutiniai naudotojai,Su informacija susijęs poveikis vartotojams ir (arba) galutiniams naudotojams,Saviraiškos laisvė,3e901799-1124-11ef-a251-01aa75ed71a1,https://op.europa.eu/o/opportal-service/download-handler?identifier=3e901799-1124-11ef-a251-01aa75ed71a1&format=fmx4&language=lt&productionSystem=cellar&part=
76,S4,lt,S4,Vartotojai irgalutiniai naudotojai,Su informacija susijęs poveikis vartotojams ir (arba) galutiniams naudotojams,Galimybė gauti (kokybišką) informaciją,3e901799-1124-11ef-a251-01aa75ed71a1,https://op.europa.eu/o/opportal-service/download-handler?identifier=3e901799-1124-11ef-a251-01aa75ed71a1&format=fmx4&language=lt&productionSystem=cellar&part=
77,S4,lt,S4,Vartotojai irgalutiniai naudotojai,Vartotojų ir (arba) galutinių naudotojų asmeninė sauga,Sveikata ir sauga,3e901799-1124-11ef-a251-01aa75ed71a1,https://op.europa.eu/o/opportal-service/download-handler?identifier=3e901799-1124-11ef-a251-01aa75ed71a1&format=fmx4&language=lt&productionSystem=cellar&part=
78,S4,lt,S4,Vartotojai irgalutiniai naudotojai,Vartotojų ir (arba) galutinių naudotojų asmeninė sauga,Asmens saugumas,3e901799-1124-11ef-a251-01aa75ed71a1,https://op.europa.eu/o/opportal-service/download-handler?identifier=3e901799-1124-11ef-a251-01aa75ed71a1&format=fmx4&language=lt&productionSystem=cellar&part=
79,S4,lt,S4,Vartotojai irgalutiniai naudotojai,Vartotojų ir (arba) galutinių naudotojų asmeninė sauga,Vaikų apsauga,3e901799-1124-11ef-a251-01aa75ed71a1,https://op.europa.eu/o/opportal-service/download-handler?identifier=3e901799-1124-11ef-a251-01aa75ed71a1&format=fmx4&language=lt&productionSystem=cellar&part=
80,S4,lt,S4,Vartotojai irgalutiniai naudotojai,Vartotojų ir (arba) galutinių naudotojų socialinė įtrauktis,Nediskriminavimas,3e901799-1124-11ef-a251-01aa75ed71a1,https://op.europa.eu/o/opportal-service/download-handler?identifier=3e901799-1124-11ef-a251-01aa75ed71a1&format=fmx4&language=lt&productionSystem=cellar&part=
81,S4,lt,S4,Vartotojai irgalutiniai naudotojai,Vartotojų ir (arba) galutinių naudotojų socialinė įtrauktis,Prieiga prie produktų ir paslaugų,3e901799-1124-11ef-a251-01aa75ed71a1,https://op.europa.eu/o/opportal-service/download-handler?identifier=3e901799-1124-11ef-a251-01aa75ed71a1&format=fmx4&language=lt&productionSystem=cellar&part=
82,S4,lt,S4,Vartotojai irgalutiniai naudotojai,Vartotojų ir (arba) galutinių naudotojų socialinė įtrauktis,Atsakinga rinkodara,3e901799-1124-11ef-a251-01aa75ed71a1,https://op.europa.eu/o/opportal-service/download-handler?identifier=3e901799-1124-11ef-a251-01aa75ed71a1&format=fmx4&language=lt&productionSystem=cellar&part=
83,G1,lt,G1,Verslo etika,Įmonės kultūra,,3e901799-1124-11ef-a251-01aa75ed71a1,https://op.europa.eu/o/opportal-service/download-handler?identifier=3e901799-1124-11ef-a251-01aa75ed71a1&format=fmx4&language=lt&productionSystem=cellar&part=
84,G1,lt,G1,Verslo etika,Pranešėjų apsauga,,3e901799-1124-11ef-a251-01aa75ed71a1,https://op.europa.eu/o/opportal-service/download-handler?identifier=3e901799-1124-11ef-a251-01aa75ed71a1&format=fmx4&language=lt&productionSystem=cellar&part=
85,G1,lt,G1,Verslo etika,Gyvūnų gerovė,,3e901799-1124-11ef-a251-01aa75ed71a1,https://op.europa.eu/o/opportal-service/download-handler?identifier=3e901799-1124-11ef-a251-01aa75ed71a1&format=fmx4&language=lt&productionSystem=cellar&part=
86,G1,lt,G1,Verslo etika,Politinis angažavimasis ir lobistinė veikla,,3e901799-1124-11ef-a251-01aa75ed71a1,https://op.europa.eu/o/opportal-service/download-handler?identifier=3e901799-1124-11ef-a251-01aa75ed71a1&format=fmx4&language=lt&productionSystem=cellar&part=
87,G1,lt,G1,Verslo etika,"Santykių su tiekėjais valdymas, įskaitant mokėjimo praktiką",,3e901799-1124-11ef-a251-01aa75ed71a1,https://op.europa.eu/o/opportal-service/download-handler?identifier=3e901799-1124-11ef-a251-01aa75ed71a1&format=fmx4&language=lt&productionSystem=cellar&part=
88,G1,lt,G1,Verslo etika,Korupcija ir kyšininkavimas,"Prevencija ir aptikimas, įskaitant mokymą",3e901799-1124-11ef-a251-01aa75ed71a1,https://op.europa.eu/o/opportal-service/download-handler?identifier=3e901799-1124-11ef-a251-01aa75ed71a1&format=fmx4&language=lt&productionSystem=cellar&part=
89,G1,lt,G1,Verslo etika,Korupcija ir kyšininkavimas,Incidentai,3e901799-1124-11ef-a251-01aa75ed71a1,https://op.europa.eu/o/opportal-service/download-handler?identifier=3e901799-1124-11ef-a251-01aa75ed71a1&format=fmx4&language=lt&productionSystem=cellar&part=
1,E1,lv,E1,Klimata pārmaiņas,Pielāgošanās klimata pārmaiņām,,3e901799-1124-11ef-a251-01aa75ed71a1,https://op.europa.eu/o/opportal-service/download-handler?identifier=3e901799-1124-11ef-a251-01aa75ed71a1&format=fmx4&language=lv&productionSystem=cellar&part=
2,E1,lv,E1,Klimata pārmaiņas,Klimata pārmaiņu mazināšana,,3e901799-1124-11ef-a251-01aa75ed71a1,https://op.europa.eu/o/opportal-service/download-handler?identifier=3e901799-1124-11ef-a251-01aa75ed71a1&format=fmx4&language=lv&productionSystem=cellar&part=
3,E1,lv,E1,Klimata pārmaiņas,Enerģētika,,3e901799-1124-11ef-a251-01aa75ed71a1,https://op.europa.eu/o/opportal-service/download-handler?identifier=3e901799-1124-11ef-a251-01aa75ed71a1&format=fmx4&language=lv&productionSystem=cellar&part=
4,E2,lv,E2,Piesārņojums,Gaisa piesārņojums,,3e901799-1124-11ef-a251-01aa75ed71a1,https://op.europa.eu/o/opportal-service/download-handler?identifier=3e901799-1124-11ef-a251-01aa75ed71a1&format=fmx4&language=lv&productionSystem=cellar&part=
5,E2,lv,E2,Piesārņojums,Ūdeņu piesārņojums,,3e901799-1124-11ef-a251-01aa75ed71a1,https://op.europa.eu/o/opportal-service/download-handler?identifier=3e901799-1124-11ef-a251-01aa75ed71a1&format=fmx4&language=lv&productionSystem=cellar&part=
6,E2,lv,E2,Piesārņojums,Augsnes piesārņojums,,3e901799-1124-11ef-a251-01aa75ed71a1,https://op.europa.eu/o/opportal-service/download-handler?identifier=3e901799-1124-11ef-a251-01aa75ed71a1&format=fmx4&language=lv&productionSystem=cellar&part=
7,E2,lv,E2,Piesārņojums,Dzīvo organismu un pārtikas resursu piesārņojums,,3e901799-1124-11ef-a251-01aa75ed71a1,https://op.europa.eu/o/opportal-service/download-handler?identifier=3e901799-1124-11ef-a251-01aa75ed71a1&format=fmx4&language=lv&productionSystem=cellar&part=
8,E2,lv,E2,Piesārņojums,"Vielas, kas rada bažas",,3e901799-1124-11ef-a251-01aa75ed71a1,https://op.europa.eu/o/opportal-service/download-handler?identifier=3e901799-1124-11ef-a251-01aa75ed71a1&format=fmx4&language=lv&productionSystem=cellar&part=
9,E2,lv,E2,Piesārņojums,"Vielas, kas rada ļoti lielas bažas",,3e901799-1124-11ef-a251-01aa75ed71a1,https://op.europa.eu/o/opportal-service/download-handler?identifier=3e901799-1124-11ef-a251-01aa75ed71a1&format=fmx4&language=lv&productionSystem=cellar&part=
10,E2,lv,E2,Piesārņojums,Mikroplastmasa,,3e901799-1124-11ef-a251-01aa75ed71a1,https://op.europa.eu/o/opportal-service/download-handler?identifier=3e901799-1124-11ef-a251-01aa75ed71a1&format=fmx4&language=lv&productionSystem=cellar&part=
11,E3,lv,E3,Ūdens un jūras resursi,Ūdens,Ūdens patēriņš,3e901799-1124-11ef-a251-01aa75ed71a1,https://op.europa.eu/o/opportal-service/download-handler?identifier=3e901799-1124-11ef-a251-01aa75ed71a1&format=fmx4&language=lv&productionSystem=cellar&part=
12,E3,lv,E3,Ūdens un jūras resursi,Ūdens,Ūdens ņemšana,3e901799-1124-11ef-a251-01aa75ed71a1,https://op.europa.eu/o/opportal-service/download-handler?identifier=3e901799-1124-11ef-a251-01aa75ed71a1&format=fmx4&language=lv&productionSystem=cellar&part=
13,E3,lv,E3,Ūdens un jūras resursi,Ūdens,Ūdens novadīšana,3e901799-1124-11ef-a251-01aa75ed71a1,https://op.europa.eu/o/opportal-service/download-handler?identifier=3e901799-1124-11ef-a251-01aa75ed71a1&format=fmx4&language=lv&productionSystem=cellar&part=
14,E3,lv,E3,Ūdens un jūras resursi,Ūdens,Ūdens novadīšana okeānā,3e901799-1124-11ef-a251-01aa75ed71a1,https://op.europa.eu/o/opportal-service/download-handler?identifier=3e901799-1124-11ef-a251-01aa75ed71a1&format=fmx4&language=lv&productionSystem=cellar&part=
15,E3,lv,E3,Ūdens un jūras resursi,Jūras resursi,Jūras resursu ieguve un izmantojums,3e901799-1124-11ef-a251-01aa75ed71a1,https://op.europa.eu/o/opportal-service/download-handler?identifier=3e901799-1124-11ef-a251-01aa75ed71a1&format=fmx4&language=lv&productionSystem=cellar&part=
16,E4,lv,E4,Biodaudzveidība un ekosistēmas,Tiešie biodaudzveidības izzušanas ietekmes faktori,Klimata pārmaiņas,3e901799-1124-11ef-a251-01aa75ed71a1,https://op.europa.eu/o/opportal-service/download-handler?identifier=3e901799-1124-11ef-a251-01aa75ed71a1&format=fmx4&language=lv&productionSystem=cellar&part=
17,E4,lv,E4,Biodaudzveidība un ekosistēmas,Tiešie biodaudzveidības izzušanas ietekmes faktori,"Zemes izmantojuma maiņa, saldūdens izmantojuma maiņa un jūras izmantojuma maiņa",3e901799-1124-11ef-a251-01aa75ed71a1,https://op.europa.eu/o/opportal-service/download-handler?identifier=3e901799-1124-11ef-a251-01aa75ed71a1&format=fmx4&language=lv&productionSystem=cellar&part=
18,E4,lv,E4,Biodaudzveidība un ekosistēmas,Tiešie biodaudzveidības izzušanas ietekmes faktori,Tieša ekspluatācija,3e901799-1124-11ef-a251-01aa75ed71a1,https://op.europa.eu/o/opportal-service/download-handler?identifier=3e901799-1124-11ef-a251-01aa75ed71a1&format=fmx4&language=lv&productionSystem=cellar&part=
19,E4,lv,E4,Biodaudzveidība un ekosistēmas,Tiešie biodaudzveidības izzušanas ietekmes faktori,Invazīvas svešzemju sugas,3e901799-1124-11ef-a251-01aa75ed71a1,https://op.europa.eu/o/opportal-service/download-handler?identifier=3e901799-1124-11ef-a251-01aa75ed71a1&format=fmx4&language=lv&productionSystem=cellar&part=
20,E4,lv,E4,Biodaudzveidība un ekosistēmas,Tiešie biodaudzveidības izzušanas ietekmes faktori,Piesārņojums,3e901799-1124-11ef-a251-01aa75ed71a1,https://op.europa.eu/o/opportal-service/download-handler?identifier=3e901799-1124-11ef-a251-01aa75ed71a1&format=fmx4&language=lv&productionSystem=cellar&part=
21,E4,lv,E4,Biodaudzveidība un ekosistēmas,Tiešie biodaudzveidības izzušanas ietekmes faktori,Citi,3e901799-1124-11ef-a251-01aa75ed71a1,https://op.europa.eu/o/opportal-service/download-handler?identifier=3e901799-1124-11ef-a251-01aa75ed71a1&format=fmx4&language=lv&productionSystem=cellar&part=
22,E4,lv,E4,Biodaudzveidība un ekosistēmas,Ietekme uz sugu stāvokli,,3e901799-1124-11ef-a251-01aa75ed71a1,https://op.europa.eu/o/opportal-service/download-handler?identifier=3e901799-1124-11ef-a251-01aa75ed71a1&format=fmx4&language=lv&productionSystem=cellar&part=
23,E4,lv,E4,Biodaudzveidība un ekosistēmas,Ietekme uz ekosistēmu apjomu un stāvokli,,3e901799-1124-11ef-a251-01aa75ed71a1,https://op.europa.eu/o/opportal-service/download-handler?identifier=3e901799-1124-11ef-a251-01aa75ed71a1&format=fmx4&language=lv&productionSystem=cellar&part=
24,E4,lv,E4,Biodaudzveidība un ekosistēmas,Ietekme uz ekosistēmu pakalpojumiem un atkarība no tiem,,3e901799-1124-11ef-a251-01aa75ed71a1,https://op.europa.eu/o/opportal-service/download-handler?identifier=3e901799-1124-11ef-a251-01aa75ed71a1&format=fmx4&language=lv&productionSystem=cellar&part=
25,E5,lv,E5,Aprites ekonomika,"Ienākošie resursi, tajā skaitā resursu izmantojums",,3e901799-1124-11ef-a251-01aa75ed71a1,https://op.europa.eu/o/opportal-service/download-handler?identifier=3e901799-1124-11ef-a251-01aa75ed71a1&format=fmx4&language=lv&productionSystem=cellar&part=
26,E5,lv,E5,Aprites ekonomika,"Izejošie resursi, kas saistīti ar produktiem un pakalpojumiem",,3e901799-1124-11ef-a251-01aa75ed71a1,https://op.europa.eu/o/opportal-service/download-handler?identifier=3e901799-1124-11ef-a251-01aa75ed71a1&format=fmx4&language=lv&productionSystem=cellar&part=
27,E5,lv,E5,Aprites ekonomika,Atkritumi,,3e901799-1124-11ef-a251-01aa75ed71a1,https://op.europa.eu/o/opportal-service/download-handler?identifier=3e901799-1124-11ef-a251-01aa75ed71a1&format=fmx4&language=lv&productionSystem=cellar&part=
28,S1,lv,S1,Pašu personāls,Darba nosacījumi,Droša nodarbinātība,3e901799-1124-11ef-a251-01aa75ed71a1,https://op.europa.eu/o/opportal-service/download-handler?identifier=3e901799-1124-11ef-a251-01aa75ed71a1&format=fmx4&language=lv&productionSystem=cellar&part=
29,S1,lv,S1,Pašu personāls,Darba nosacījumi,Darba laiks,3e901799-1124-11ef-a251-01aa75ed71a1,https://op.europa.eu/o/opportal-service/download-handler?identifier=3e901799-1124-11ef-a251-01aa75ed71a1&format=fmx4&language=lv&productionSystem=cellar&part=
30,S1,lv,S1,Pašu personāls,Darba nosacījumi,Adekvātas algas,3e901799-1124-11ef-a251-01aa75ed71a1,https://op.europa.eu/o/opportal-service/download-handler?identifier=3e901799-1124-11ef-a251-01aa75ed71a1&format=fmx4&language=lv&productionSystem=cellar&part=
31,S1,lv,S1,Pašu personāls,Darba nosacījumi,Sociālais dialogs,3e901799-1124-11ef-a251-01aa75ed71a1,https://op.europa.eu/o/opportal-service/download-handler?identifier=3e901799-1124-11ef-a251-01aa75ed71a1&format=fmx4&language=lv&productionSystem=cellar&part=
32,S1,lv,S1,Pašu personāls,Darba nosacījumi,"Biedrošanās brīvība, uzņēmumu padomju pastāvēšana un darbinieku tiesības uz informāciju, konsultācijām un līdzdalību",3e901799-1124-11ef-a251-01aa75ed71a1,https://op.europa.eu/o/opportal-service/download-handler?identifier=3e901799-1124-11ef-a251-01aa75ed71a1&format=fmx4&language=lv&productionSystem=cellar&part=
33,S1,lv,S1,Pašu personāls,Darba nosacījumi,"Koplīguma sarunas, arī to darbinieku īpatsvars, uz kuriem attiecas koplīgumi",3e901799-1124-11ef-a251-01aa75ed71a1,https://op.europa.eu/o/opportal-service/download-handler?identifier=3e901799-1124-11ef-a251-01aa75ed71a1&format=fmx4&language=lv&productionSystem=cellar&part=
34,S1,lv,S1,Pašu personāls,Darba nosacījumi,Darba un privātās dzīves līdzsvars,3e901799-1124-11ef-a251-01aa75ed71a1,https://op.europa.eu/o/opportal-service/download-handler?identifier=3e901799-1124-11ef-a251-01aa75ed71a1&format=fmx4&language=lv&productionSystem=cellar&part=
35,S1,lv,S1,Pašu personāls,Darba nosacījumi,Darba aizsardzība,3e901799-1124-11ef-a251-01aa75ed71a1,https://op.europa.eu/o/opportal-service/download-handler?identifier=3e901799-1124-11ef-a251-01aa75ed71a1&format=fmx4&language=lv&productionSystem=cellar&part=
36,S1,lv,S1,Pašu personāls,Vienlīdzīga attieksme un iespējas visiem,Dzimumu līdztiesība un vienāda darba samaksa par līdzvērtīgu darbu,3e901799-1124-11ef-a251-01aa75ed71a1,https://op.europa.eu/o/opportal-service/download-handler?identifier=3e901799-1124-11ef-a251-01aa75ed71a1&format=fmx4&language=lv&productionSystem=cellar&part=
37,S1,lv,S1,Pašu personāls,Vienlīdzīga attieksme un iespējas visiem,Apmācība un prasmju pilnveide,3e901799-1124-11ef-a251-01aa75ed71a1,https://op.europa.eu/o/opportal-service/download-handler?identifier=3e901799-1124-11ef-a251-01aa75ed71a1&format=fmx4&language=lv&productionSystem=cellar&part=
38,S1,lv,S1,Pašu personāls,Vienlīdzīga attieksme un iespējas visiem,Personu ar invaliditāti nodarbināšana un iekļaušana,3e901799-1124-11ef-a251-01aa75ed71a1,https://op.europa.eu/o/opportal-service/download-handler?identifier=3e901799-1124-11ef-a251-01aa75ed71a1&format=fmx4&language=lv&productionSystem=cellar&part=
39,S1,lv,S1,Pašu personāls,Vienlīdzīga attieksme un iespējas visiem,Pasākumi pret vardarbību un aizskaršanu darbavietā,3e901799-1124-11ef-a251-01aa75ed71a1,https://op.europa.eu/o/opportal-service/download-handler?identifier=3e901799-1124-11ef-a251-01aa75ed71a1&format=fmx4&language=lv&productionSystem=cellar&part=
40,S1,lv,S1,Pašu personāls,Vienlīdzīga attieksme un iespējas visiem,Daudzveidība,3e901799-1124-11ef-a251-01aa75ed71a1,https://op.europa.eu/o/opportal-service/download-handler?identifier=3e901799-1124-11ef-a251-01aa75ed71a1&format=fmx4&language=lv&productionSystem=cellar&part=
41,S1,lv,S1,Pašu personāls,Citas ar darbu saistītas tiesības,Bērnu darbs,3e901799-1124-11ef-a251-01aa75ed71a1,https://op.europa.eu/o/opportal-service/download-handler?identifier=3e901799-1124-11ef-a251-01aa75ed71a1&format=fmx4&language=lv&productionSystem=cellar&part=
42,S1,lv,S1,Pašu personāls,Citas ar darbu saistītas tiesības,Piespiedu darbs,3e901799-1124-11ef-a251-01aa75ed71a1,https://op.europa.eu/o/opportal-service/download-handler?identifier=3e901799-1124-11ef-a251-01aa75ed71a1&format=fmx4&language=lv&productionSystem=cellar&part=
43,S1,lv,S1,Pašu personāls,Citas ar darbu saistītas tiesības,Pienācīgi mājokļi,3e901799-1124-11ef-a251-01aa75ed71a1,https://op.europa.eu/o/opportal-service/download-handler?identifier=3e901799-1124-11ef-a251-01aa75ed71a1&format=fmx4&language=lv&productionSystem=cellar&part=
44,S1,lv,S1,Pašu personāls,Citas ar darbu saistītas tiesības,Privātums,3e901799-1124-11ef-a251-01aa75ed71a1,https://op.europa.eu/o/opportal-service/download-handler?identifier=3e901799-1124-11ef-a251-01aa75ed71a1&format=fmx4&language=lv&productionSystem=cellar&part=
45,S2,lv,S2,Darbinieki vērtības ķēdē,Darba nosacījumi,Droša nodarbinātība,3e901799-1124-11ef-a251-01aa75ed71a1,https://op.europa.eu/o/opportal-service/download-handler?identifier=3e901799-1124-11ef-a251-01aa75ed71a1&format=fmx4&language=lv&productionSystem=cellar&part=
46,S2,lv,S2,Darbinieki vērtības ķēdē,Darba nosacījumi,Darba laiks,3e901799-1124-11ef-a251-01aa75ed71a1,https://op.europa.eu/o/opportal-service/download-handler?identifier=3e901799-1124-11ef-a251-01aa75ed71a1&format=fmx4&language=lv&productionSystem=cellar&part=
47,S2,lv,S2,Darbinieki vērtības ķēdē,Darba nosacījumi,Adekvātas algas,3e901799-1124-11ef-a251-01aa75ed71a1,https://op.europa.eu/o/opportal-service/download-handler?identifier=3e901799-1124-11ef-a251-01aa75ed71a1&format=fmx4&language=lv&productionSystem=cellar&part=
48,S2,lv,S2,Darbinieki vērtības ķēdē,Darba nosacījumi,Sociālais dialogs,3e901799-1124-11ef-a251-01aa75ed71a1,https://op.europa.eu/o/opportal-service/download-handler?identifier=3e901799-1124-11ef-a251-01aa75ed71a1&format=fmx4&language=lv&productionSystem=cellar&part=
49,S2,lv,S2,Darbinieki vērtības ķēdē,Darba nosacījumi,"Biedrošanās brīvība, tajā skaitā uzņēmumu padomju pastāvēšana",3e901799-1124-11ef-a251-01aa75ed71a1,https://op.europa.eu/o/opportal-service/download-handler?identifier=3e901799-1124-11ef-a251-01aa75ed71a1&format=fmx4&language=lv&productionSystem=cellar&part=
50,S2,lv,S2,Darbinieki vērtības ķēdē,Darba nosacījumi,Koplīguma sarunas,3e901799-1124-11ef-a251-01aa75ed71a1,https://op.europa.eu/o/opportal-service/download-handler?identifier=3e901799-1124-11ef-a251-01aa75ed71a1&format=fmx4&language=lv&productionSystem=cellar&part=
51,S2,lv,S2,Darbinieki vērtības ķēdē,Darba nosacījumi,Darba un privātās dzīves līdzsvars,3e901799-1124-11ef-a251-01aa75ed71a1,https://op.europa.eu/o/opportal-service/download-handler?identifier=3e901799-1124-11ef-a251-01aa75ed71a1&format=fmx4&language=lv&productionSystem=cellar&part=
52,S2,lv,S2,Darbinieki vērtības ķēdē,Darba nosacījumi,Darba aizsardzība,3e901799-1124-11ef-a251-01aa75ed71a1,https://op.europa.eu/o/opportal-service/download-handler?identifier=3e901799-1124-11ef-a251-01aa75ed71a1&format=fmx4&language=lv&productionSystem=cellar&part=
53,S2,lv,S2,Darbinieki vērtības ķēdē,Vienlīdzīga attieksme un iespējas visiem,Dzimumu līdztiesība un vienāda darba samaksa par līdzvērtīgu darbu,3e901799-1124-11ef-a251-01aa75ed71a1,https://op.europa.eu/o/opportal-service/download-handler?identifier=3e901799-1124-11ef-a251-01aa75ed71a1&format=fmx4&language=lv&productionSystem=cellar&part=
54,S2,lv,S2,Darbinieki vērtības ķēdē,Vienlīdzīga attieksme un iespējas visiem,Apmācība un prasmju pilnveide,3e901799-1124-11ef-a251-01aa75ed71a1,https://op.europa.eu/o/opportal-service/download-handler?identifier=3e901799-1124-11ef-a251-01aa75ed71a1&format=fmx4&language=lv&productionSystem=cellar&part=
55,S2,lv,S2,Darbinieki vērtības ķēdē,Vienlīdzīga attieksme un iespējas visiem,Personu ar invaliditāti nodarbinātība un iekļaušana,3e901799-1124-11ef-a251-01aa75ed71a1,https://op.europa.eu/o/opportal-service/download-handler?identifier=3e901799-1124-11ef-a251-01aa75ed71a1&format=fmx4&language=lv&productionSystem=cellar&part=
56,S2,lv,S2,Darbinieki vērtības ķēdē,Vienlīdzīga attieksme un iespējas visiem,Pasākumi pret vardarbību un aizskaršanu darbavietā,3e901799-1124-11ef-a251-01aa75ed71a1,https://op.europa.eu/o/opportal-service/download-handler?identifier=3e901799-1124-11ef-a251-01aa75ed71a1&format=fmx4&language=lv&productionSystem=cellar&part=
57,S2,lv,S2,Darbinieki vērtības ķēdē,Vienlīdzīga attieksme un iespējas visiem,Daudzveidība,3e901799-1124-11ef-a251-01aa75ed71a1,https://op.europa.eu/o/opportal-service/download-handler?identifier=3e901799-1124-11ef-a251-01aa75ed71a1&format=fmx4&language=lv&productionSystem=cellar&part=
58,S2,lv,S2,Darbinieki vērtības ķēdē,Citas ar darbu saistītas tiesības,Bērnu darbs,3e901799-1124-11ef-a251-01aa75ed71a1,https://op.europa.eu/o/opportal-service/download-handler?identifier=3e901799-1124-11ef-a251-01aa75ed71a1&format=fmx4&language=lv&productionSystem=cellar&part=
59,S2,lv,S2,Darbinieki vērtības ķēdē,Citas ar darbu saistītas tiesības,Piespiedu darbs,3e901799-1124-11ef-a251-01aa75ed71a1,https://op.europa.eu/o/opportal-service/download-handler?identifier=3e901799-1124-11ef-a251-01aa75ed71a1&format=fmx4&language=lv&productionSystem=cellar&part=
60,S2,lv,S2,Darbinieki vērtības ķēdē,Citas ar darbu saistītas tiesības,Pienācīgi mājokļi,3e901799-1124-11ef-a251-01aa75ed71a1,https://op.europa.eu/o/opportal-service/download-handler?identifier=3e901799-1124-11ef-a251-01aa75ed71a1&format=fmx4&language=lv&productionSystem=cellar&part=
61,S2,lv,S2,Darbinieki vērtības ķēdē,Citas ar darbu saistītas tiesības,Ūdens un sanitārija,3e901799-1124-11ef-a251-01aa75ed71a1,https://op.europa.eu/o/opportal-service/download-handler?identifier=3e901799-1124-11ef-a251-01aa75ed71a1&format=fmx4&language=lv&productionSystem=cellar&part=
62,S2,lv,S2,Darbinieki vērtības ķēdē,Citas ar darbu saistītas tiesības,Privātums,3e901799-1124-11ef-a251-01aa75ed71a1,https://op.europa.eu/o/opportal-service/download-handler?identifier=3e901799-1124-11ef-a251-01aa75ed71a1&format=fmx4&language=lv&productionSystem=cellar&part=
63,S3,lv,S3,Skartās kopienas,"Kopienu ekonomiskās, sociālās un kultūras tiesības",Pienācīgi mājokļi,3e901799-1124-11ef-a251-01aa75ed71a1,https://op.europa.eu/o/opportal-service/download-handler?identifier=3e901799-1124-11ef-a251-01aa75ed71a1&format=fmx4&language=lv&productionSystem=cellar&part=
64,S3,lv,S3,Skartās kopienas,"Kopienu ekonomiskās, sociālās un kultūras tiesības",Atbilstoša pārtika,3e901799-1124-11ef-a251-01aa75ed71a1,https://op.europa.eu/o/opportal-service/download-handler?identifier=3e901799-1124-11ef-a251-01aa75ed71a1&format=fmx4&language=lv&productionSystem=cellar&part=
65,S3,lv,S3,Skartās kopienas,"Kopienu ekonomiskās, sociālās un kultūras tiesības",Ūdens un sanitārija,3e901799-1124-11ef-a251-01aa75ed71a1,https://op.europa.eu/o/opportal-service/download-handler?identifier=3e901799-1124-11ef-a251-01aa75ed71a1&format=fmx4&language=lv&productionSystem=cellar&part=
66,S3,lv,S3,Skartās kopienas,"Kopienu ekonomiskās, sociālās un kultūras tiesības",Ar zemi saistīta ietekme,3e901799-1124-11ef-a251-01aa75ed71a1,https://op.europa.eu/o/opportal-service/download-handler?identifier=3e901799-1124-11ef-a251-01aa75ed71a1&format=fmx4&language=lv&productionSystem=cellar&part=
67,S3,lv,S3,Skartās kopienas,"Kopienu ekonomiskās, sociālās un kultūras tiesības",Ar drošību saistīta ietekme,3e901799-1124-11ef-a251-01aa75ed71a1,https://op.europa.eu/o/opportal-service/download-handler?identifier=3e901799-1124-11ef-a251-01aa75ed71a1&format=fmx4&language=lv&productionSystem=cellar&part=
68,S3,lv,S3,Skartās kopienas,Kopienu pilsoniskās un politiskās tiesības,Vārda brīvība,3e901799-1124-11ef-a251-01aa75ed71a1,https://op.europa.eu/o/opportal-service/download-handler?identifier=3e901799-1124-11ef-a251-01aa75ed71a1&format=fmx4&language=lv&productionSystem=cellar&part=
69,S3,lv,S3,Skartās kopienas,Kopienu pilsoniskās un politiskās tiesības,Pulcēšanās brīvība,3e901799-1124-11ef-a251-01aa75ed71a1,https://op.europa.eu/o/opportal-service/download-handler?identifier=3e901799-1124-11ef-a251-01aa75ed71a1&format=fmx4&language=lv&productionSystem=cellar&part=
70,S3,lv,S3,Skartās kopienas,Kopienu pilsoniskās un politiskās tiesības,Ietekmes uz cilvēktiesību aizstāvjiem,3e901799-1124-11ef-a251-01aa75ed71a1,https://op.europa.eu/o/opportal-service/download-handler?identifier=3e901799-1124-11ef-a251-01aa75ed71a1&format=fmx4&language=lv&productionSystem=cellar&part=
71,S3,lv,S3,Skartās kopienas,Pirmiedzīvotāju tautu tiesības,"Brīvprātīga, iepriekšēja un informēta piekrišana",3e901799-1124-11ef-a251-01aa75ed71a1,https://op.europa.eu/o/opportal-service/download-handler?identifier=3e901799-1124-11ef-a251-01aa75ed71a1&format=fmx4&language=lv&productionSystem=cellar&part=
72,S3,lv,S3,Skartās kopienas,Pirmiedzīvotāju tautu tiesības,Pašnoteikšanās,3e901799-1124-11ef-a251-01aa75ed71a1,https://op.europa.eu/o/opportal-service/download-handler?identifier=3e901799-1124-11ef-a251-01aa75ed71a1&format=fmx4&language=lv&productionSystem=cellar&part=
73,S3,lv,S3,Skartās kopienas,Pirmiedzīvotāju tautu tiesības,Kultūras tiesības,3e901799-1124-11ef-a251-01aa75ed71a1,https://op.europa.eu/o/opportal-service/download-handler?identifier=3e901799-1124-11ef-a251-01aa75ed71a1&format=fmx4&language=lv&productionSystem=cellar&part=
74,S4,lv,S4,Patērētāji un tiešie lietotāji,Ar informāciju saistīta ietekme uz patērētājiem un/vai tiešajiem lietotājiem,Privātums,3e901799-1124-11ef-a251-01aa75ed71a1,https://op.europa.eu/o/opportal-service/download-handler?identifier=3e901799-1124-11ef-a251-01aa75ed71a1&format=fmx4&language=lv&productionSystem=cellar&part=
75,S4,lv,S4,Patērētāji un tiešie lietotāji,Ar informāciju saistīta ietekme uz patērētājiem un/vai tiešajiem lietotājiem,Vārda brīvība,3e901799-1124-11ef-a251-01aa75ed71a1,https://op.europa.eu/o/opportal-service/download-handler?identifier=3e901799-1124-11ef-a251-01aa75ed71a1&format=fmx4&language=lv&productionSystem=cellar&part=
76,S4,lv,S4,Patērētāji un tiešie lietotāji,Ar informāciju saistīta ietekme uz patērētājiem un/vai tiešajiem lietotājiem,Piekļuve (kvalitatīvai) informācijai,3e901799-1124-11ef-a251-01aa75ed71a1,https://op.europa.eu/o/opportal-service/download-handler?identifier=3e901799-1124-11ef-a251-01aa75ed71a1&format=fmx4&language=lv&productionSystem=cellar&part=
77,S4,lv,S4,Patērētāji un tiešie lietotāji,Patērētāju un/vai tiešo lietotāju personiskā drošība,Darba aizsardzība,3e901799-1124-11ef-a251-01aa75ed71a1,https://op.europa.eu/o/opportal-service/download-handler?identifier=3e901799-1124-11ef-a251-01aa75ed71a1&format=fmx4&language=lv&productionSystem=cellar&part=
78,S4,lv,S4,Patērētāji un tiešie lietotāji,Patērētāju un/vai tiešo lietotāju personiskā drošība,Personas drošība,3e901799-1124-11ef-a251-01aa75ed71a1,https://op.europa.eu/o/opportal-service/download-handler?identifier=3e901799-1124-11ef-a251-01aa75ed71a1&format=fmx4&language=lv&productionSystem=cellar&part=
79,S4,lv,S4,Patērētāji un tiešie lietotāji,Patērētāju un/vai tiešo lietotāju personiskā drošība,Bērnu aizsardzība,3e901799-1124-11ef-a251-01aa75ed71a1,https://op.europa.eu/o/opportal-service/download-handler?identifier=3e901799-1124-11ef-a251-01aa75ed71a1&format=fmx4&language=lv&productionSystem=cellar&part=
80,S4,lv,S4,Patērētāji un tiešie lietotāji,Patērētāju un/vai tiešo lietotāju sociālā iekļaušana,Nediskriminēšana,3e901799-1124-11ef-a251-01aa75ed71a1,https://op.europa.eu/o/opportal-service/download-handler?identifier=3e901799-1124-11ef-a251-01aa75ed71a1&format=fmx4&language=lv&productionSystem=cellar&part=
81,S4,lv,S4,Patērētāji un tiešie lietotāji,Patērētāju un/vai tiešo lietotāju sociālā iekļaušana,Piekļuve produktiem un pakalpojumiem,3e901799-1124-11ef-a251-01aa75ed71a1,https://op.europa.eu/o/opportal-service/download-handler?identifier=3e901799-1124-11ef-a251-01aa75ed71a1&format=fmx4&language=lv&productionSystem=cellar&part=
82,S4,lv,S4,Patērētāji un tiešie lietotāji,Patērētāju un/vai tiešo lietotāju sociālā iekļaušana,Atbildīga tirgvedības prakse,3e901799-1124-11ef-a251-01aa75ed71a1,https://op.europa.eu/o/opportal-service/download-handler?identifier=3e901799-1124-11ef-a251-01aa75ed71a1&format=fmx4&language=lv&productionSystem=cellar&part=
83,G1,lv,G1,Darījumdarbība,Korporatīvā kultūra,,3e901799-1124-11ef-a251-01aa75ed71a1,https://op.europa.eu/o/opportal-service/download-handler?identifier=3e901799-1124-11ef-a251-01aa75ed71a1&format=fmx4&language=lv&productionSystem=cellar&part=
84,G1,lv,G1,Darījumdarbība,Trauksmes cēlēju aizsardzība,,3e901799-1124-11ef-a251-01aa75ed71a1,https://op.europa.eu/o/opportal-service/download-handler?identifier=3e901799-1124-11ef-a251-01aa75ed71a1&format=fmx4&language=lv&productionSystem=cellar&part=
85,G1,lv,G1,Darījumdarbība,Dzīvnieku labturība,,3e901799-1124-11ef-a251-01aa75ed71a1,https://op.europa.eu/o/opportal-service/download-handler?identifier=3e901799-1124-11ef-a251-01aa75ed71a1&format=fmx4&language=lv&productionSystem=cellar&part=
86,G1,lv,G1,Darījumdarbība,Politiskā iesaiste un lobēšanas darbības,,3e901799-1124-11ef-a251-01aa75ed71a1,https://op.europa.eu/o/opportal-service/download-handler?identifier=3e901799-1124-11ef-a251-01aa75ed71a1&format=fmx4&language=lv&productionSystem=cellar&part=
87,G1,lv,G1,Darījumdarbība,"Attiecību ar piegādātājiem pārvaldība, tajā skaitā saistībā ar maksājumu veikšanas praksi",,3e901799-1124-11ef-a251-01aa75ed71a1,https://op.europa.eu/o/opportal-service/download-handler?identifier=3e901799-1124-11ef-a251-01aa75ed71a1&format=fmx4&language=lv&productionSystem=cellar&part=
88,G1,lv,G1,Darījumdarbība,Korupcija un kukuļošana,"Novēršana un atklāšana, arī apmācība",3e901799-1124-11ef-a251-01aa75ed71a1,https://op.europa.eu/o/opportal-service/download-handler?identifier=3e901799-1124-11ef-a251-01aa75ed71a1&format=fmx4&language=lv&productionSystem=cellar&part=
89,G1,lv,G1,Darījumdarbība,Korupcija un kukuļošana,Incidenti,3e901799-1124-11ef-a251-01aa75ed71a1,https://op.europa.eu/o/opportal-service/download-handler?identifier=3e901799-1124-11ef-a251-01aa75ed71a1&format=fmx4&language=lv&productionSystem=cellar&part=
1,E1,mt,E1,Tibdil fil-klima,Adattament għat-tibdil fil-klima,,3e901799-1124-11ef-a251-01aa75ed71a1,https://op.europa.eu/o/opportal-service/download-handler?identifier=3e901799-1124-11ef-a251-01aa75ed71a1&format=fmx4&language=mt&productionSystem=cellar&part=
2,E1,mt,E1,Tibdil fil-klima,Mitigazzjoni tat-tibdil fil-klima,,3e901799-1124-11ef-a251-01aa75ed71a1,https://op.europa.eu/o/opportal-service/download-handler?identifier=3e901799-1124-11ef-a251-01aa75ed71a1&format=fmx4&language=mt&productionSystem=cellar&part=
3,E1,mt,E1,Tibdil fil-klima,Enerġija,,3e901799-1124-11ef-a251-01aa75ed71a1,https://op.europa.eu/o/opportal-service/download-handler?identifier=3e901799-1124-11ef-a251-01aa75ed71a1&format=fmx4&language=mt&productionSystem=cellar&part=
4,E2,mt,E2,Tniġġis,Tniġġis tal-arja,,3e901799-1124-11ef-a251-01aa75ed71a1,https://op.europa.eu/o/opportal-service/download-handler?identifier=3e901799-1124-11ef-a251-01aa75ed71a1&format=fmx4&language=mt&productionSystem=cellar&part=
5,E2,mt,E2,Tniġġis,Tniġġis tal-ilma,,3e901799-1124-11ef-a251-01aa75ed71a1,https://op.europa.eu/o/opportal-service/download-handler?identifier=3e901799-1124-11ef-a251-01aa75ed71a1&format=fmx4&language=mt&productionSystem=cellar&part=
6,E2,mt,E2,Tniġġis,Tniġġis tal-ħamrija,,3e901799-1124-11ef-a251-01aa75ed71a1,https://op.europa.eu/o/opportal-service/download-handler?identifier=3e901799-1124-11ef-a251-01aa75ed71a1&format=fmx4&language=mt&productionSystem=cellar&part=
7,E2,mt,E2,Tniġġis,Tniġġis tal-organiżmi ħajjin u tar-riżorsi tal-ikel,,3e901799-1124-11ef-a251-01aa75ed71a1,https://op.europa.eu/o/opportal-service/download-handler?identifier=3e901799-1124-11ef-a251-01aa75ed71a1&format=fmx4&language=mt&productionSystem=cellar&part=
8,E2,mt,E2,Tniġġis,Sustanzi ta’ tħassib,,3e901799-1124-11ef-a251-01aa75ed71a1,https://op.europa.eu/o/opportal-service/download-handler?identifier=3e901799-1124-11ef-a251-01aa75ed71a1&format=fmx4&language=mt&productionSystem=cellar&part=
9,E2,mt,E2,Tniġġis,Sustanzi ta’ tħassib serju ħafna,,3e901799-1124-11ef-a251-01aa75ed71a1,https://op.europa.eu/o/opportal-service/download-handler?identifier=3e901799-1124-11ef-a251-01aa75ed71a1&format=fmx4&language=mt&productionSystem=cellar&part=
10,E2,mt,E2,Tniġġis,Mikroplastiċi,,3e901799-1124-11ef-a251-01aa75ed71a1,https://op.europa.eu/o/opportal-service/download-handler?identifier=3e901799-1124-11ef-a251-01aa75ed71a1&format=fmx4&language=mt&productionSystem=cellar&part=
11,E3,mt,E3,Ilma u riżorsi tal-baħar,Ilma,Konsum tal-ilma,3e901799-1124-11ef-a251-01aa75ed71a1,https://op.europa.eu/o/opportal-service/download-handler?identifier=3e901799-1124-11ef-a251-01aa75ed71a1&format=fmx4&language=mt&productionSystem=cellar&part=
12,E3,mt,E3,Ilma u riżorsi tal-baħar,Ilma,Estrazzjoni tal-ilma,3e901799-1124-11ef-a251-01aa75ed71a1,https://op.europa.eu/o/opportal-service/download-handler?identifier=3e901799-1124-11ef-a251-01aa75ed71a1&format=fmx4&language=mt&productionSystem=cellar&part=
13,E3,mt,E3,Ilma u riżorsi tal-baħar,Ilma,Skariki tal-ilma,3e901799-1124-11ef-a251-01aa75ed71a1,https://op.europa.eu/o/opportal-service/download-handler?identifier=3e901799-1124-11ef-a251-01aa75ed71a1&format=fmx4&language=mt&productionSystem=cellar&part=
14,E3,mt,E3,Ilma u riżorsi tal-baħar,Ilma,Skariki tal-ilma fl-oċeani,3e901799-1124-11ef-a251-01aa75ed71a1,https://op.europa.eu/o/opportal-service/download-handler?identifier=3e901799-1124-11ef-a251-01aa75ed71a1&format=fmx4&language=mt&productionSystem=cellar&part=
15,E3,mt,E3,Ilma u riżorsi tal-baħar,Riżorsi tal-baħar,Estrazzjoni u użu ta’ riżorsi tal-baħar,3e901799-1124-11ef-a251-01aa75ed71a1,https://op.europa.eu/o/opportal-service/download-handler?identifier=3e901799-1124-11ef-a251-01aa75ed71a1&format=fmx4&language=mt&productionSystem=cellar&part=
16,E4,mt,E4,Bijodiversità u ekosistemi,Fatturi ewlenin tal-impatt diretti tat-telf tal-bijodiversità,Tibdil fil-Klima,3e901799-1124-11ef-a251-01aa75ed71a1,https://op.europa.eu/o/opportal-service/download-handler?identifier=3e901799-1124-11ef-a251-01aa75ed71a1&format=fmx4&language=mt&productionSystem=cellar&part=
17,E4,mt,E4,Bijodiversità u ekosistemi,Fatturi ewlenin tal-impatt diretti tat-telf tal-bijodiversità,"Tibdil fl-użu tal-art, tibdil fl-użu tal-ilma frisk u tibdil fl-użu tal-baħar",3e901799-1124-11ef-a251-01aa75ed71a1,https://op.europa.eu/o/opportal-service/download-handler?identifier=3e901799-1124-11ef-a251-01aa75ed71a1&format=fmx4&language=mt&productionSystem=cellar&part=
18,E4,mt,E4,Bijodiversità u ekosistemi,Fatturi ewlenin tal-impatt diretti tat-telf tal-bijodiversità,Sfruttament dirett,3e901799-1124-11ef-a251-01aa75ed71a1,https://op.europa.eu/o/opportal-service/download-handler?identifier=3e901799-1124-11ef-a251-01aa75ed71a1&format=fmx4&language=mt&productionSystem=cellar&part=
19,E4,mt,E4,Bijodiversità u ekosistemi,Fatturi ewlenin tal-impatt diretti tat-telf tal-bijodiversità,Speċijiet aljeni invażivi,3e901799-1124-11ef-a251-01aa75ed71a1,https://op.europa.eu/o/opportal-service/download-handler?identifier=3e901799-1124-11ef-a251-01aa75ed71a1&format=fmx4&language=mt&productionSystem=cellar&part=
20,E4,mt,E4,Bijodiversità u ekosistemi,Fatturi ewlenin tal-impatt diretti tat-telf tal-bijodiversità,Tniġġis,3e901799-1124-11ef-a251-01aa75ed71a1,https://op.europa.eu/o/opportal-service/download-handler?identifier=3e901799-1124-11ef-a251-01aa75ed71a1&format=fmx4&language=mt&productionSystem=cellar&part=
21,E4,mt,E4,Bijodiversità u ekosistemi,Fatturi ewlenin tal-impatt diretti tat-telf tal-bijodiversità,Oħrajn,3e901799-1124-11ef-a251-01aa75ed71a1,https://op.europa.eu/o/opportal-service/download-handler?identifier=3e901799-1124-11ef-a251-01aa75ed71a1&format=fmx4&language=mt&productionSystem=cellar&part=
22,E4,mt,E4,Bijodiversità u ekosistemi,Impatti fuq l-istat tal-ispeċijiet,,3e901799-1124-11ef-a251-01aa75ed71a1,https://op.europa.eu/o/opportal-service/download-handler?identifier=3e901799-1124-11ef-a251-01aa75ed71a1&format=fmx4&language=mt&productionSystem=cellar&part=
23,E4,mt,E4,Bijodiversità u ekosistemi,Impatti fuq il-firxa u fuq il-kundizzjoni tal-ekosistemi,,3e901799-1124-11ef-a251-01aa75ed71a1,https://op.europa.eu/o/opportal-service/download-handler?identifier=3e901799-1124-11ef-a251-01aa75ed71a1&format=fmx4&language=mt&productionSystem=cellar&part=
24,E4,mt,E4,Bijodiversità u ekosistemi,Impatti u dipendenzi fuq servizzi tal-ekosistema,,3e901799-1124-11ef-a251-01aa75ed71a1,https://op.europa.eu/o/opportal-service/download-handler?identifier=3e901799-1124-11ef-a251-01aa75ed71a1&format=fmx4&language=mt&productionSystem=cellar&part=
25,E5,mt,E5,Ekonomija ċirkolari,"Influssi mir-riżorsi, inkluż l-użu tar-riżorsi",,3e901799-1124-11ef-a251-01aa75ed71a1,https://op.europa.eu/o/opportal-service/download-handler?identifier=3e901799-1124-11ef-a251-01aa75ed71a1&format=fmx4&language=mt&productionSystem=cellar&part=
26,E5,mt,E5,Ekonomija ċirkolari,Ħruġ tar-riżorsi b’rabta mal-prodotti u mas-servizzi,,3e901799-1124-11ef-a251-01aa75ed71a1,https://op.europa.eu/o/opportal-service/download-handler?identifier=3e901799-1124-11ef-a251-01aa75ed71a1&format=fmx4&language=mt&productionSystem=cellar&part=
27,E5,mt,E5,Ekonomija ċirkolari,Skart,,3e901799-1124-11ef-a251-01aa75ed71a1,https://op.europa.eu/o/opportal-service/download-handler?identifier=3e901799-1124-11ef-a251-01aa75ed71a1&format=fmx4&language=mt&productionSystem=cellar&part=
28,S1,mt,S1,Forza tax-xogħol proprja,Kondizzjonijiet tax-xogħol,Impjieg sigur,3e901799-1124-11ef-a251-01aa75ed71a1,https://op.europa.eu/o/opportal-service/download-handler?identifier=3e901799-1124-11ef-a251-01aa75ed71a1&format=fmx4&language=mt&productionSystem=cellar&part=
29,S1,mt,S1,Forza tax-xogħol proprja,Kondizzjonijiet tax-xogħol,Ħin tax-xogħol,3e901799-1124-11ef-a251-01aa75ed71a1,https://op.europa.eu/o/opportal-service/download-handler?identifier=3e901799-1124-11ef-a251-01aa75ed71a1&format=fmx4&language=mt&productionSystem=cellar&part=
30,S1,mt,S1,Forza tax-xogħol proprja,Kondizzjonijiet tax-xogħol,Pagi adegwati,3e901799-1124-11ef-a251-01aa75ed71a1,https://op.europa.eu/o/opportal-service/download-handler?identifier=3e901799-1124-11ef-a251-01aa75ed71a1&format=fmx4&language=mt&productionSystem=cellar&part=
31,S1,mt,S1,Forza tax-xogħol proprja,Kondizzjonijiet tax-xogħol,Djalogu soċjali,3e901799-1124-11ef-a251-01aa75ed71a1,https://op.europa.eu/o/opportal-service/download-handler?identifier=3e901799-1124-11ef-a251-01aa75ed71a1&format=fmx4&language=mt&productionSystem=cellar&part=
32,S1,mt,S1,Forza tax-xogħol proprja,Kondizzjonijiet tax-xogħol,"Il-libertà ta’ assoċjazzjoni, l-eżistenza ta’ kunsilli tax-xogħol u d-drittijiet ta’ informazzjoni, ta’ konsultazzjoni u ta’ parteċipazzjoni tal-ħaddiema",3e901799-1124-11ef-a251-01aa75ed71a1,https://op.europa.eu/o/opportal-service/download-handler?identifier=3e901799-1124-11ef-a251-01aa75ed71a1&format=fmx4&language=mt&productionSystem=cellar&part=
33,S1,mt,S1,Forza tax-xogħol proprja,Kondizzjonijiet tax-xogħol,"In-negozjar kollettiv, inkluża r-rata ta’ ħaddiema koperti minn ftehimiet kollettivi",3e901799-1124-11ef-a251-01aa75ed71a1,https://op.europa.eu/o/opportal-service/download-handler?identifier=3e901799-1124-11ef-a251-01aa75ed71a1&format=fmx4&language=mt&productionSystem=cellar&part=
34,S1,mt,S1,Forza tax-xogħol proprja,Kondizzjonijiet tax-xogħol,Bilanċ bejn ix-xogħol u l-ħajja privata,3e901799-1124-11ef-a251-01aa75ed71a1,https://op.europa.eu/o/opportal-service/download-handler?identifier=3e901799-1124-11ef-a251-01aa75ed71a1&format=fmx4&language=mt&productionSystem=cellar&part=
35,S1,mt,S1,Forza tax-xogħol proprja,Kondizzjonijiet tax-xogħol,Saħħa u sikurezza,3e901799-1124-11ef-a251-01aa75ed71a1,https://op.europa.eu/o/opportal-service/download-handler?identifier=3e901799-1124-11ef-a251-01aa75ed71a1&format=fmx4&language=mt&productionSystem=cellar&part=
36,S1,mt,S1,Forza tax-xogħol proprja,Trattament u opportunitajiet indaqs għal kulħadd,Ugwaljanza bejn il-ġeneri u paga ugwali għal xogħol ta’ valur ugwali,3e901799-1124-11ef-a251-01aa75ed71a1,https://op.europa.eu/o/opportal-service/download-handler?identifier=3e901799-1124-11ef-a251-01aa75ed71a1&format=fmx4&language=mt&productionSystem=cellar&part=
37,S1,mt,S1,Forza tax-xogħol proprja,Trattament u opportunitajiet indaqs għal kulħadd,Taħriġ u żvilupp tal-ħiliet,3e901799-1124-11ef-a251-01aa75ed71a1,https://op.europa.eu/o/opportal-service/download-handler?identifier=3e901799-1124-11ef-a251-01aa75ed71a1&format=fmx4&language=mt&productionSystem=cellar&part=
38,S1,mt,S1,Forza tax-xogħol proprja,Trattament u opportunitajiet indaqs għal kulħadd,Impjieg u inklużjoni ta’ persuni b’diżabilità,3e901799-1124-11ef-a251-01aa75ed71a1,https://op.europa.eu/o/opportal-service/download-handler?identifier=3e901799-1124-11ef-a251-01aa75ed71a1&format=fmx4&language=mt&productionSystem=cellar&part=
39,S1,mt,S1,Forza tax-xogħol proprja,Trattament u opportunitajiet indaqs għal kulħadd,Miżuri kontra l-vjolenza u l-fastidju fuq il-post tax-xogħol,3e901799-1124-11ef-a251-01aa75ed71a1,https://op.europa.eu/o/opportal-service/download-handler?identifier=3e901799-1124-11ef-a251-01aa75ed71a1&format=fmx4&language=mt&productionSystem=cellar&part=
40,S1,mt,S1,Forza tax-xogħol proprja,Trattament u opportunitajiet indaqs għal kulħadd,Diversità,3e901799-1124-11ef-a251-01aa75ed71a1,https://op.europa.eu/o/opportal-service/download-handler?identifier=3e901799-1124-11ef-a251-01aa75ed71a1&format=fmx4&language=mt&productionSystem=cellar&part=
41,S1,mt,S1,Forza tax-xogħol proprja,Drittijiet oħrajn relatati max-xogħol,Tħaddim tat-tfal,3e901799-1124-11ef-a251-01aa75ed71a1,https://op.europa.eu/o/opportal-service/download-handler?identifier=3e901799-1124-11ef-a251-01aa75ed71a1&format=fmx4&language=mt&productionSystem=cellar&part=
42,S1,mt,S1,Forza tax-xogħol proprja,Drittijiet oħrajn relatati max-xogħol,Xogħol furzat,3e901799-1124-11ef-a251-01aa75ed71a1,https://op.europa.eu/o/opportal-service/download-handler?identifier=3e901799-1124-11ef-a251-01aa75ed71a1&format=fmx4&language=mt&productionSystem=cellar&part=
43,S1,mt,S1,Forza tax-xogħol proprja,Drittijiet oħrajn relatati max-xogħol,Akkomodazzjoni adegwata,3e901799-1124-11ef-a251-01aa75ed71a1,https://op.europa.eu/o/opportal-service/download-handler?identifier=3e901799-1124-11ef-a251-01aa75ed71a1&format=fmx4&language=mt&productionSystem=cellar&part=
44,S1,mt,S1,Forza tax-xogħol proprja,Drittijiet oħrajn relatati max-xogħol,Privatezza,3e901799-1124-11ef-a251-01aa75ed71a1,https://op.europa.eu/o/opportal-service/download-handler?identifier=3e901799-1124-11ef-a251-01aa75ed71a1&format=fmx4&language=mt&productionSystem=cellar&part=
45,S2,mt,S2,Ħaddiema fil-katina tal-valur,Kondizzjonijiet tax-xogħol,Impjieg sigur,3e901799-1124-11ef-a251-01aa75ed71a1,https://op.europa.eu/o/opportal-service/download-handler?identifier=3e901799-1124-11ef-a251-01aa75ed71a1&format=fmx4&language=mt&productionSystem=cellar&part=
46,S2,mt,S2,Ħaddiema fil-katina tal-valur,Kondizzjonijiet tax-xogħol,Ħin tax-xogħol,3e901799-1124-11ef-a251-01aa75ed71a1,https://op.europa.eu/o/opportal-service/download-handler?identifier=3e901799-1124-11ef-a251-01aa75ed71a1&format=fmx4&language=mt&productionSystem=cellar&part=
47,S2,mt,S2,Ħaddiema fil-katina tal-valur,Kondizzjonijiet tax-xogħol,Pagi adegwati,3e901799-1124-11ef-a251-01aa75ed71a1,https://op.europa.eu/o/opportal-service/download-handler?identifier=3e901799-1124-11ef-a251-01aa75ed71a1&format=fmx4&language=mt&productionSystem=cellar&part=
48,S2,mt,S2,Ħaddiema fil-katina tal-valur,Kondizzjonijiet tax-xogħol,Djalogu soċjali,3e901799-1124-11ef-a251-01aa75ed71a1,https://op.europa.eu/o/opportal-service/download-handler?identifier=3e901799-1124-11ef-a251-01aa75ed71a1&format=fmx4&language=mt&productionSystem=cellar&part=
49,S2,mt,S2,Ħaddiema fil-katina tal-valur,Kondizzjonijiet tax-xogħol,"Il-libertà ta’ assoċjazzjoni, inkluża l-eżistenza ta’ kunsilli tax-xogħol",3e901799-1124-11ef-a251-01aa75ed71a1,https://op.europa.eu/o/opportal-service/download-handler?identifier=3e901799-1124-11ef-a251-01aa75ed71a1&format=fmx4&language=mt&productionSystem=cellar&part=
50,S2,mt,S2,Ħaddiema fil-katina tal-valur,Kondizzjonijiet tax-xogħol,Negozjar kollettiv,3e901799-1124-11ef-a251-01aa75ed71a1,https://op.europa.eu/o/opportal-service/download-handler?identifier=3e901799-1124-11ef-a251-01aa75ed71a1&format=fmx4&language=mt&productionSystem=cellar&part=
51,S2,mt,S2,Ħaddiema fil-katina tal-valur,Kondizzjonijiet tax-xogħol,Bilanċ bejn ix-xogħol u l-ħajja privata,3e901799-1124-11ef-a251-01aa75ed71a1,https://op.europa.eu/o/opportal-service/download-handler?identifier=3e901799-1124-11ef-a251-01aa75ed71a1&format=fmx4&language=mt&productionSystem=cellar&part=
52,S2,mt,S2,Ħaddiema fil-katina tal-valur,Kondizzjonijiet tax-xogħol,Saħħa u sikurezza,3e901799-1124-11ef-a251-01aa75ed71a1,https://op.europa.eu/o/opportal-service/download-handler?identifier=3e901799-1124-11ef-a251-01aa75ed71a1&format=fmx4&language=mt&productionSystem=cellar&part=
53,S2,mt,S2,Ħaddiema fil-katina tal-valur,Trattament u opportunitajiet indaqs għal kulħadd,Ugwaljanza bejn il-ġeneri u paga ugwali għal xogħol ta’ valur ugwali,3e901799-1124-11ef-a251-01aa75ed71a1,https://op.europa.eu/o/opportal-service/download-handler?identifier=3e901799-1124-11ef-a251-01aa75ed71a1&format=fmx4&language=mt&productionSystem=cellar&part=
54,S2,mt,S2,Ħaddiema fil-katina tal-valur,Trattament u opportunitajiet indaqs għal kulħadd,Taħriġ u żvilupp tal-ħiliet,3e901799-1124-11ef-a251-01aa75ed71a1,https://op.europa.eu/o/opportal-service/download-handler?identifier=3e901799-1124-11ef-a251-01aa75ed71a1&format=fmx4&language=mt&productionSystem=cellar&part=
55,S2,mt,S2,Ħaddiema fil-katina tal-valur,Trattament u opportunitajiet indaqs għal kulħadd,L-impjieg u l-inklużjoni ta’ persuni b’diżabilità,3e901799-1124-11ef-a251-01aa75ed71a1,https://op.europa.eu/o/opportal-service/download-handler?identifier=3e901799-1124-11ef-a251-01aa75ed71a1&format=fmx4&language=mt&productionSystem=cellar&part=
56,S2,mt,S2,Ħaddiema fil-katina tal-valur,Trattament u opportunitajiet indaqs għal kulħadd,Miżuri kontra l-vjolenza u l-fastidju fuq il-post tax-xogħol,3e901799-1124-11ef-a251-01aa75ed71a1,https://op.europa.eu/o/opportal-service/download-handler?identifier=3e901799-1124-11ef-a251-01aa75ed71a1&format=fmx4&language=mt&productionSystem=cellar&part=
57,S2,mt,S2,Ħaddiema fil-katina tal-valur,Trattament u opportunitajiet indaqs għal kulħadd,Diversità,3e901799-1124-11ef-a251-01aa75ed71a1,https://op.europa.eu/o/opportal-service/download-handler?identifier=3e901799-1124-11ef-a251-01aa75ed71a1&format=fmx4&language=mt&productionSystem=cellar&part=
58,S2,mt,S2,Ħaddiema fil-katina tal-valur,Drittijiet oħrajn relatati max-xogħol,Tħaddim tat-tfal,3e901799-1124-11ef-a251-01aa75ed71a1,https://op.europa.eu/o/opportal-service/download-handler?identifier=3e901799-1124-11ef-a251-01aa75ed71a1&format=fmx4&language=mt&productionSystem=cellar&part=
59,S2,mt,S2,Ħaddiema fil-katina tal-valur,Drittijiet oħrajn relatati max-xogħol,Xogħol furzat,3e901799-1124-11ef-a251-01aa75ed71a1,https://op.europa.eu/o/opportal-service/download-handler?identifier=3e901799-1124-11ef-a251-01aa75ed71a1&format=fmx4&language=mt&productionSystem=cellar&part=
60,S2,mt,S2,Ħaddiema fil-katina tal-valur,Drittijiet oħrajn relatati max-xogħol,Akkomodazzjoni adegwata,3e901799-1124-11ef-a251-01aa75ed71a1,https://op.europa.eu/o/opportal-service/download-handler?identifier=3e901799-1124-11ef-a251-01aa75ed71a1&format=fmx4&language=mt&productionSystem=cellar&part=
61,S2,mt,S2,Ħaddiema fil-katina tal-valur,Drittijiet oħrajn relatati max-xogħol,Ilma u sanità,3e901799-1124-11ef-a251-01aa75ed71a1,https://op.europa.eu/o/opportal-service/download-handler?identifier=3e901799-1124-11ef-a251-01aa75ed71a1&format=fmx4&language=mt&productionSystem=cellar&part=
62,S2,mt,S2,Ħaddiema fil-katina tal-valur,Drittijiet oħrajn relatati max-xogħol,Privatezza,3e901799-1124-11ef-a251-01aa75ed71a1,https://op.europa.eu/o/opportal-service/download-handler?identifier=3e901799-1124-11ef-a251-01aa75ed71a1&format=fmx4&language=mt&productionSystem=cellar&part=
63,S3,mt,S3,Komunitajiet affettwati,"Drittijiet ekonomiċi, soċjali u kulturali tal-komunitajiet",Akkomodazzjoni adegwata,3e901799-1124-11ef-a251-01aa75ed71a1,https://op.europa.eu/o/opportal-service/download-handler?identifier=3e901799-1124-11ef-a251-01aa75ed71a1&format=fmx4&language=mt&productionSystem=cellar&part=
64,S3,mt,S3,Komunitajiet affettwati,"Drittijiet ekonomiċi, soċjali u kulturali tal-komunitajiet",Ikel adegwat,3e901799-1124-11ef-a251-01aa75ed71a1,https://op.europa.eu/o/opportal-service/download-handler?identifier=3e901799-1124-11ef-a251-01aa75ed71a1&format=fmx4&language=mt&productionSystem=cellar&part=
65,S3,mt,S3,Komunitajiet affettwati,"Drittijiet ekonomiċi, soċjali u kulturali tal-komunitajiet",Ilma u sanità,3e901799-1124-11ef-a251-01aa75ed71a1,https://op.europa.eu/o/opportal-service/download-handler?identifier=3e901799-1124-11ef-a251-01aa75ed71a1&format=fmx4&language=mt&productionSystem=cellar&part=
66,S3,mt,S3,Komunitajiet affettwati,"Drittijiet ekonomiċi, soċjali u kulturali tal-komunitajiet",Impatti relatati mal-art,3e901799-1124-11ef-a251-01aa75ed71a1,https://op.europa.eu/o/opportal-service/download-handler?identifier=3e901799-1124-11ef-a251-01aa75ed71a1&format=fmx4&language=mt&productionSystem=cellar&part=
67,S3,mt,S3,Komunitajiet affettwati,"Drittijiet ekonomiċi, soċjali u kulturali tal-komunitajiet",Impatti relatati mas-sigurtà,3e901799-1124-11ef-a251-01aa75ed71a1,https://op.europa.eu/o/opportal-service/download-handler?identifier=3e901799-1124-11ef-a251-01aa75ed71a1&format=fmx4&language=mt&productionSystem=cellar&part=
68,S3,mt,S3,Komunitajiet affettwati,Drittijiet ċivili u politiċi tal-komunitajiet,Libertà ta’ espressjoni,3e901799-1124-11ef-a251-01aa75ed71a1,https://op.europa.eu/o/opportal-service/download-handler?identifier=3e901799-1124-11ef-a251-01aa75ed71a1&format=fmx4&language=mt&productionSystem=cellar&part=
69,S3,mt,S3,Komunitajiet affettwati,Drittijiet ċivili u politiċi tal-komunitajiet,Libertà ta’ għaqda,3e901799-1124-11ef-a251-01aa75ed71a1,https://op.europa.eu/o/opportal-service/download-handler?identifier=3e901799-1124-11ef-a251-01aa75ed71a1&format=fmx4&language=mt&productionSystem=cellar&part=
70,S3,mt,S3,Komunitajiet affettwati,Drittijiet ċivili u politiċi tal-komunitajiet,Impatti fuq id-difensuri tad-drittijiet tal-bniedem,3e901799-1124-11ef-a251-01aa75ed71a1,https://op.europa.eu/o/opportal-service/download-handler?identifier=3e901799-1124-11ef-a251-01aa75ed71a1&format=fmx4&language=mt&productionSystem=cellar&part=
71,S3,mt,S3,Komunitajiet affettwati,Drittijiet ta’ popli indiġeni,"Kunsens liberu, minn qabel u infurmat",3e901799-1124-11ef-a251-01aa75ed71a1,https://op.europa.eu/o/opportal-service/download-handler?identifier=3e901799-1124-11ef-a251-01aa75ed71a1&format=fmx4&language=mt&productionSystem=cellar&part=
72,S3,mt,S3,Komunitajiet affettwati,Drittijiet ta’ popli indiġeni,Awtodeterminazzjoni,3e901799-1124-11ef-a251-01aa75ed71a1,https://op.europa.eu/o/opportal-service/download-handler?identifier=3e901799-1124-11ef-a251-01aa75ed71a1&format=fmx4&language=mt&productionSystem=cellar&part=
73,S3,mt,S3,Komunitajiet affettwati,Drittijiet ta’ popli indiġeni,Drittijiet kulturali,3e901799-1124-11ef-a251-01aa75ed71a1,https://op.europa.eu/o/opportal-service/download-handler?identifier=3e901799-1124-11ef-a251-01aa75ed71a1&format=fmx4&language=mt&productionSystem=cellar&part=
74,S4,mt,S4,Konsumaturi u utenti finali,Impatti relatati mal-informazzjoni għall-konsumaturi u/jew għall-utenti finali,Privatezza,3e901799-1124-11ef-a251-01aa75ed71a1,https://op.europa.eu/o/opportal-service/download-handler?identifier=3e901799-1124-11ef-a251-01aa75ed71a1&format=fmx4&language=mt&productionSystem=cellar&part=
75,S4,mt,S4,Konsumaturi u utenti finali,Impatti relatati mal-informazzjoni għall-konsumaturi u/jew għall-utenti finali,Libertà ta’ espressjoni,3e901799-1124-11ef-a251-01aa75ed71a1,https://op.europa.eu/o/opportal-service/download-handler?identifier=3e901799-1124-11ef-a251-01aa75ed71a1&format=fmx4&language=mt&productionSystem=cellar&part=
76,S4,mt,S4,Konsumaturi u utenti finali,Impatti relatati mal-informazzjoni għall-konsumaturi u/jew għall-utenti finali,Aċċess għal informazzjoni (ta’ kwalità),3e901799-1124-11ef-a251-01aa75ed71a1,https://op.europa.eu/o/opportal-service/download-handler?identifier=3e901799-1124-11ef-a251-01aa75ed71a1&format=fmx4&language=mt&productionSystem=cellar&part=
77,S4,mt,S4,Konsumaturi u utenti finali,Sikurezza personali tal-konsumaturi u/jew tal-utenti finali,Saħħa u sikurezza,3e901799-1124-11ef-a251-01aa75ed71a1,https://op.europa.eu/o/opportal-service/download-handler?identifier=3e901799-1124-11ef-a251-01aa75ed71a1&format=fmx4&language=mt&productionSystem=cellar&part=
78,S4,mt,S4,Konsumaturi u utenti finali,Sikurezza personali tal-konsumaturi u/jew tal-utenti finali,Sigurtà ta’ persuna,3e901799-1124-11ef-a251-01aa75ed71a1,https://op.europa.eu/o/opportal-service/download-handler?identifier=3e901799-1124-11ef-a251-01aa75ed71a1&format=fmx4&language=mt&productionSystem=cellar&part=
79,S4,mt,S4,Konsumaturi u utenti finali,Sikurezza personali tal-konsumaturi u/jew tal-utenti finali,Protezzjoni tat-tfal,3e901799-1124-11ef-a251-01aa75ed71a1,https://op.europa.eu/o/opportal-service/download-handler?identifier=3e901799-1124-11ef-a251-01aa75ed71a1&format=fmx4&language=mt&productionSystem=cellar&part=
80,S4,mt,S4,Konsumaturi u utenti finali,Inklużjoni soċjali tal-konsumaturi u/jew tal-utenti finali,Nondiskriminazzjoni,3e901799-1124-11ef-a251-01aa75ed71a1,https://op.europa.eu/o/opportal-service/download-handler?identifier=3e901799-1124-11ef-a251-01aa75ed71a1&format=fmx4&language=mt&productionSystem=cellar&part=
81,S4,mt,S4,Konsumaturi u utenti finali,Inklużjoni soċjali tal-konsumaturi u/jew tal-utenti finali,Aċċess għal prodotti u servizzi,3e901799-1124-11ef-a251-01aa75ed71a1,https://op.europa.eu/o/opportal-service/download-handler?identifier=3e901799-1124-11ef-a251-01aa75ed71a1&format=fmx4&language=mt&productionSystem=cellar&part=
82,S4,mt,S4,Konsumaturi u utenti finali,Inklużjoni soċjali tal-konsumaturi u/jew tal-utenti finali,Responsabbli prattiki ta’ kummerċjalizzazzjoni,3e901799-1124-11ef-a251-01aa75ed71a1,https://op.europa.eu/o/opportal-service/download-handler?identifier=3e901799-1124-11ef-a251-01aa75ed71a1&format=fmx4&language=mt&productionSystem=cellar&part=
83,G1,mt,G1,Kondotta kummerċjali,Kultura korporattiva,,3e901799-1124-11ef-a251-01aa75ed71a1,https://op.europa.eu/o/opportal-service/download-handler?identifier=3e901799-1124-11ef-a251-01aa75ed71a1&format=fmx4&language=mt&productionSystem=cellar&part=
84,G1,mt,G1,Kondotta kummerċjali,Protezzjoni tal-informaturi,,3e901799-1124-11ef-a251-01aa75ed71a1,https://op.europa.eu/o/opportal-service/download-handler?identifier=3e901799-1124-11ef-a251-01aa75ed71a1&format=fmx4&language=mt&productionSystem=cellar&part=
85,G1,mt,G1,Kondotta kummerċjali,Trattament xieraq tal-annimali,,3e901799-1124-11ef-a251-01aa75ed71a1,https://op.europa.eu/o/opportal-service/download-handler?identifier=3e901799-1124-11ef-a251-01aa75ed71a1&format=fmx4&language=mt&productionSystem=cellar&part=
86,G1,mt,G1,Kondotta kummerċjali,Impenn politiku u attivitajiet ta’ lobbying,,3e901799-1124-11ef-a251-01aa75ed71a1,https://op.europa.eu/o/opportal-service/download-handler?identifier=3e901799-1124-11ef-a251-01aa75ed71a1&format=fmx4&language=mt&productionSystem=cellar&part=
87,G1,mt,G1,Kondotta kummerċjali,Ġestjoni tar-relazzjonijiet mal-fornituri inklużi prattiki ta’ ħlas,,3e901799-1124-11ef-a251-01aa75ed71a1,https://op.europa.eu/o/opportal-service/download-handler?identifier=3e901799-1124-11ef-a251-01aa75ed71a1&format=fmx4&language=mt&productionSystem=cellar&part=
88,G1,mt,G1,Kondotta kummerċjali,Korruzzjoni u tixħim,Prevenzjoni u detezzjoni inkluż taħriġ,3e901799-1124-11ef-a251-01aa75ed71a1,https://op.europa.eu/o/opportal-service/download-handler?identifier=3e901799-1124-11ef-a251-01aa75ed71a1&format=fmx4&language=mt&productionSystem=cellar&part=
89,G1,mt,G1,Kondotta kummerċjali,Korruzzjoni u tixħim,Inċidenti,3e901799-1124-11ef-a251-01aa75ed71a1,https://op.europa.eu/o/opportal-service/download-handler?identifier=3e901799-1124-11ef-a251-01aa75ed71a1&format=fmx4&language=mt&productionSystem=cellar&part=
1,E1,nl,E1,Klimaat-verandering,Klimaatadaptatie,,3e901799-1124-11ef-a251-01aa75ed71a1,https://op.europa.eu/o/opportal-service/download-handler?identifier=3e901799-1124-11ef-a251-01aa75ed71a1&format=fmx4&language=nl&productionSystem=cellar&part=
2,E1,nl,E1,Klimaat-verandering,Klimaatmitigatie,,3e901799-1124-11ef-a251-01aa75ed71a1,https://op.europa.eu/o/opportal-service/download-handler?identifier=3e901799-1124-11ef-a251-01aa75ed71a1&format=fmx4&language=nl&productionSystem=cellar&part=
3,E1,nl,E1,Klimaat-verandering,Energie,,3e901799-1124-11ef-a251-01aa75ed71a1,https://op.europa.eu/o/opportal-service/download-handler?identifier=3e901799-1124-11ef-a251-01aa75ed71a1&format=fmx4&language=nl&productionSystem=cellar&part=
4,E2,nl,E2,Verontreiniging,Luchtverontreiniging,,3e901799-1124-11ef-a251-01aa75ed71a1,https://op.europa.eu/o/opportal-service/download-handler?identifier=3e901799-1124-11ef-a251-01aa75ed71a1&format=fmx4&language=nl&productionSystem=cellar&part=
5,E2,nl,E2,Verontreiniging,Waterverontreiniging,,3e901799-1124-11ef-a251-01aa75ed71a1,https://op.europa.eu/o/opportal-service/download-handler?identifier=3e901799-1124-11ef-a251-01aa75ed71a1&format=fmx4&language=nl&productionSystem=cellar&part=
6,E2,nl,E2,Verontreiniging,Bodemverontreiniging,,3e901799-1124-11ef-a251-01aa75ed71a1,https://op.europa.eu/o/opportal-service/download-handler?identifier=3e901799-1124-11ef-a251-01aa75ed71a1&format=fmx4&language=nl&productionSystem=cellar&part=
7,E2,nl,E2,Verontreiniging,Verontreiniging levende organismen en voedselbronnen,,3e901799-1124-11ef-a251-01aa75ed71a1,https://op.europa.eu/o/opportal-service/download-handler?identifier=3e901799-1124-11ef-a251-01aa75ed71a1&format=fmx4&language=nl&productionSystem=cellar&part=
8,E2,nl,E2,Verontreiniging,Zorgwekkende stoffen,,3e901799-1124-11ef-a251-01aa75ed71a1,https://op.europa.eu/o/opportal-service/download-handler?identifier=3e901799-1124-11ef-a251-01aa75ed71a1&format=fmx4&language=nl&productionSystem=cellar&part=
9,E2,nl,E2,Verontreiniging,Zeer zorgwekkende stoffen,,3e901799-1124-11ef-a251-01aa75ed71a1,https://op.europa.eu/o/opportal-service/download-handler?identifier=3e901799-1124-11ef-a251-01aa75ed71a1&format=fmx4&language=nl&productionSystem=cellar&part=
10,E2,nl,E2,Verontreiniging,Microplastics,,3e901799-1124-11ef-a251-01aa75ed71a1,https://op.europa.eu/o/opportal-service/download-handler?identifier=3e901799-1124-11ef-a251-01aa75ed71a1&format=fmx4&language=nl&productionSystem=cellar&part=
11,E3,nl,E3,Water en mariene hulpbronnen,Water,Waterverbruik,3e901799-1124-11ef-a251-01aa75ed71a1,https://op.europa.eu/o/opportal-service/download-handler?identifier=3e901799-1124-11ef-a251-01aa75ed71a1&format=fmx4&language=nl&productionSystem=cellar&part=
12,E3,nl,E3,Water en mariene hulpbronnen,Water,Wateronttrekking,3e901799-1124-11ef-a251-01aa75ed71a1,https://op.europa.eu/o/opportal-service/download-handler?identifier=3e901799-1124-11ef-a251-01aa75ed71a1&format=fmx4&language=nl&productionSystem=cellar&part=
13,E3,nl,E3,Water en mariene hulpbronnen,Water,Waterlozing,3e901799-1124-11ef-a251-01aa75ed71a1,https://op.europa.eu/o/opportal-service/download-handler?identifier=3e901799-1124-11ef-a251-01aa75ed71a1&format=fmx4&language=nl&productionSystem=cellar&part=
14,E3,nl,E3,Water en mariene hulpbronnen,Water,Waterlozing in oceanen,3e901799-1124-11ef-a251-01aa75ed71a1,https://op.europa.eu/o/opportal-service/download-handler?identifier=3e901799-1124-11ef-a251-01aa75ed71a1&format=fmx4&language=nl&productionSystem=cellar&part=
15,E3,nl,E3,Water en mariene hulpbronnen,Mariene hulpbronnen,Ontginning en gebruik mariene hulpbronnen,3e901799-1124-11ef-a251-01aa75ed71a1,https://op.europa.eu/o/opportal-service/download-handler?identifier=3e901799-1124-11ef-a251-01aa75ed71a1&format=fmx4&language=nl&productionSystem=cellar&part=
16,E4,nl,E4,Biodiversiteit en ecosystemen,Directe drukfactoren biodiversiteitsverlies,Klimaatverandering,3e901799-1124-11ef-a251-01aa75ed71a1,https://op.europa.eu/o/opportal-service/download-handler?identifier=3e901799-1124-11ef-a251-01aa75ed71a1&format=fmx4&language=nl&productionSystem=cellar&part=
17,E4,nl,E4,Biodiversiteit en ecosystemen,Directe drukfactoren biodiversiteitsverlies,"Verandering in gebruik land, zoet water en zee",3e901799-1124-11ef-a251-01aa75ed71a1,https://op.europa.eu/o/opportal-service/download-handler?identifier=3e901799-1124-11ef-a251-01aa75ed71a1&format=fmx4&language=nl&productionSystem=cellar&part=
18,E4,nl,E4,Biodiversiteit en ecosystemen,Directe drukfactoren biodiversiteitsverlies,Directe exploitatie,3e901799-1124-11ef-a251-01aa75ed71a1,https://op.europa.eu/o/opportal-service/download-handler?identifier=3e901799-1124-11ef-a251-01aa75ed71a1&format=fmx4&language=nl&productionSystem=cellar&part=
19,E4,nl,E4,Biodiversiteit en ecosystemen,Directe drukfactoren biodiversiteitsverlies,Invasieve exoten,3e901799-1124-11ef-a251-01aa75ed71a1,https://op.europa.eu/o/opportal-service/download-handler?identifier=3e901799-1124-11ef-a251-01aa75ed71a1&format=fmx4&language=nl&productionSystem=cellar&part=
20,E4,nl,E4,Biodiversiteit en ecosystemen,Directe drukfactoren biodiversiteitsverlies,Verontreiniging,3e901799-1124-11ef-a251-01aa75ed71a1,https://op.europa.eu/o/opportal-service/download-handler?identifier=3e901799-1124-11ef-a251-01aa75ed71a1&format=fmx4&language=nl&productionSystem=cellar&part=
21,E4,nl,E4,Biodiversiteit en ecosystemen,Directe drukfactoren biodiversiteitsverlies,Overig,3e901799-1124-11ef-a251-01aa75ed71a1,https://op.europa.eu/o/opportal-service/download-handler?identifier=3e901799-1124-11ef-a251-01aa75ed71a1&format=fmx4&language=nl&productionSystem=cellar&part=
22,E4,nl,E4,Biodiversiteit en ecosystemen,Impact op toestand soorten,,3e901799-1124-11ef-a251-01aa75ed71a1,https://op.europa.eu/o/opportal-service/download-handler?identifier=3e901799-1124-11ef-a251-01aa75ed71a1&format=fmx4&language=nl&productionSystem=cellar&part=
23,E4,nl,E4,Biodiversiteit en ecosystemen,Impact op omvang en toestand ecosystemen,,3e901799-1124-11ef-a251-01aa75ed71a1,https://op.europa.eu/o/opportal-service/download-handler?identifier=3e901799-1124-11ef-a251-01aa75ed71a1&format=fmx4&language=nl&productionSystem=cellar&part=
24,E4,nl,E4,Biodiversiteit en ecosystemen,Impacts op en afhankelijkheden van ecosysteemdiensten,,3e901799-1124-11ef-a251-01aa75ed71a1,https://op.europa.eu/o/opportal-service/download-handler?identifier=3e901799-1124-11ef-a251-01aa75ed71a1&format=fmx4&language=nl&productionSystem=cellar&part=
25,E5,nl,E5,Circulaire economie,"Materiaalinstromen, incl. materiaalgebruik",,3e901799-1124-11ef-a251-01aa75ed71a1,https://op.europa.eu/o/opportal-service/download-handler?identifier=3e901799-1124-11ef-a251-01aa75ed71a1&format=fmx4&language=nl&productionSystem=cellar&part=
26,E5,nl,E5,Circulaire economie,Materiaaluitstromen m.b.t. producten en diensten,,3e901799-1124-11ef-a251-01aa75ed71a1,https://op.europa.eu/o/opportal-service/download-handler?identifier=3e901799-1124-11ef-a251-01aa75ed71a1&format=fmx4&language=nl&productionSystem=cellar&part=
27,E5,nl,E5,Circulaire economie,Afval(stoffen),,3e901799-1124-11ef-a251-01aa75ed71a1,https://op.europa.eu/o/opportal-service/download-handler?identifier=3e901799-1124-11ef-a251-01aa75ed71a1&format=fmx4&language=nl&productionSystem=cellar&part=
28,S1,nl,S1,Eigen personeel,Arbeidsvoorwaarden,Baanzekerheid,3e901799-1124-11ef-a251-01aa75ed71a1,https://op.europa.eu/o/opportal-service/download-handler?identifier=3e901799-1124-11ef-a251-01aa75ed71a1&format=fmx4&language=nl&productionSystem=cellar&part=
29,S1,nl,S1,Eigen personeel,Arbeidsvoorwaarden,Werktijden,3e901799-1124-11ef-a251-01aa75ed71a1,https://op.europa.eu/o/opportal-service/download-handler?identifier=3e901799-1124-11ef-a251-01aa75ed71a1&format=fmx4&language=nl&productionSystem=cellar&part=
30,S1,nl,S1,Eigen personeel,Arbeidsvoorwaarden,Leefbaar loon,3e901799-1124-11ef-a251-01aa75ed71a1,https://op.europa.eu/o/opportal-service/download-handler?identifier=3e901799-1124-11ef-a251-01aa75ed71a1&format=fmx4&language=nl&productionSystem=cellar&part=
31,S1,nl,S1,Eigen personeel,Arbeidsvoorwaarden,Sociale dialoog,3e901799-1124-11ef-a251-01aa75ed71a1,https://op.europa.eu/o/opportal-service/download-handler?identifier=3e901799-1124-11ef-a251-01aa75ed71a1&format=fmx4&language=nl&productionSystem=cellar&part=
32,S1,nl,S1,Eigen personeel,Arbeidsvoorwaarden,"Vrijheid van vereniging, het bestaan van ondernemingsraden, en de informatie-, consultatie- en participatierechten van werknemers",3e901799-1124-11ef-a251-01aa75ed71a1,https://op.europa.eu/o/opportal-service/download-handler?identifier=3e901799-1124-11ef-a251-01aa75ed71a1&format=fmx4&language=nl&productionSystem=cellar&part=
33,S1,nl,S1,Eigen personeel,Arbeidsvoorwaarden,"Collectieve onderhandelingen, incl. cao-dekkingsgraad werknemers",3e901799-1124-11ef-a251-01aa75ed71a1,https://op.europa.eu/o/opportal-service/download-handler?identifier=3e901799-1124-11ef-a251-01aa75ed71a1&format=fmx4&language=nl&productionSystem=cellar&part=
34,S1,nl,S1,Eigen personeel,Arbeidsvoorwaarden,Werk-privébalans,3e901799-1124-11ef-a251-01aa75ed71a1,https://op.europa.eu/o/opportal-service/download-handler?identifier=3e901799-1124-11ef-a251-01aa75ed71a1&format=fmx4&language=nl&productionSystem=cellar&part=
35,S1,nl,S1,Eigen personeel,Arbeidsvoorwaarden,Veiligheid en gezondheid,3e901799-1124-11ef-a251-01aa75ed71a1,https://op.europa.eu/o/opportal-service/download-handler?identifier=3e901799-1124-11ef-a251-01aa75ed71a1&format=fmx4&language=nl&productionSystem=cellar&part=
36,S1,nl,S1,Eigen personeel,Gelijke behandeling en gelijke kansen voor iedereen,Gendergelijkheid en gelijke beloning bij gelijkwaardig werk,3e901799-1124-11ef-a251-01aa75ed71a1,https://op.europa.eu/o/opportal-service/download-handler?identifier=3e901799-1124-11ef-a251-01aa75ed71a1&format=fmx4&language=nl&productionSystem=cellar&part=
37,S1,nl,S1,Eigen personeel,Gelijke behandeling en gelijke kansen voor iedereen,Opleiding en ontwikkeling vaardigheden,3e901799-1124-11ef-a251-01aa75ed71a1,https://op.europa.eu/o/opportal-service/download-handler?identifier=3e901799-1124-11ef-a251-01aa75ed71a1&format=fmx4&language=nl&productionSystem=cellar&part=
38,S1,nl,S1,Eigen personeel,Gelijke behandeling en gelijke kansen voor iedereen,Werkgelegenheid voor en inclusie van mensen met een beperking,3e901799-1124-11ef-a251-01aa75ed71a1,https://op.europa.eu/o/opportal-service/download-handler?identifier=3e901799-1124-11ef-a251-01aa75ed71a1&format=fmx4&language=nl&productionSystem=cellar&part=
39,S1,nl,S1,Eigen personeel,Gelijke behandeling en gelijke kansen voor iedereen,Maatregelen tegen geweld en intimidatie op de werkvloer,3e901799-1124-11ef-a251-01aa75ed71a1,https://op.europa.eu/o/opportal-service/download-handler?identifier=3e901799-1124-11ef-a251-01aa75ed71a1&format=fmx4&language=nl&productionSystem=cellar&part=
40,S1,nl,S1,Eigen personeel,Gelijke behandeling en gelijke kansen voor iedereen,Diversiteit,3e901799-1124-11ef-a251-01aa75ed71a1,https://op.europa.eu/o/opportal-service/download-handler?identifier=3e901799-1124-11ef-a251-01aa75ed71a1&format=fmx4&language=nl&productionSystem=cellar&part=
41,S1,nl,S1,Eigen personeel,Andere arbeidsrechten,Kinderarbeid,3e901799-1124-11ef-a251-01aa75ed71a1,https://op.europa.eu/o/opportal-service/download-handler?identifier=3e901799-1124-11ef-a251-01aa75ed71a1&format=fmx4&language=nl&productionSystem=cellar&part=
42,S1,nl,S1,Eigen personeel,Andere arbeidsrechten,Gedwongen arbeid,3e901799-1124-11ef-a251-01aa75ed71a1,https://op.europa.eu/o/opportal-service/download-handler?identifier=3e901799-1124-11ef-a251-01aa75ed71a1&format=fmx4&language=nl&productionSystem=cellar&part=
43,S1,nl,S1,Eigen personeel,Andere arbeidsrechten,Adequate huisvesting,3e901799-1124-11ef-a251-01aa75ed71a1,https://op.europa.eu/o/opportal-service/download-handler?identifier=3e901799-1124-11ef-a251-01aa75ed71a1&format=fmx4&language=nl&productionSystem=cellar&part=
44,S1,nl,S1,Eigen personeel,Andere arbeidsrechten,Privacy,3e901799-1124-11ef-a251-01aa75ed71a1,https://op.europa.eu/o/opportal-service/download-handler?identifier=3e901799-1124-11ef-a251-01aa75ed71a1&format=fmx4&language=nl&productionSystem=cellar&part=
45,S2,nl,S2,Werknemers in de waardeketen,Arbeidsvoorwaarden,Baanzekerheid,3e901799-1124-11ef-a251-01aa75ed71a1,https://op.europa.eu/o/opportal-service/download-handler?identifier=3e901799-1124-11ef-a251-01aa75ed71a1&format=fmx4&language=nl&productionSystem=cellar&part=
46,S2,nl,S2,Werknemers in de waardeketen,Arbeidsvoorwaarden,Werktijden,3e901799-1124-11ef-a251-01aa75ed71a1,https://op.europa.eu/o/opportal-service/download-handler?identifier=3e901799-1124-11ef-a251-01aa75ed71a1&format=fmx4&language=nl&productionSystem=cellar&part=
47,S2,nl,S2,Werknemers in de waardeketen,Arbeidsvoorwaarden,Leefbaar loon,3e901799-1124-11ef-a251-01aa75ed71a1,https://op.europa.eu/o/opportal-service/download-handler?identifier=3e901799-1124-11ef-a251-01aa75ed71a1&format=fmx4&language=nl&productionSystem=cellar&part=
48,S2,nl,S2,Werknemers in de waardeketen,Arbeidsvoorwaarden,Sociale dialoog,3e901799-1124-11ef-a251-01aa75ed71a1,https://op.europa.eu/o/opportal-service/download-handler?identifier=3e901799-1124-11ef-a251-01aa75ed71a1&format=fmx4&language=nl&productionSystem=cellar&part=
49,S2,nl,S2,Werknemers in de waardeketen,Arbeidsvoorwaarden,"Vrijheid van vereniging, incl. bestaan ondernemingsraden",3e901799-1124-11ef-a251-01aa75ed71a1,https://op.europa.eu/o/opportal-service/download-handler?identifier=3e901799-1124-11ef-a251-01aa75ed71a1&format=fmx4&language=nl&productionSystem=cellar&part=
50,S2,nl,S2,Werknemers in de waardeketen,Arbeidsvoorwaarden,Collectieve onderhandelingen,3e901799-1124-11ef-a251-01aa75ed71a1,https://op.europa.eu/o/opportal-service/download-handler?identifier=3e901799-1124-11ef-a251-01aa75ed71a1&format=fmx4&language=nl&productionSystem=cellar&part=
51,S2,nl,S2,Werknemers in de waardeketen,Arbeidsvoorwaarden,Werk-privébalans,3e901799-1124-11ef-a251-01aa75ed71a1,https://op.europa.eu/o/opportal-service/download-handler?identifier=3e901799-1124-11ef-a251-01aa75ed71a1&format=fmx4&language=nl&productionSystem=cellar&part=
52,S2,nl,S2,Werknemers in de waardeketen,Arbeidsvoorwaarden,Veiligheid en gezondheid,3e901799-1124-11ef-a251-01aa75ed71a1,https://op.europa.eu/o/opportal-service/download-handler?identifier=3e901799-1124-11ef-a251-01aa75ed71a1&format=fmx4&language=nl&productionSystem=cellar&part=
53,S2,nl,S2,Werknemers in de waardeketen,Gelijke behandeling en gelijke kansen voor iedereen,Gendergelijkheid en gelijke beloning bij gelijkwaardig werk,3e901799-1124-11ef-a251-01aa75ed71a1,https://op.europa.eu/o/opportal-service/download-handler?identifier=3e901799-1124-11ef-a251-01aa75ed71a1&format=fmx4&language=nl&productionSystem=cellar&part=
54,S2,nl,S2,Werknemers in de waardeketen,Gelijke behandeling en gelijke kansen voor iedereen,Opleiding en ontwikkeling vaardigheden,3e901799-1124-11ef-a251-01aa75ed71a1,https://op.europa.eu/o/opportal-service/download-handler?identifier=3e901799-1124-11ef-a251-01aa75ed71a1&format=fmx4&language=nl&productionSystem=cellar&part=
55,S2,nl,S2,Werknemers in de waardeketen,Gelijke behandeling en gelijke kansen voor iedereen,Werkgelegenheid voor en inclusie van mensen met een beperking,3e901799-1124-11ef-a251-01aa75ed71a1,https://op.europa.eu/o/opportal-service/download-handler?identifier=3e901799-1124-11ef-a251-01aa75ed71a1&format=fmx4&language=nl&productionSystem=cellar&part=
56,S2,nl,S2,Werknemers in de waardeketen,Gelijke behandeling en gelijke kansen voor iedereen,Maatregelen tegen geweld en intimidatie op de werkvloer,3e901799-1124-11ef-a251-01aa75ed71a1,https://op.europa.eu/o/opportal-service/download-handler?identifier=3e901799-1124-11ef-a251-01aa75ed71a1&format=fmx4&language=nl&productionSystem=cellar&part=
57,S2,nl,S2,Werknemers in de waardeketen,Gelijke behandeling en gelijke kansen voor iedereen,Diversiteit,3e901799-1124-11ef-a251-01aa75ed71a1,https://op.europa.eu/o/opportal-service/download-handler?identifier=3e901799-1124-11ef-a251-01aa75ed71a1&format=fmx4&language=nl&productionSystem=cellar&part=
58,S2,nl,S2,Werknemers in de waardeketen,Andere arbeidsrechten,Kinderarbeid,3e901799-1124-11ef-a251-01aa75ed71a1,https://op.europa.eu/o/opportal-service/download-handler?identifier=3e901799-1124-11ef-a251-01aa75ed71a1&format=fmx4&language=nl&productionSystem=cellar&part=
59,S2,nl,S2,Werknemers in de waardeketen,Andere arbeidsrechten,Gedwongen arbeid,3e901799-1124-11ef-a251-01aa75ed71a1,https://op.europa.eu/o/opportal-service/download-handler?identifier=3e901799-1124-11ef-a251-01aa75ed71a1&format=fmx4&language=nl&productionSystem=cellar&part=
60,S2,nl,S2,Werknemers in de waardeketen,Andere arbeidsrechten,Adequate huisvesting,3e901799-1124-11ef-a251-01aa75ed71a1,https://op.europa.eu/o/opportal-service/download-handler?identifier=3e901799-1124-11ef-a251-01aa75ed71a1&format=fmx4&language=nl&productionSystem=cellar&part=
61,S2,nl,S2,Werknemers in de waardeketen,Andere arbeidsrechten,Schoon water en sanitair,3e901799-1124-11ef-a251-01aa75ed71a1,https://op.europa.eu/o/opportal-service/download-handler?identifier=3e901799-1124-11ef-a251-01aa75ed71a1&format=fmx4&language=nl&productionSystem=cellar&part=
62,S2,nl,S2,Werknemers in de waardeketen,Andere arbeidsrechten,Privacy,3e901799-1124-11ef-a251-01aa75ed71a1,https://op.europa.eu/o/opportal-service/download-handler?identifier=3e901799-1124-11ef-a251-01aa75ed71a1&format=fmx4&language=nl&productionSystem=cellar&part=
63,S3,nl,S3,Getroffen gemeen-schappen,"Economische, sociale en culturele rechten van gemeenschappen",Adequate huisvesting,3e901799-1124-11ef-a251-01aa75ed71a1,https://op.europa.eu/o/opportal-service/download-handler?identifier=3e901799-1124-11ef-a251-01aa75ed71a1&format=fmx4&language=nl&productionSystem=cellar&part=
64,S3,nl,S3,Getroffen gemeen-schappen,"Economische, sociale en culturele rechten van gemeenschappen",Voldoende te eten,3e901799-1124-11ef-a251-01aa75ed71a1,https://op.europa.eu/o/opportal-service/download-handler?identifier=3e901799-1124-11ef-a251-01aa75ed71a1&format=fmx4&language=nl&productionSystem=cellar&part=
65,S3,nl,S3,Getroffen gemeen-schappen,"Economische, sociale en culturele rechten van gemeenschappen",Schoon water en sanitair,3e901799-1124-11ef-a251-01aa75ed71a1,https://op.europa.eu/o/opportal-service/download-handler?identifier=3e901799-1124-11ef-a251-01aa75ed71a1&format=fmx4&language=nl&productionSystem=cellar&part=
66,S3,nl,S3,Getroffen gemeen-schappen,"Economische, sociale en culturele rechten van gemeenschappen",Impact op gronden,3e901799-1124-11ef-a251-01aa75ed71a1,https://op.europa.eu/o/opportal-service/download-handler?identifier=3e901799-1124-11ef-a251-01aa75ed71a1&format=fmx4&language=nl&productionSystem=cellar&part=
67,S3,nl,S3,Getroffen gemeen-schappen,"Economische, sociale en culturele rechten van gemeenschappen",Impact op veiligheid,3e901799-1124-11ef-a251-01aa75ed71a1,https://op.europa.eu/o/opportal-service/download-handler?identifier=3e901799-1124-11ef-a251-01aa75ed71a1&format=fmx4&language=nl&productionSystem=cellar&part=
68,S3,nl,S3,Getroffen gemeen-schappen,Burger- en politieke rechten van gemeenschappen,Vrijheid van meningsuiting,3e901799-1124-11ef-a251-01aa75ed71a1,https://op.europa.eu/o/opportal-service/download-handler?identifier=3e901799-1124-11ef-a251-01aa75ed71a1&format=fmx4&language=nl&productionSystem=cellar&part=
69,S3,nl,S3,Getroffen gemeen-schappen,Burger- en politieke rechten van gemeenschappen,Vrijheid van vergadering,3e901799-1124-11ef-a251-01aa75ed71a1,https://op.europa.eu/o/opportal-service/download-handler?identifier=3e901799-1124-11ef-a251-01aa75ed71a1&format=fmx4&language=nl&productionSystem=cellar&part=
70,S3,nl,S3,Getroffen gemeen-schappen,Burger- en politieke rechten van gemeenschappen,Impacts op verdedigers mensenrechten,3e901799-1124-11ef-a251-01aa75ed71a1,https://op.europa.eu/o/opportal-service/download-handler?identifier=3e901799-1124-11ef-a251-01aa75ed71a1&format=fmx4&language=nl&productionSystem=cellar&part=
71,S3,nl,S3,Getroffen gemeen-schappen,Rechten inheemse volken,"Vrijwillige, voorafgaande en geïnformeerde instemming",3e901799-1124-11ef-a251-01aa75ed71a1,https://op.europa.eu/o/opportal-service/download-handler?identifier=3e901799-1124-11ef-a251-01aa75ed71a1&format=fmx4&language=nl&productionSystem=cellar&part=
72,S3,nl,S3,Getroffen gemeen-schappen,Rechten inheemse volken,Zelfbeschikking,3e901799-1124-11ef-a251-01aa75ed71a1,https://op.europa.eu/o/opportal-service/download-handler?identifier=3e901799-1124-11ef-a251-01aa75ed71a1&format=fmx4&language=nl&productionSystem=cellar&part=
73,S3,nl,S3,Getroffen gemeen-schappen,Rechten inheemse volken,Culturele rechten,3e901799-1124-11ef-a251-01aa75ed71a1,https://op.europa.eu/o/opportal-service/download-handler?identifier=3e901799-1124-11ef-a251-01aa75ed71a1&format=fmx4&language=nl&productionSystem=cellar&part=
74,S4,nl,S4,Consumenten en eindgebruikers,Impact op informatie voor consumenten en/of eindgebruikers,Privacy,3e901799-1124-11ef-a251-01aa75ed71a1,https://op.europa.eu/o/opportal-service/download-handler?identifier=3e901799-1124-11ef-a251-01aa75ed71a1&format=fmx4&language=nl&productionSystem=cellar&part=
75,S4,nl,S4,Consumenten en eindgebruikers,Impact op informatie voor consumenten en/of eindgebruikers,Vrijheid van meningsuiting,3e901799-1124-11ef-a251-01aa75ed71a1,https://op.europa.eu/o/opportal-service/download-handler?identifier=3e901799-1124-11ef-a251-01aa75ed71a1&format=fmx4&language=nl&productionSystem=cellar&part=
76,S4,nl,S4,Consumenten en eindgebruikers,Impact op informatie voor consumenten en/of eindgebruikers,Toegang tot (kwalitatieve) informatie,3e901799-1124-11ef-a251-01aa75ed71a1,https://op.europa.eu/o/opportal-service/download-handler?identifier=3e901799-1124-11ef-a251-01aa75ed71a1&format=fmx4&language=nl&productionSystem=cellar&part=
77,S4,nl,S4,Consumenten en eindgebruikers,Persoonlijke veiligheid consumenten en/of eindgebruikers,Veiligheid en gezondheid,3e901799-1124-11ef-a251-01aa75ed71a1,https://op.europa.eu/o/opportal-service/download-handler?identifier=3e901799-1124-11ef-a251-01aa75ed71a1&format=fmx4&language=nl&productionSystem=cellar&part=
78,S4,nl,S4,Consumenten en eindgebruikers,Persoonlijke veiligheid consumenten en/of eindgebruikers,Veiligheid van een persoon,3e901799-1124-11ef-a251-01aa75ed71a1,https://op.europa.eu/o/opportal-service/download-handler?identifier=3e901799-1124-11ef-a251-01aa75ed71a1&format=fmx4&language=nl&productionSystem=cellar&part=
79,S4,nl,S4,Consumenten en eindgebruikers,Persoonlijke veiligheid consumenten en/of eindgebruikers,Bescherming kinderen,3e901799-1124-11ef-a251-01aa75ed71a1,https://op.europa.eu/o/opportal-service/download-handler?identifier=3e901799-1124-11ef-a251-01aa75ed71a1&format=fmx4&language=nl&productionSystem=cellar&part=
80,S4,nl,S4,Consumenten en eindgebruikers,Sociale inclusie consumenten en/of eindgebruikers,Non-discriminatie,3e901799-1124-11ef-a251-01aa75ed71a1,https://op.europa.eu/o/opportal-service/download-handler?identifier=3e901799-1124-11ef-a251-01aa75ed71a1&format=fmx4&language=nl&productionSystem=cellar&part=
81,S4,nl,S4,Consumenten en eindgebruikers,Sociale inclusie consumenten en/of eindgebruikers,Toegang tot producten en diensten,3e901799-1124-11ef-a251-01aa75ed71a1,https://op.europa.eu/o/opportal-service/download-handler?identifier=3e901799-1124-11ef-a251-01aa75ed71a1&format=fmx4&language=nl&productionSystem=cellar&part=
82,S4,nl,S4,Consumenten en eindgebruikers,Sociale inclusie consumenten en/of eindgebruikers,Maatschappelijk verantwoorde marketingpraktijken,3e901799-1124-11ef-a251-01aa75ed71a1,https://op.europa.eu/o/opportal-service/download-handler?identifier=3e901799-1124-11ef-a251-01aa75ed71a1&format=fmx4&language=nl&productionSystem=cellar&part=
83,G1,nl,G1,Zakelijk gedrag,Bedrijfscultuur,,3e901799-1124-11ef-a251-01aa75ed71a1,https://op.europa.eu/o/opportal-service/download-handler?identifier=3e901799-1124-11ef-a251-01aa75ed71a1&format=fmx4&language=nl&productionSystem=cellar&part=
84,G1,nl,G1,Zakelijk gedrag,Bescherming klokkenluiders,,3e901799-1124-11ef-a251-01aa75ed71a1,https://op.europa.eu/o/opportal-service/download-handler?identifier=3e901799-1124-11ef-a251-01aa75ed71a1&format=fmx4&language=nl&productionSystem=cellar&part=
85,G1,nl,G1,Zakelijk gedrag,Dierenwelzijn,,3e901799-1124-11ef-a251-01aa75ed71a1,https://op.europa.eu/o/opportal-service/download-handler?identifier=3e901799-1124-11ef-a251-01aa75ed71a1&format=fmx4&language=nl&productionSystem=cellar&part=
86,G1,nl,G1,Zakelijk gedrag,Verhouding met de politiek en lobbyactiviteiten,,3e901799-1124-11ef-a251-01aa75ed71a1,https://op.europa.eu/o/opportal-service/download-handler?identifier=3e901799-1124-11ef-a251-01aa75ed71a1&format=fmx4&language=nl&productionSystem=cellar&part=
87,G1,nl,G1,Zakelijk gedrag,"Beheer relaties met leveranciers, incl. betalingspraktijken",,3e901799-1124-11ef-a251-01aa75ed71a1,https://op.europa.eu/o/opportal-service/download-handler?identifier=3e901799-1124-11ef-a251-01aa75ed71a1&format=fmx4&language=nl&productionSystem=cellar&part=
88,G1,nl,G1,Zakelijk gedrag,Corruptie en omkoping,"Preventie en opsporing, incl. opleiding",3e901799-1124-11ef-a251-01aa75ed71a1,https://op.europa.eu/o/opportal-service/download-handler?identifier=3e901799-1124-11ef-a251-01aa75ed71a1&format=fmx4&language=nl&productionSystem=cellar&part=
89,G1,nl,G1,Zakelijk gedrag,Corruptie en omkoping,Incidenten,3e901799-1124-11ef-a251-01aa75ed71a1,https://op.europa.eu/o/opportal-service/download-handler?identifier=3e901799-1124-11ef-a251-01aa75ed71a1&format=fmx4&language=nl&productionSystem=cellar&part=
1,E1,pl,E1,Zmiana klimatu,Przystosowanie się do zmiany klimatu,,3e901799-1124-11ef-a251-01aa75ed71a1,https://op.europa.eu/o/opportal-service/download-handler?identifier=3e901799-1124-11ef-a251-01aa75ed71a1&format=fmx4&language=pl&productionSystem=cellar&part=
2,E1,pl,E1,Zmiana klimatu,Łagodzenie zmiany klimatu,,3e901799-1124-11ef-a251-01aa75ed71a1,https://op.europa.eu/o/opportal-service/download-handler?identifier=3e901799-1124-11ef-a251-01aa75ed71a1&format=fmx4&language=pl&productionSystem=cellar&part=
3,E1,pl,E1,Zmiana klimatu,Energia,,3e901799-1124-11ef-a251-01aa75ed71a1,https://op.europa.eu/o/opportal-service/download-handler?identifier=3e901799-1124-11ef-a251-01aa75ed71a1&format=fmx4&language=pl&productionSystem=cellar&part=
4,E2,pl,E2,Zanieczyszczenie,Zanieczyszczenie powietrza,,3e901799-1124-11ef-a251-01aa75ed71a1,https://op.europa.eu/o/opportal-service/download-handler?identifier=3e901799-1124-11ef-a251-01aa75ed71a1&format=fmx4&language=pl&productionSystem=cellar&part=
5,E2,pl,E2,Zanieczyszczenie,Zanieczyszczenie wody,,3e901799-1124-11ef-a251-01aa75ed71a1,https://op.europa.eu/o/opportal-service/download-handler?identifier=3e901799-1124-11ef-a251-01aa75ed71a1&format=fmx4&language=pl&productionSystem=cellar&part=
6,E2,pl,E2,Zanieczyszczenie,Zanieczyszczenie gleby,,3e901799-1124-11ef-a251-01aa75ed71a1,https://op.europa.eu/o/opportal-service/download-handler?identifier=3e901799-1124-11ef-a251-01aa75ed71a1&format=fmx4&language=pl&productionSystem=cellar&part=
7,E2,pl,E2,Zanieczyszczenie,Zanieczyszczenie organizmów żywych i zasobów żywnościowych,,3e901799-1124-11ef-a251-01aa75ed71a1,https://op.europa.eu/o/opportal-service/download-handler?identifier=3e901799-1124-11ef-a251-01aa75ed71a1&format=fmx4&language=pl&productionSystem=cellar&part=
8,E2,pl,E2,Zanieczyszczenie,Substancje potencjalnie niebezpieczne,,3e901799-1124-11ef-a251-01aa75ed71a1,https://op.europa.eu/o/opportal-service/download-handler?identifier=3e901799-1124-11ef-a251-01aa75ed71a1&format=fmx4&language=pl&productionSystem=cellar&part=
9,E2,pl,E2,Zanieczyszczenie,Substancje wzbudzające szczególnie duże obawy,,3e901799-1124-11ef-a251-01aa75ed71a1,https://op.europa.eu/o/opportal-service/download-handler?identifier=3e901799-1124-11ef-a251-01aa75ed71a1&format=fmx4&language=pl&productionSystem=cellar&part=
10,E2,pl,E2,Zanieczyszczenie,Mikrodrobiny plastiku,,3e901799-1124-11ef-a251-01aa75ed71a1,https://op.europa.eu/o/opportal-service/download-handler?identifier=3e901799-1124-11ef-a251-01aa75ed71a1&format=fmx4&language=pl&productionSystem=cellar&part=
11,E3,pl,E3,Woda i zasoby morskie,Woda,Zużycie wody,3e901799-1124-11ef-a251-01aa75ed71a1,https://op.europa.eu/o/opportal-service/download-handler?identifier=3e901799-1124-11ef-a251-01aa75ed71a1&format=fmx4&language=pl&productionSystem=cellar&part=
12,E3,pl,E3,Woda i zasoby morskie,Woda,Pobory wody,3e901799-1124-11ef-a251-01aa75ed71a1,https://op.europa.eu/o/opportal-service/download-handler?identifier=3e901799-1124-11ef-a251-01aa75ed71a1&format=fmx4&language=pl&productionSystem=cellar&part=
13,E3,pl,E3,Woda i zasoby morskie,Woda,Zrzuty wody,3e901799-1124-11ef-a251-01aa75ed71a1,https://op.europa.eu/o/opportal-service/download-handler?identifier=3e901799-1124-11ef-a251-01aa75ed71a1&format=fmx4&language=pl&productionSystem=cellar&part=
14,E3,pl,E3,Woda i zasoby morskie,Woda,Zrzuty wody do oceanów,3e901799-1124-11ef-a251-01aa75ed71a1,https://op.europa.eu/o/opportal-service/download-handler?identifier=3e901799-1124-11ef-a251-01aa75ed71a1&format=fmx4&language=pl&productionSystem=cellar&part=
15,E3,pl,E3,Woda i zasoby morskie,Zasoby morskie,Wydobycie i wykorzystanie zasobów morskich,3e901799-1124-11ef-a251-01aa75ed71a1,https://op.europa.eu/o/opportal-service/download-handler?identifier=3e901799-1124-11ef-a251-01aa75ed71a1&format=fmx4&language=pl&productionSystem=cellar&part=
16,E4,pl,E4,Różnorodność biologiczna i ekosystemy,Bezpośrednie czynniki oddziaływania na utratę bioróżnorodności,Zmiana klimatu,3e901799-1124-11ef-a251-01aa75ed71a1,https://op.europa.eu/o/opportal-service/download-handler?identifier=3e901799-1124-11ef-a251-01aa75ed71a1&format=fmx4&language=pl&productionSystem=cellar&part=
17,E4,pl,E4,Różnorodność biologiczna i ekosystemy,Bezpośrednie czynniki oddziaływania na utratę bioróżnorodności,"Zmiana sposobu użytkowania gruntów, zmiana sposobu użytkowania wód słodkich i mórz",3e901799-1124-11ef-a251-01aa75ed71a1,https://op.europa.eu/o/opportal-service/download-handler?identifier=3e901799-1124-11ef-a251-01aa75ed71a1&format=fmx4&language=pl&productionSystem=cellar&part=
18,E4,pl,E4,Różnorodność biologiczna i ekosystemy,Bezpośrednie czynniki oddziaływania na utratę bioróżnorodności,Bezpośrednia eksploatacja,3e901799-1124-11ef-a251-01aa75ed71a1,https://op.europa.eu/o/opportal-service/download-handler?identifier=3e901799-1124-11ef-a251-01aa75ed71a1&format=fmx4&language=pl&productionSystem=cellar&part=
19,E4,pl,E4,Różnorodność biologiczna i ekosystemy,Bezpośrednie czynniki oddziaływania na utratę bioróżnorodności,Inwazyjne gatunki obce,3e901799-1124-11ef-a251-01aa75ed71a1,https://op.europa.eu/o/opportal-service/download-handler?identifier=3e901799-1124-11ef-a251-01aa75ed71a1&format=fmx4&language=pl&productionSystem=cellar&part=
20,E4,pl,E4,Różnorodność biologiczna i ekosystemy,Bezpośrednie czynniki oddziaływania na utratę bioróżnorodności,Zanieczyszczenie,3e901799-1124-11ef-a251-01aa75ed71a1,https://op.europa.eu/o/opportal-service/download-handler?identifier=3e901799-1124-11ef-a251-01aa75ed71a1&format=fmx4&language=pl&productionSystem=cellar&part=
21,E4,pl,E4,Różnorodność biologiczna i ekosystemy,Bezpośrednie czynniki oddziaływania na utratę bioróżnorodności,Inne,3e901799-1124-11ef-a251-01aa75ed71a1,https://op.europa.eu/o/opportal-service/download-handler?identifier=3e901799-1124-11ef-a251-01aa75ed71a1&format=fmx4&language=pl&productionSystem=cellar&part=
22,E4,pl,E4,Różnorodność biologiczna i ekosystemy,Oddziaływanie na stan gatunków,,3e901799-1124-11ef-a251-01aa75ed71a1,https://op.europa.eu/o/opportal-service/download-handler?identifier=3e901799-1124-11ef-a251-01aa75ed71a1&format=fmx4&language=pl&productionSystem=cellar&part=
23,E4,pl,E4,Różnorodność biologiczna i ekosystemy,Oddziaływanie na zasięg i stan ekosystemów,,3e901799-1124-11ef-a251-01aa75ed71a1,https://op.europa.eu/o/opportal-service/download-handler?identifier=3e901799-1124-11ef-a251-01aa75ed71a1&format=fmx4&language=pl&productionSystem=cellar&part=
24,E4,pl,E4,Różnorodność biologiczna i ekosystemy,Oddziaływanie na usługi ekosystemowe i zależności od nich,,3e901799-1124-11ef-a251-01aa75ed71a1,https://op.europa.eu/o/opportal-service/download-handler?identifier=3e901799-1124-11ef-a251-01aa75ed71a1&format=fmx4&language=pl&productionSystem=cellar&part=
25,E5,pl,E5,Gospodarka o obiegu zamkniętym,"Wpływy zasobów, w tym wykorzystanie zasobów",,3e901799-1124-11ef-a251-01aa75ed71a1,https://op.europa.eu/o/opportal-service/download-handler?identifier=3e901799-1124-11ef-a251-01aa75ed71a1&format=fmx4&language=pl&productionSystem=cellar&part=
26,E5,pl,E5,Gospodarka o obiegu zamkniętym,Wypływy zasobów związane z produktami i usługami,,3e901799-1124-11ef-a251-01aa75ed71a1,https://op.europa.eu/o/opportal-service/download-handler?identifier=3e901799-1124-11ef-a251-01aa75ed71a1&format=fmx4&language=pl&productionSystem=cellar&part=
27,E5,pl,E5,Gospodarka o obiegu zamkniętym,Odpady,,3e901799-1124-11ef-a251-01aa75ed71a1,https://op.europa.eu/o/opportal-service/download-handler?identifier=3e901799-1124-11ef-a251-01aa75ed71a1&format=fmx4&language=pl&productionSystem=cellar&part=
28,S1,pl,S1,Właśni pracownicy,Warunki pracy,Bezpieczeństwo zatrudnienia,3e901799-1124-11ef-a251-01aa75ed71a1,https://op.europa.eu/o/opportal-service/download-handler?identifier=3e901799-1124-11ef-a251-01aa75ed71a1&format=fmx4&language=pl&productionSystem=cellar&part=
29,S1,pl,S1,Właśni pracownicy,Warunki pracy,Czas pracy,3e901799-1124-11ef-a251-01aa75ed71a1,https://op.europa.eu/o/opportal-service/download-handler?identifier=3e901799-1124-11ef-a251-01aa75ed71a1&format=fmx4&language=pl&productionSystem=cellar&part=
30,S1,pl,S1,Właśni pracownicy,Warunki pracy,Odpowiednia płaca,3e901799-1124-11ef-a251-01aa75ed71a1,https://op.europa.eu/o/opportal-service/download-handler?identifier=3e901799-1124-11ef-a251-01aa75ed71a1&format=fmx4&language=pl&productionSystem=cellar&part=
31,S1,pl,S1,Właśni pracownicy,Warunki pracy,Dialog społeczny,3e901799-1124-11ef-a251-01aa75ed71a1,https://op.europa.eu/o/opportal-service/download-handler?identifier=3e901799-1124-11ef-a251-01aa75ed71a1&format=fmx4&language=pl&productionSystem=cellar&part=
32,S1,pl,S1,Właśni pracownicy,Warunki pracy,"Wolność zrzeszania się, istnienie rad zakładowych oraz prawa pracowników do informacji, konsultacji i uczestnictwa",3e901799-1124-11ef-a251-01aa75ed71a1,https://op.europa.eu/o/opportal-service/download-handler?identifier=3e901799-1124-11ef-a251-01aa75ed71a1&format=fmx4&language=pl&productionSystem=cellar&part=
33,S1,pl,S1,Właśni pracownicy,Warunki pracy,"Rokowania zbiorowe, w tym odsetek pracowników objętych układami zbiorowymi",3e901799-1124-11ef-a251-01aa75ed71a1,https://op.europa.eu/o/opportal-service/download-handler?identifier=3e901799-1124-11ef-a251-01aa75ed71a1&format=fmx4&language=pl&productionSystem=cellar&part=
34,S1,pl,S1,Właśni pracownicy,Warunki pracy,Równowaga między życiem zawodowym a prywatnym,3e901799-1124-11ef-a251-01aa75ed71a1,https://op.europa.eu/o/opportal-service/download-handler?identifier=3e901799-1124-11ef-a251-01aa75ed71a1&format=fmx4&language=pl&productionSystem=cellar&part=
35,S1,pl,S1,Właśni pracownicy,Warunki pracy,Bezpieczeństwo i higiena pracy,3e901799-1124-11ef-a251-01aa75ed71a1,https://op.europa.eu/o/opportal-service/download-handler?identifier=3e901799-1124-11ef-a251-01aa75ed71a1&format=fmx4&language=pl&productionSystem=cellar&part=
36,S1,pl,S1,Właśni pracownicy,Równe traktowanie i równość szans dla wszystkich,Równouprawnienie płci i równość wynagrodzeń za pracę o takiej samej wartości,3e901799-1124-11ef-a251-01aa75ed71a1,https://op.europa.eu/o/opportal-service/download-handler?identifier=3e901799-1124-11ef-a251-01aa75ed71a1&format=fmx4&language=pl&productionSystem=cellar&part=
37,S1,pl,S1,Właśni pracownicy,Równe traktowanie i równość szans dla wszystkich,Szkolenia i rozwój umiejętności,3e901799-1124-11ef-a251-01aa75ed71a1,https://op.europa.eu/o/opportal-service/download-handler?identifier=3e901799-1124-11ef-a251-01aa75ed71a1&format=fmx4&language=pl&productionSystem=cellar&part=
38,S1,pl,S1,Właśni pracownicy,Równe traktowanie i równość szans dla wszystkich,Zatrudnienie i integracja osób z niepełnosprawnościami,3e901799-1124-11ef-a251-01aa75ed71a1,https://op.europa.eu/o/opportal-service/download-handler?identifier=3e901799-1124-11ef-a251-01aa75ed71a1&format=fmx4&language=pl&productionSystem=cellar&part=
39,S1,pl,S1,Właśni pracownicy,Równe traktowanie i równość szans dla wszystkich,Środki zapobiegania przemocy i nękaniu w miejscu pracy,3e901799-1124-11ef-a251-01aa75ed71a1,https://op.europa.eu/o/opportal-service/download-handler?identifier=3e901799-1124-11ef-a251-01aa75ed71a1&format=fmx4&language=pl&productionSystem=cellar&part=
40,S1,pl,S1,Właśni pracownicy,Równe traktowanie i równość szans dla wszystkich,Różnorodność,3e901799-1124-11ef-a251-01aa75ed71a1,https://op.europa.eu/o/opportal-service/download-handler?identifier=3e901799-1124-11ef-a251-01aa75ed71a1&format=fmx4&language=pl&productionSystem=cellar&part=
41,S1,pl,S1,Właśni pracownicy,Inne prawa związane z pracą,Praca dzieci,3e901799-1124-11ef-a251-01aa75ed71a1,https://op.europa.eu/o/opportal-service/download-handler?identifier=3e901799-1124-11ef-a251-01aa75ed71a1&format=fmx4&language=pl&productionSystem=cellar&part=
42,S1,pl,S1,Właśni pracownicy,Inne prawa związane z pracą,Praca przymusowa,3e901799-1124-11ef-a251-01aa75ed71a1,https://op.europa.eu/o/opportal-service/download-handler?identifier=3e901799-1124-11ef-a251-01aa75ed71a1&format=fmx4&language=pl&productionSystem=cellar&part=
43,S1,pl,S1,Właśni pracownicy,Inne prawa związane z pracą,Odpowiednie warunki mieszkaniowe,3e901799-1124-11ef-a251-01aa75ed71a1,https://op.europa.eu/o/opportal-service/download-handler?identifier=3e901799-1124-11ef-a251-01aa75ed71a1&format=fmx4&language=pl&productionSystem=cellar&part=
44,S1,pl,S1,Właśni pracownicy,Inne prawa związane z pracą,Prywatność,3e901799-1124-11ef-a251-01aa75ed71a1,https://op.europa.eu/o/opportal-service/download-handler?identifier=3e901799-1124-11ef-a251-01aa75ed71a1&format=fmx4&language=pl&productionSystem=cellar&part=
45,S2,pl,S2,Pracownicy w łańcuchu wartości,Warunki pracy,Bezpieczeństwo zatrudnienia,3e901799-1124-11ef-a251-01aa75ed71a1,https://op.europa.eu/o/opportal-service/download-handler?identifier=3e901799-1124-11ef-a251-01aa75ed71a1&format=fmx4&language=pl&productionSystem=cellar&part=
46,S2,pl,S2,Pracownicy w łańcuchu wartości,Warunki pracy,Czas pracy,3e901799-1124-11ef-a251-01aa75ed71a1,https://op.europa.eu/o/opportal-service/download-handler?identifier=3e901799-1124-11ef-a251-01aa75ed71a1&format=fmx4&language=pl&productionSystem=cellar&part=
47,S2,pl,S2,Pracownicy w łańcuchu wartości,Warunki pracy,Odpowiednia płaca,3e901799-1124-11ef-a251-01aa75ed71a1,https://op.europa.eu/o/opportal-service/download-handler?identifier=3e901799-1124-11ef-a251-01aa75ed71a1&format=fmx4&language=pl&productionSystem=cellar&part=
48,S2,pl,S2,Pracownicy w łańcuchu wartości,Warunki pracy,Dialog społeczny,3e901799-1124-11ef-a251-01aa75ed71a1,https://op.europa.eu/o/opportal-service/download-handler?identifier=3e901799-1124-11ef-a251-01aa75ed71a1&format=fmx4&language=pl&productionSystem=cellar&part=
49,S2,pl,S2,Pracownicy w łańcuchu wartości,Warunki pracy,"Wolność zrzeszania się, w tym istnienie rad zakładowych",3e901799-1124-11ef-a251-01aa75ed71a1,https://op.europa.eu/o/opportal-service/download-handler?identifier=3e901799-1124-11ef-a251-01aa75ed71a1&format=fmx4&language=pl&productionSystem=cellar&part=
50,S2,pl,S2,Pracownicy w łańcuchu wartości,Warunki pracy,Rokowania zbiorowe,3e901799-1124-11ef-a251-01aa75ed71a1,https://op.europa.eu/o/opportal-service/download-handler?identifier=3e901799-1124-11ef-a251-01aa75ed71a1&format=fmx4&language=pl&productionSystem=cellar&part=
51,S2,pl,S2,Pracownicy w łańcuchu wartości,Warunki pracy,Równowaga między życiem zawodowym a prywatnym,3e901799-1124-11ef-a251-01aa75ed71a1,https://op.europa.eu/o/opportal-service/download-handler?identifier=3e901799-1124-11ef-a251-01aa75ed71a1&format=fmx4&language=pl&productionSystem=cellar&part=
52,S2,pl,S2,Pracownicy w łańcuchu wartości,Warunki pracy,Bezpieczeństwo i higiena pracy,3e901799-1124-11ef-a251-01aa75ed71a1,https://op.europa.eu/o/opportal-service/download-handler?identifier=3e901799-1124-11ef-a251-01aa75ed71a1&format=fmx4&language=pl&productionSystem=cellar&part=
53,S2,pl,S2,Pracownicy w łańcuchu wartości,Równe traktowanie i równość szans dla wszystkich,Równouprawnienie płci i równość wynagrodzeń za pracę o takiej samej wartości,3e901799-1124-11ef-a251-01aa75ed71a1,https://op.europa.eu/o/opportal-service/download-handler?identifier=3e901799-1124-11ef-a251-01aa75ed71a1&format=fmx4&language=pl&productionSystem=cellar&part=
54,S2,pl,S2,Pracownicy w łańcuchu wartości,Równe traktowanie i równość szans dla wszystkich,Szkolenia i rozwój umiejętności,3e901799-1124-11ef-a251-01aa75ed71a1,https://op.europa.eu/o/opportal-service/download-handler?identifier=3e901799-1124-11ef-a251-01aa75ed71a1&format=fmx4&language=pl&productionSystem=cellar&part=
55,S2,pl,S2,Pracownicy w łańcuchu wartości,Równe traktowanie i równość szans dla wszystkich,Zatrudnienie i integracja osób z niepełnosprawnościami,3e901799-1124-11ef-a251-01aa75ed71a1,https://op.europa.eu/o/opportal-service/download-handler?identifier=3e901799-1124-11ef-a251-01aa75ed71a1&format=fmx4&language=pl&productionSystem=cellar&part=
56,S2,pl,S2,Pracownicy w łańcuchu wartości,Równe traktowanie i równość szans dla wszystkich,Środki zapobiegania przemocy i nękaniu w miejscu pracy,3e901799-1124-11ef-a251-01aa75ed71a1,https://op.europa.eu/o/opportal-service/download-handler?identifier=3e901799-1124-11ef-a251-01aa75ed71a1&format=fmx4&language=pl&productionSystem=cellar&part=
57,S2,pl,S2,Pracownicy w łańcuchu wartości,Równe traktowanie i równość szans dla wszystkich,Różnorodność,3e901799-1124-11ef-a251-01aa75ed71a1,https://op.europa.eu/o/opportal-service/download-handler?identifier=3e901799-1124-11ef-a251-01aa75ed71a1&format=fmx4&language=pl&productionSystem=cellar&part=
58,S2,pl,S2,Pracownicy w łańcuchu wartości,Inne prawa związane z pracą,Praca dzieci,3e901799-1124-11ef-a251-01aa75ed71a1,https://op.europa.eu/o/opportal-service/download-handler?identifier=3e901799-1124-11ef-a251-01aa75ed71a1&format=fmx4&language=pl&productionSystem=cellar&part=
59,S2,pl,S2,Pracownicy w łańcuchu wartości,Inne prawa związane z pracą,Praca przymusowa,3e901799-1124-11ef-a251-01aa75ed71a1,https://op.europa.eu/o/opportal-service/download-handler?identifier=3e901799-1124-11ef-a251-01aa75ed71a1&format=fmx4&language=pl&productionSystem=cellar&part=
60,S2,pl,S2,Pracownicy w łańcuchu wartości,Inne prawa związane z pracą,Odpowiednie warunki mieszkaniowe,3e901799-1124-11ef-a251-01aa75ed71a1,https://op.europa.eu/o/opportal-service/download-handler?identifier=3e901799-1124-11ef-a251-01aa75ed71a1&format=fmx4&language=pl&productionSystem=cellar&part=
61,S2,pl,S2,Pracownicy w łańcuchu wartości,Inne prawa związane z pracą,Woda i warunki sanitarne,3e901799-1124-11ef-a251-01aa75ed71a1,https://op.europa.eu/o/opportal-service/download-handler?identifier=3e901799-1124-11ef-a251-01aa75ed71a1&format=fmx4&language=pl&productionSystem=cellar&part=
62,S2,pl,S2,Pracownicy w łańcuchu wartości,Inne prawa związane z pracą,Prywatność,3e901799-1124-11ef-a251-01aa75ed71a1,https://op.europa.eu/o/opportal-service/download-handler?identifier=3e901799-1124-11ef-a251-01aa75ed71a1&format=fmx4&language=pl&productionSystem=cellar&part=
63,S3,pl,S3,Dotknięte społeczności,"Prawa gospodarcze, społeczne i kulturalne społeczności",Odpowiednie warunki mieszkaniowe,3e901799-1124-11ef-a251-01aa75ed71a1,https://op.europa.eu/o/opportal-service/download-handler?identifier=3e901799-1124-11ef-a251-01aa75ed71a1&format=fmx4&language=pl&productionSystem=cellar&part=
64,S3,pl,S3,Dotknięte społeczności,"Prawa gospodarcze, społeczne i kulturalne społeczności",Odpowiednia żywność,3e901799-1124-11ef-a251-01aa75ed71a1,https://op.europa.eu/o/opportal-service/download-handler?identifier=3e901799-1124-11ef-a251-01aa75ed71a1&format=fmx4&language=pl&productionSystem=cellar&part=
65,S3,pl,S3,Dotknięte społeczności,"Prawa gospodarcze, społeczne i kulturalne społeczności",Woda i warunki sanitarne,3e901799-1124-11ef-a251-01aa75ed71a1,https://op.europa.eu/o/opportal-service/download-handler?identifier=3e901799-1124-11ef-a251-01aa75ed71a1&format=fmx4&language=pl&productionSystem=cellar&part=
66,S3,pl,S3,Dotknięte społeczności,"Prawa gospodarcze, społeczne i kulturalne społeczności",Oddziaływanie na grunty,3e901799-1124-11ef-a251-01aa75ed71a1,https://op.europa.eu/o/opportal-service/download-handler?identifier=3e901799-1124-11ef-a251-01aa75ed71a1&format=fmx4&language=pl&productionSystem=cellar&part=
67,S3,pl,S3,Dotknięte społeczności,"Prawa gospodarcze, społeczne i kulturalne społeczności",Oddziaływanie na bezpieczeństwo,3e901799-1124-11ef-a251-01aa75ed71a1,https://op.europa.eu/o/opportal-service/download-handler?identifier=3e901799-1124-11ef-a251-01aa75ed71a1&format=fmx4&language=pl&productionSystem=cellar&part=
68,S3,pl,S3,Dotknięte społeczności,Prawa obywatelskie i polityczne społeczności,Wolność wypowiedzi,3e901799-1124-11ef-a251-01aa75ed71a1,https://op.europa.eu/o/opportal-service/download-handler?identifier=3e901799-1124-11ef-a251-01aa75ed71a1&format=fmx4&language=pl&productionSystem=cellar&part=
69,S3,pl,S3,Dotknięte społeczności,Prawa obywatelskie i polityczne społeczności,Wolność zgromadzania się,3e901799-1124-11ef-a251-01aa75ed71a1,https://op.europa.eu/o/opportal-service/download-handler?identifier=3e901799-1124-11ef-a251-01aa75ed71a1&format=fmx4&language=pl&productionSystem=cellar&part=
70,S3,pl,S3,Dotknięte społeczności,Prawa obywatelskie i polityczne społeczności,Oddziaływanie na obrońców praw człowieka,3e901799-1124-11ef-a251-01aa75ed71a1,https://op.europa.eu/o/opportal-service/download-handler?identifier=3e901799-1124-11ef-a251-01aa75ed71a1&format=fmx4&language=pl&productionSystem=cellar&part=
71,S3,pl,S3,Dotknięte społeczności,Prawa ludności rdzennej,"Wcześniejsza, dobrowolna i świadoma zgoda",3e901799-1124-11ef-a251-01aa75ed71a1,https://op.europa.eu/o/opportal-service/download-handler?identifier=3e901799-1124-11ef-a251-01aa75ed71a1&format=fmx4&language=pl&productionSystem=cellar&part=
72,S3,pl,S3,Dotknięte społeczności,Prawa ludności rdzennej,Samostanowienie,3e901799-1124-11ef-a251-01aa75ed71a1,https://op.europa.eu/o/opportal-service/download-handler?identifier=3e901799-1124-11ef-a251-01aa75ed71a1&format=fmx4&language=pl&productionSystem=cellar&part=
73,S3,pl,S3,Dotknięte społeczności,Prawa ludności rdzennej,Prawa kulturalne,3e901799-1124-11ef-a251-01aa75ed71a1,https://op.europa.eu/o/opportal-service/download-handler?identifier=3e901799-1124-11ef-a251-01aa75ed71a1&format=fmx4&language=pl&productionSystem=cellar&part=
74,S4,pl,S4,Konsumenci i użytkownicy końcowi,Oddziaływanie informacji na konsumentów lub użytkowników końcowych,Prywatność,3e901799-1124-11ef-a251-01aa75ed71a1,https://op.europa.eu/o/opportal-service/download-handler?identifier=3e901799-1124-11ef-a251-01aa75ed71a1&format=fmx4&language=pl&productionSystem=cellar&part=
75,S4,pl,S4,Konsumenci i użytkownicy końcowi,Oddziaływanie informacji na konsumentów lub użytkowników końcowych,Wolność wypowiedzi,3e901799-1124-11ef-a251-01aa75ed71a1,https://op.europa.eu/o/opportal-service/download-handler?identifier=3e901799-1124-11ef-a251-01aa75ed71a1&format=fmx4&language=pl&productionSystem=cellar&part=
76,S4,pl,S4,Konsumenci i użytkownicy końcowi,Oddziaływanie informacji na konsumentów lub użytkowników końcowych,Dostęp do informacji (wysokiej jakości),3e901799-1124-11ef-a251-01aa75ed71a1,https://op.europa.eu/o/opportal-service/download-handler?identifier=3e901799-1124-11ef-a251-01aa75ed71a1&format=fmx4&language=pl&productionSystem=cellar&part=
77,S4,pl,S4,Konsumenci i użytkownicy końcowi,Bezpieczeństwo osobiste konsumentów lub użytkowników końcowych,Bezpieczeństwo i higiena pracy,3e901799-1124-11ef-a251-01aa75ed71a1,https://op.europa.eu/o/opportal-service/download-handler?identifier=3e901799-1124-11ef-a251-01aa75ed71a1&format=fmx4&language=pl&productionSystem=cellar&part=
78,S4,pl,S4,Konsumenci i użytkownicy końcowi,Bezpieczeństwo osobiste konsumentów lub użytkowników końcowych,Bezpieczeństwo osoby,3e901799-1124-11ef-a251-01aa75ed71a1,https://op.europa.eu/o/opportal-service/download-handler?identifier=3e901799-1124-11ef-a251-01aa75ed71a1&format=fmx4&language=pl&productionSystem=cellar&part=
79,S4,pl,S4,Konsumenci i użytkownicy końcowi,Bezpieczeństwo osobiste konsumentów lub użytkowników końcowych,Ochrona dzieci,3e901799-1124-11ef-a251-01aa75ed71a1,https://op.europa.eu/o/opportal-service/download-handler?identifier=3e901799-1124-11ef-a251-01aa75ed71a1&format=fmx4&language=pl&productionSystem=cellar&part=
80,S4,pl,S4,Konsumenci i użytkownicy końcowi,Włączenie społeczne konsumentów lub użytkowników końcowych,Niedyskryminacja,3e901799-1124-11ef-a251-01aa75ed71a1,https://op.europa.eu/o/opportal-service/download-handler?identifier=3e901799-1124-11ef-a251-01aa75ed71a1&format=fmx4&language=pl&productionSystem=cellar&part=
81,S4,pl,S4,Konsumenci i użytkownicy końcowi,Włączenie społeczne konsumentów lub użytkowników końcowych,Dostęp do produktów i usług,3e901799-1124-11ef-a251-01aa75ed71a1,https://op.europa.eu/o/opportal-service/download-handler?identifier=3e901799-1124-11ef-a251-01aa75ed71a1&format=fmx4&language=pl&productionSystem=cellar&part=
82,S4,pl,S4,Konsumenci i użytkownicy końcowi,Włączenie społeczne konsumentów lub użytkowników końcowych,Odpowiedzialne praktyki marketingowe,3e901799-1124-11ef-a251-01aa75ed71a1,https://op.europa.eu/o/opportal-service/download-handler?identifier=3e901799-1124-11ef-a251-01aa75ed71a1&format=fmx4&language=pl&productionSystem=cellar&part=
83,G1,pl,G1,Prowadzenie działalności gospodarczej,Kultura korporacyjna,,3e901799-1124-11ef-a251-01aa75ed71a1,https://op.europa.eu/o/opportal-service/download-handler?identifier=3e901799-1124-11ef-a251-01aa75ed71a1&format=fmx4&language=pl&productionSystem=cellar&part=
84,G1,pl,G1,Prowadzenie działalności gospodarczej,Ochrona sygnalistów,,3e901799-1124-11ef-a251-01aa75ed71a1,https://op.europa.eu/o/opportal-service/download-handler?identifier=3e901799-1124-11ef-a251-01aa75ed71a1&format=fmx4&language=pl&productionSystem=cellar&part=
85,G1,pl,G1,Prowadzenie działalności gospodarczej,Dobrostan zwierząt,,3e901799-1124-11ef-a251-01aa75ed71a1,https://op.europa.eu/o/opportal-service/download-handler?identifier=3e901799-1124-11ef-a251-01aa75ed71a1&format=fmx4&language=pl&productionSystem=cellar&part=
86,G1,pl,G1,Prowadzenie działalności gospodarczej,Zaangażowanie polityczne i działalność lobbingowa,,3e901799-1124-11ef-a251-01aa75ed71a1,https://op.europa.eu/o/opportal-service/download-handler?identifier=3e901799-1124-11ef-a251-01aa75ed71a1&format=fmx4&language=pl&productionSystem=cellar&part=
87,G1,pl,G1,Prowadzenie działalności gospodarczej,"Zarządzanie stosunkami z dostawcami, w tym praktyki płatnicze",,3e901799-1124-11ef-a251-01aa75ed71a1,https://op.europa.eu/o/opportal-service/download-handler?identifier=3e901799-1124-11ef-a251-01aa75ed71a1&format=fmx4&language=pl&productionSystem=cellar&part=
88,G1,pl,G1,Prowadzenie działalności gospodarczej,Korupcja i przekupstwo,"Zapobieganie oraz wykrywanie, w tym szkolenie",3e901799-1124-11ef-a251-01aa75ed71a1,https://op.europa.eu/o/opportal-service/download-handler?identifier=3e901799-1124-11ef-a251-01aa75ed71a1&format=fmx4&language=pl&productionSystem=cellar&part=
89,G1,pl,G1,Prowadzenie działalności gospodarczej,Korupcja i przekupstwo,Incydenty,3e901799-1124-11ef-a251-01aa75ed71a1,https://op.europa.eu/o/opportal-service/download-handler?identifier=3e901799-1124-11ef-a251-01aa75ed71a1&format=fmx4&language=pl&productionSystem=cellar&part=
1,E1,pt,E1,Alterações climáticas,Adaptação às alterações climáticas,,3e901799-1124-11ef-a251-01aa75ed71a1,https://op.europa.eu/o/opportal-service/download-handler?identifier=3e901799-1124-11ef-a251-01aa75ed71a1&format=fmx4&language=pt&productionSystem=cellar&part=
2,E1,pt,E1,Alterações climáticas,Mitigação das alterações climáticas,,3e901799-1124-11ef-a251-01aa75ed71a1,https://op.europa.eu/o/opportal-service/download-handler?identifier=3e901799-1124-11ef-a251-01aa75ed71a1&format=fmx4&language=pt&productionSystem=cellar&part=
3,E1,pt,E1,Alterações climáticas,Energia,,3e901799-1124-11ef-a251-01aa75ed71a1,https://op.europa.eu/o/opportal-service/download-handler?identifier=3e901799-1124-11ef-a251-01aa75ed71a1&format=fmx4&language=pt&productionSystem=cellar&part=
4,E2,pt,E2,Poluição,Poluição do ar,,3e901799-1124-11ef-a251-01aa75ed71a1,https://op.europa.eu/o/opportal-service/download-handler?identifier=3e901799-1124-11ef-a251-01aa75ed71a1&format=fmx4&language=pt&productionSystem=cellar&part=
5,E2,pt,E2,Poluição,Poluição da água,,3e901799-1124-11ef-a251-01aa75ed71a1,https://op.europa.eu/o/opportal-service/download-handler?identifier=3e901799-1124-11ef-a251-01aa75ed71a1&format=fmx4&language=pt&productionSystem=cellar&part=
6,E2,pt,E2,Poluição,Poluição do solo,,3e901799-1124-11ef-a251-01aa75ed71a1,https://op.europa.eu/o/opportal-service/download-handler?identifier=3e901799-1124-11ef-a251-01aa75ed71a1&format=fmx4&language=pt&productionSystem=cellar&part=
7,E2,pt,E2,Poluição,Poluição dos organismos vivos e dos recursos alimentares,,3e901799-1124-11ef-a251-01aa75ed71a1,https://op.europa.eu/o/opportal-service/download-handler?identifier=3e901799-1124-11ef-a251-01aa75ed71a1&format=fmx4&language=pt&productionSystem=cellar&part=
8,E2,pt,E2,Poluição,Substâncias que suscitam preocupação,,3e901799-1124-11ef-a251-01aa75ed71a1,https://op.europa.eu/o/opportal-service/download-handler?identifier=3e901799-1124-11ef-a251-01aa75ed71a1&format=fmx4&language=pt&productionSystem=cellar&part=
9,E2,pt,E2,Poluição,Substâncias que suscitam elevada preocupação,,3e901799-1124-11ef-a251-01aa75ed71a1,https://op.europa.eu/o/opportal-service/download-handler?identifier=3e901799-1124-11ef-a251-01aa75ed71a1&format=fmx4&language=pt&productionSystem=cellar&part=
10,E2,pt,E2,Poluição,Microplásticos,,3e901799-1124-11ef-a251-01aa75ed71a1,https://op.europa.eu/o/opportal-service/download-handler?identifier=3e901799-1124-11ef-a251-01aa75ed71a1&format=fmx4&language=pt&productionSystem=cellar&part=
11,E3,pt,E3,Água e recursos marinhos,Água,Consumo de água,3e901799-1124-11ef-a251-01aa75ed71a1,https://op.europa.eu/o/opportal-service/download-handler?identifier=3e901799-1124-11ef-a251-01aa75ed71a1&format=fmx4&language=pt&productionSystem=cellar&part=
12,E3,pt,E3,Água e recursos marinhos,Água,Captação de água,3e901799-1124-11ef-a251-01aa75ed71a1,https://op.europa.eu/o/opportal-service/download-handler?identifier=3e901799-1124-11ef-a251-01aa75ed71a1&format=fmx4&language=pt&productionSystem=cellar&part=
13,E3,pt,E3,Água e recursos marinhos,Água,Descargas de água,3e901799-1124-11ef-a251-01aa75ed71a1,https://op.europa.eu/o/opportal-service/download-handler?identifier=3e901799-1124-11ef-a251-01aa75ed71a1&format=fmx4&language=pt&productionSystem=cellar&part=
14,E3,pt,E3,Água e recursos marinhos,Água,Descargas de água nos oceanos,3e901799-1124-11ef-a251-01aa75ed71a1,https://op.europa.eu/o/opportal-service/download-handler?identifier=3e901799-1124-11ef-a251-01aa75ed71a1&format=fmx4&language=pt&productionSystem=cellar&part=
15,E3,pt,E3,Água e recursos marinhos,Recursos marinhos,Extração e utilização dos recursos marinhos,3e901799-1124-11ef-a251-01aa75ed71a1,https://op.europa.eu/o/opportal-service/download-handler?identifier=3e901799-1124-11ef-a251-01aa75ed71a1&format=fmx4&language=pt&productionSystem=cellar&part=
16,E4,pt,E4,Biodiversidade e ecossistemas,Fatores de impacto direto na perda de biodiversidade,Alterações climáticas,3e901799-1124-11ef-a251-01aa75ed71a1,https://op.europa.eu/o/opportal-service/download-handler?identifier=3e901799-1124-11ef-a251-01aa75ed71a1&format=fmx4&language=pt&productionSystem=cellar&part=
17,E4,pt,E4,Biodiversidade e ecossistemas,Fatores de impacto direto na perda de biodiversidade,"Alteração do uso do solo, alteração do uso da água doce e alteração do uso do mar",3e901799-1124-11ef-a251-01aa75ed71a1,https://op.europa.eu/o/opportal-service/download-handler?identifier=3e901799-1124-11ef-a251-01aa75ed71a1&format=fmx4&language=pt&productionSystem=cellar&part=
18,E4,pt,E4,Biodiversidade e ecossistemas,Fatores de impacto direto na perda de biodiversidade,Exploração direta,3e901799-1124-11ef-a251-01aa75ed71a1,https://op.europa.eu/o/opportal-service/download-handler?identifier=3e901799-1124-11ef-a251-01aa75ed71a1&format=fmx4&language=pt&productionSystem=cellar&part=
19,E4,pt,E4,Biodiversidade e ecossistemas,Fatores de impacto direto na perda de biodiversidade,Espécies exóticas invasoras,3e901799-1124-11ef-a251-01aa75ed71a1,https://op.europa.eu/o/opportal-service/download-handler?identifier=3e901799-1124-11ef-a251-01aa75ed71a1&format=fmx4&language=pt&productionSystem=cellar&part=
20,E4,pt,E4,Biodiversidade e ecossistemas,Fatores de impacto direto na perda de biodiversidade,Poluição,3e901799-1124-11ef-a251-01aa75ed71a1,https://op.europa.eu/o/opportal-service/download-handler?identifier=3e901799-1124-11ef-a251-01aa75ed71a1&format=fmx4&language=pt&productionSystem=cellar&part=
21,E4,pt,E4,Biodiversidade e ecossistemas,Fatores de impacto direto na perda de biodiversidade,Outros,3e901799-1124-11ef-a251-01aa75ed71a1,https://op.europa.eu/o/opportal-service/download-handler?identifier=3e901799-1124-11ef-a251-01aa75ed71a1&format=fmx4&language=pt&productionSystem=cellar&part=
22,E4,pt,E4,Biodiversidade e ecossistemas,Impactos no estado das espécies,,3e901799-1124-11ef-a251-01aa75ed71a1,https://op.europa.eu/o/opportal-service/download-handler?identifier=3e901799-1124-11ef-a251-01aa75ed71a1&format=fmx4&language=pt&productionSystem=cellar&part=
23,E4,pt,E4,Biodiversidade e ecossistemas,Impactos na extensão e no estado dos ecossistemas,,3e901799-1124-11ef-a251-01aa75ed71a1,https://op.europa.eu/o/opportal-service/download-handler?identifier=3e901799-1124-11ef-a251-01aa75ed71a1&format=fmx4&language=pt&productionSystem=cellar&part=
24,E4,pt,E4,Biodiversidade e ecossistemas,Impactos e dependências dos serviços ecossistémicos,,3e901799-1124-11ef-a251-01aa75ed71a1,https://op.europa.eu/o/opportal-service/download-handler?identifier=3e901799-1124-11ef-a251-01aa75ed71a1&format=fmx4&language=pt&productionSystem=cellar&part=
25,E5,pt,E5,Economia circular,"Entradas de recursos, incluindo a utilização de recursos",,3e901799-1124-11ef-a251-01aa75ed71a1,https://op.europa.eu/o/opportal-service/download-handler?identifier=3e901799-1124-11ef-a251-01aa75ed71a1&format=fmx4&language=pt&productionSystem=cellar&part=
26,E5,pt,E5,Economia circular,Saídas de recursos relacionadas com produtos e serviços,,3e901799-1124-11ef-a251-01aa75ed71a1,https://op.europa.eu/o/opportal-service/download-handler?identifier=3e901799-1124-11ef-a251-01aa75ed71a1&format=fmx4&language=pt&productionSystem=cellar&part=
27,E5,pt,E5,Economia circular,Resíduos,,3e901799-1124-11ef-a251-01aa75ed71a1,https://op.europa.eu/o/opportal-service/download-handler?identifier=3e901799-1124-11ef-a251-01aa75ed71a1&format=fmx4&language=pt&productionSystem=cellar&part=
28,S1,pt,S1,Própria mão de obra,Condições de trabalho,Segurança do emprego,3e901799-1124-11ef-a251-01aa75ed71a1,https://op.europa.eu/o/opportal-service/download-handler?identifier=3e901799-1124-11ef-a251-01aa75ed71a1&format=fmx4&language=pt&productionSystem=cellar&part=
29,S1,pt,S1,Própria mão de obra,Condições de trabalho,Horário de trabalho,3e901799-1124-11ef-a251-01aa75ed71a1,https://op.europa.eu/o/opportal-service/download-handler?identifier=3e901799-1124-11ef-a251-01aa75ed71a1&format=fmx4&language=pt&productionSystem=cellar&part=
30,S1,pt,S1,Própria mão de obra,Condições de trabalho,Salários adequados,3e901799-1124-11ef-a251-01aa75ed71a1,https://op.europa.eu/o/opportal-service/download-handler?identifier=3e901799-1124-11ef-a251-01aa75ed71a1&format=fmx4&language=pt&productionSystem=cellar&part=
31,S1,pt,S1,Própria mão de obra,Condições de trabalho,Diálogo social,3e901799-1124-11ef-a251-01aa75ed71a1,https://op.europa.eu/o/opportal-service/download-handler?identifier=3e901799-1124-11ef-a251-01aa75ed71a1&format=fmx4&language=pt&productionSystem=cellar&part=
32,S1,pt,S1,Própria mão de obra,Condições de trabalho,"Liberdade de associação, existência de conselhos de empresa e direitos de informação, consulta e participação dos trabalhadores",3e901799-1124-11ef-a251-01aa75ed71a1,https://op.europa.eu/o/opportal-service/download-handler?identifier=3e901799-1124-11ef-a251-01aa75ed71a1&format=fmx4&language=pt&productionSystem=cellar&part=
33,S1,pt,S1,Própria mão de obra,Condições de trabalho,"Negociação coletiva, incluindo a taxa de trabalhadores abrangidos por convenções coletivas",3e901799-1124-11ef-a251-01aa75ed71a1,https://op.europa.eu/o/opportal-service/download-handler?identifier=3e901799-1124-11ef-a251-01aa75ed71a1&format=fmx4&language=pt&productionSystem=cellar&part=
34,S1,pt,S1,Própria mão de obra,Condições de trabalho,Equilíbrio entre a vida profissional e a vida privada,3e901799-1124-11ef-a251-01aa75ed71a1,https://op.europa.eu/o/opportal-service/download-handler?identifier=3e901799-1124-11ef-a251-01aa75ed71a1&format=fmx4&language=pt&productionSystem=cellar&part=
35,S1,pt,S1,Própria mão de obra,Condições de trabalho,Saúde e segurança,3e901799-1124-11ef-a251-01aa75ed71a1,https://op.europa.eu/o/opportal-service/download-handler?identifier=3e901799-1124-11ef-a251-01aa75ed71a1&format=fmx4&language=pt&productionSystem=cellar&part=
36,S1,pt,S1,Própria mão de obra,Igualdade de tratamento e de oportunidades para todos,Igualdade de género e igualdade de remuneração por trabalho de igual valor,3e901799-1124-11ef-a251-01aa75ed71a1,https://op.europa.eu/o/opportal-service/download-handler?identifier=3e901799-1124-11ef-a251-01aa75ed71a1&format=fmx4&language=pt&productionSystem=cellar&part=
37,S1,pt,S1,Própria mão de obra,Igualdade de tratamento e de oportunidades para todos,Formação e desenvolvimento de competências,3e901799-1124-11ef-a251-01aa75ed71a1,https://op.europa.eu/o/opportal-service/download-handler?identifier=3e901799-1124-11ef-a251-01aa75ed71a1&format=fmx4&language=pt&productionSystem=cellar&part=
38,S1,pt,S1,Própria mão de obra,Igualdade de tratamento e de oportunidades para todos,Emprego e inclusão de pessoas com deficiência,3e901799-1124-11ef-a251-01aa75ed71a1,https://op.europa.eu/o/opportal-service/download-handler?identifier=3e901799-1124-11ef-a251-01aa75ed71a1&format=fmx4&language=pt&productionSystem=cellar&part=
39,S1,pt,S1,Própria mão de obra,Igualdade de tratamento e de oportunidades para todos,Medidas contra a violência e o assédio no local de trabalho,3e901799-1124-11ef-a251-01aa75ed71a1,https://op.europa.eu/o/opportal-service/download-handler?identifier=3e901799-1124-11ef-a251-01aa75ed71a1&format=fmx4&language=pt&productionSystem=cellar&part=
40,S1,pt,S1,Própria mão de obra,Igualdade de tratamento e de oportunidades para todos,Diversidade,3e901799-1124-11ef-a251-01aa75ed71a1,https://op.europa.eu/o/opportal-service/download-handler?identifier=3e901799-1124-11ef-a251-01aa75ed71a1&format=fmx4&language=pt&productionSystem=cellar&part=
41,S1,pt,S1,Própria mão de obra,Outros direitos relacionados com o trabalho,Trabalho infantil,3e901799-1124-11ef-a251-01aa75ed71a1,https://op.europa.eu/o/opportal-service/download-handler?identifier=3e901799-1124-11ef-a251-01aa75ed71a1&format=fmx4&language=pt&productionSystem=cellar&part=
42,S1,pt,S1,Própria mão de obra,Outros direitos relacionados com o trabalho,Trabalho forçado,3e901799-1124-11ef-a251-01aa75ed71a1,https://op.europa.eu/o/opportal-service/download-handler?identifier=3e901799-1124-11ef-a251-01aa75ed71a1&format=fmx4&language=pt&productionSystem=cellar&part=
43,S1,pt,S1,Própria mão de obra,Outros direitos relacionados com o trabalho,Habitação adequada,3e901799-1124-11ef-a251-01aa75ed71a1,https://op.europa.eu/o/opportal-service/download-handler?identifier=3e901799-1124-11ef-a251-01aa75ed71a1&format=fmx4&language=pt&productionSystem=cellar&part=
44,S1,pt,S1,Própria mão de obra,Outros direitos relacionados com o trabalho,Privacidade,3e901799-1124-11ef-a251-01aa75ed71a1,https://op.europa.eu/o/opportal-service/download-handler?identifier=3e901799-1124-11ef-a251-01aa75ed71a1&format=fmx4&language=pt&productionSystem=cellar&part=
45,S2,pt,S2,Trabalhadores na cadeia de valor,Condições de trabalho,Segurança do emprego,3e901799-1124-11ef-a251-01aa75ed71a1,https://op.europa.eu/o/opportal-service/download-handler?identifier=3e901799-1124-11ef-a251-01aa75ed71a1&format=fmx4&language=pt&productionSystem=cellar&part=
46,S2,pt,S2,Trabalhadores na cadeia de valor,Condições de trabalho,Horário de trabalho,3e901799-1124-11ef-a251-01aa75ed71a1,https://op.europa.eu/o/opportal-service/download-handler?identifier=3e901799-1124-11ef-a251-01aa75ed71a1&format=fmx4&language=pt&productionSystem=cellar&part=
47,S2,pt,S2,Trabalhadores na cadeia de valor,Condições de trabalho,Salários adequados,3e901799-1124-11ef-a251-01aa75ed71a1,https://op.europa.eu/o/opportal-service/download-handler?identifier=3e901799-1124-11ef-a251-01aa75ed71a1&format=fmx4&language=pt&productionSystem=cellar&part=
48,S2,pt,S2,Trabalhadores na cadeia de valor,Condições de trabalho,Diálogo social,3e901799-1124-11ef-a251-01aa75ed71a1,https://op.europa.eu/o/opportal-service/download-handler?identifier=3e901799-1124-11ef-a251-01aa75ed71a1&format=fmx4&language=pt&productionSystem=cellar&part=
49,S2,pt,S2,Trabalhadores na cadeia de valor,Condições de trabalho,"Liberdade de associação, incluindo a existência de conselhos de empresa",3e901799-1124-11ef-a251-01aa75ed71a1,https://op.europa.eu/o/opportal-service/download-handler?identifier=3e901799-1124-11ef-a251-01aa75ed71a1&format=fmx4&language=pt&productionSystem=cellar&part=
50,S2,pt,S2,Trabalhadores na cadeia de valor,Condições de trabalho,Negociação coletiva,3e901799-1124-11ef-a251-01aa75ed71a1,https://op.europa.eu/o/opportal-service/download-handler?identifier=3e901799-1124-11ef-a251-01aa75ed71a1&format=fmx4&language=pt&productionSystem=cellar&part=
51,S2,pt,S2,Trabalhadores na cadeia de valor,Condições de trabalho,Equilíbrio entre a vida profissional e a vida privada,3e901799-1124-11ef-a251-01aa75ed71a1,https://op.europa.eu/o/opportal-service/download-handler?identifier=3e901799-1124-11ef-a251-01aa75ed71a1&format=fmx4&language=pt&productionSystem=cellar&part=
52,S2,pt,S2,Trabalhadores na cadeia de valor,Condições de trabalho,Saúde e segurança,3e901799-1124-11ef-a251-01aa75ed71a1,https://op.europa.eu/o/opportal-service/download-handler?identifier=3e901799-1124-11ef-a251-01aa75ed71a1&format=fmx4&language=pt&productionSystem=cellar&part=
53,S2,pt,S2,Trabalhadores na cadeia de valor,Igualdade de tratamento e de oportunidades para todos,Igualdade de género e igualdade de remuneração por trabalho de igual valor,3e901799-1124-11ef-a251-01aa75ed71a1,https://op.europa.eu/o/opportal-service/download-handler?identifier=3e901799-1124-11ef-a251-01aa75ed71a1&format=fmx4&language=pt&productionSystem=cellar&part=
54,S2,pt,S2,Trabalhadores na cadeia de valor,Igualdade de tratamento e de oportunidades para todos,Formação e desenvolvimento de competências,3e901799-1124-11ef-a251-01aa75ed71a1,https://op.europa.eu/o/opportal-service/download-handler?identifier=3e901799-1124-11ef-a251-01aa75ed71a1&format=fmx4&language=pt&productionSystem=cellar&part=
55,S2,pt,S2,Trabalhadores na cadeia de valor,Igualdade de tratamento e de oportunidades para todos,Emprego e inclusão das pessoas com deficiência,3e901799-1124-11ef-a251-01aa75ed71a1,https://op.europa.eu/o/opportal-service/download-handler?identifier=3e901799-1124-11ef-a251-01aa75ed71a1&format=fmx4&language=pt&productionSystem=cellar&part=
56,S2,pt,S2,Trabalhadores na cadeia de valor,Igualdade de tratamento e de oportunidades para todos,Medidas contra a violência e o assédio no local de trabalho,3e901799-1124-11ef-a251-01aa75ed71a1,https://op.europa.eu/o/opportal-service/download-handler?identifier=3e901799-1124-11ef-a251-01aa75ed71a1&format=fmx4&language=pt&productionSystem=cellar&part=
57,S2,pt,S2,Trabalhadores na cadeia de valor,Igualdade de tratamento e de oportunidades para todos,Diversidade,3e901799-1124-11ef-a251-01aa75ed71a1,https://op.europa.eu/o/opportal-service/download-handler?identifier=3e901799-1124-11ef-a251-01aa75ed71a1&format=fmx4&language=pt&productionSystem=cellar&part=
58,S2,pt,S2,Trabalhadores na cadeia de valor,Outros direitos relacionados com o trabalho,Trabalho infantil,3e901799-1124-11ef-a251-01aa75ed71a1,https://op.europa.eu/o/opportal-service/download-handler?identifier=3e901799-1124-11ef-a251-01aa75ed71a1&format=fmx4&language=pt&productionSystem=cellar&part=
59,S2,pt,S2,Trabalhadores na cadeia de valor,Outros direitos relacionados com o trabalho,Trabalho forçado,3e901799-1124-11ef-a251-01aa75ed71a1,https://op.europa.eu/o/opportal-service/download-handler?identifier=3e901799-1124-11ef-a251-01aa75ed71a1&format=fmx4&language=pt&productionSystem=cellar&part=
60,S2,pt,S2,Trabalhadores na cadeia de valor,Outros direitos relacionados com o trabalho,Habitação adequada,3e901799-1124-11ef-a251-01aa75ed71a1,https://op.europa.eu/o/opportal-service/download-handler?identifier=3e901799-1124-11ef-a251-01aa75ed71a1&format=fmx4&language=pt&productionSystem=cellar&part=
61,S2,pt,S2,Trabalhadores na cadeia de valor,Outros direitos relacionados com o trabalho,Água e saneamento,3e901799-1124-11ef-a251-01aa75ed71a1,https://op.europa.eu/o/opportal-service/download-handler?identifier=3e901799-1124-11ef-a251-01aa75ed71a1&format=fmx4&language=pt&productionSystem=cellar&part=
62,S2,pt,S2,Trabalhadores na cadeia de valor,Outros direitos relacionados com o trabalho,Privacidade,3e901799-1124-11ef-a251-01aa75ed71a1,https://op.europa.eu/o/opportal-service/download-handler?identifier=3e901799-1124-11ef-a251-01aa75ed71a1&format=fmx4&language=pt&productionSystem=cellar&part=
63,S3,pt,S3,Comunidades afetadas,"Direitos económicos, sociais e culturais das comunidades",Habitação adequada,3e901799-1124-11ef-a251-01aa75ed71a1,https://op.europa.eu/o/opportal-service/download-handler?identifier=3e901799-1124-11ef-a251-01aa75ed71a1&format=fmx4&language=pt&productionSystem=cellar&part=
64,S3,pt,S3,Comunidades afetadas,"Direitos económicos, sociais e culturais das comunidades",Alimentação adequada,3e901799-1124-11ef-a251-01aa75ed71a1,https://op.europa.eu/o/opportal-service/download-handler?identifier=3e901799-1124-11ef-a251-01aa75ed71a1&format=fmx4&language=pt&productionSystem=cellar&part=
65,S3,pt,S3,Comunidades afetadas,"Direitos económicos, sociais e culturais das comunidades",Água e saneamento,3e901799-1124-11ef-a251-01aa75ed71a1,https://op.europa.eu/o/opportal-service/download-handler?identifier=3e901799-1124-11ef-a251-01aa75ed71a1&format=fmx4&language=pt&productionSystem=cellar&part=
66,S3,pt,S3,Comunidades afetadas,"Direitos económicos, sociais e culturais das comunidades",Impactos relacionados com o solo,3e901799-1124-11ef-a251-01aa75ed71a1,https://op.europa.eu/o/opportal-service/download-handler?identifier=3e901799-1124-11ef-a251-01aa75ed71a1&format=fmx4&language=pt&productionSystem=cellar&part=
67,S3,pt,S3,Comunidades afetadas,"Direitos económicos, sociais e culturais das comunidades",Impactos relacionados com a segurança,3e901799-1124-11ef-a251-01aa75ed71a1,https://op.europa.eu/o/opportal-service/download-handler?identifier=3e901799-1124-11ef-a251-01aa75ed71a1&format=fmx4&language=pt&productionSystem=cellar&part=
68,S3,pt,S3,Comunidades afetadas,Direitos civis e políticos das comunidades,Liberdade de expressão,3e901799-1124-11ef-a251-01aa75ed71a1,https://op.europa.eu/o/opportal-service/download-handler?identifier=3e901799-1124-11ef-a251-01aa75ed71a1&format=fmx4&language=pt&productionSystem=cellar&part=
69,S3,pt,S3,Comunidades afetadas,Direitos civis e políticos das comunidades,Liberdade de reunião,3e901799-1124-11ef-a251-01aa75ed71a1,https://op.europa.eu/o/opportal-service/download-handler?identifier=3e901799-1124-11ef-a251-01aa75ed71a1&format=fmx4&language=pt&productionSystem=cellar&part=
70,S3,pt,S3,Comunidades afetadas,Direitos civis e políticos das comunidades,Impactos nos defensores dos direitos humanos,3e901799-1124-11ef-a251-01aa75ed71a1,https://op.europa.eu/o/opportal-service/download-handler?identifier=3e901799-1124-11ef-a251-01aa75ed71a1&format=fmx4&language=pt&productionSystem=cellar&part=
71,S3,pt,S3,Comunidades afetadas,Direitos dos povos indígenas,"Consentimento livre, prévio e informado",3e901799-1124-11ef-a251-01aa75ed71a1,https://op.europa.eu/o/opportal-service/download-handler?identifier=3e901799-1124-11ef-a251-01aa75ed71a1&format=fmx4&language=pt&productionSystem=cellar&part=
72,S3,pt,S3,Comunidades afetadas,Direitos dos povos indígenas,Autodeterminação,3e901799-1124-11ef-a251-01aa75ed71a1,https://op.europa.eu/o/opportal-service/download-handler?identifier=3e901799-1124-11ef-a251-01aa75ed71a1&format=fmx4&language=pt&productionSystem=cellar&part=
73,S3,pt,S3,Comunidades afetadas,Direitos dos povos indígenas,Direitos culturais,3e901799-1124-11ef-a251-01aa75ed71a1,https://op.europa.eu/o/opportal-service/download-handler?identifier=3e901799-1124-11ef-a251-01aa75ed71a1&format=fmx4&language=pt&productionSystem=cellar&part=
74,S4,pt,S4,Consumidores e utilizadores finais,Impactos relacionados com a informação para os consumidores e/ou utilizadores finais,Privacidade,3e901799-1124-11ef-a251-01aa75ed71a1,https://op.europa.eu/o/opportal-service/download-handler?identifier=3e901799-1124-11ef-a251-01aa75ed71a1&format=fmx4&language=pt&productionSystem=cellar&part=
75,S4,pt,S4,Consumidores e utilizadores finais,Impactos relacionados com a informação para os consumidores e/ou utilizadores finais,Liberdade de expressão,3e901799-1124-11ef-a251-01aa75ed71a1,https://op.europa.eu/o/opportal-service/download-handler?identifier=3e901799-1124-11ef-a251-01aa75ed71a1&format=fmx4&language=pt&productionSystem=cellar&part=
76,S4,pt,S4,Consumidores e utilizadores finais,Impactos relacionados com a informação para os consumidores e/ou utilizadores finais,Acesso a informações (de qualidade),3e901799-1124-11ef-a251-01aa75ed71a1,https://op.europa.eu/o/opportal-service/download-handler?identifier=3e901799-1124-11ef-a251-01aa75ed71a1&format=fmx4&language=pt&productionSystem=cellar&part=
77,S4,pt,S4,Consumidores e utilizadores finais,Segurança pessoal dos consumidores e/ou utilizadores finais,Saúde e segurança,3e901799-1124-11ef-a251-01aa75ed71a1,https://op.europa.eu/o/opportal-service/download-handler?identifier=3e901799-1124-11ef-a251-01aa75ed71a1&format=fmx4&language=pt&productionSystem=cellar&part=
78,S4,pt,S4,Consumidores e utilizadores finais,Segurança pessoal dos consumidores e/ou utilizadores finais,Segurança de uma pessoa,3e901799-1124-11ef-a251-01aa75ed71a1,https://op.europa.eu/o/opportal-service/download-handler?identifier=3e901799-1124-11ef-a251-01aa75ed71a1&format=fmx4&language=pt&productionSystem=cellar&part=
79,S4,pt,S4,Consumidores e utilizadores finais,Segurança pessoal dos consumidores e/ou utilizadores finais,Proteção das crianças,3e901799-1124-11ef-a251-01aa75ed71a1,https://op.europa.eu/o/opportal-service/download-handler?identifier=3e901799-1124-11ef-a251-01aa75ed71a1&format=fmx4&language=pt&productionSystem=cellar&part=
80,S4,pt,S4,Consumidores e utilizadores finais,Inclusão social dos consumidores e/ou utilizadores finais,Não discriminação,3e901799-1124-11ef-a251-01aa75ed71a1,https://op.europa.eu/o/opportal-service/download-handler?identifier=3e901799-1124-11ef-a251-01aa75ed71a1&format=fmx4&language=pt&productionSystem=cellar&part=
81,S4,pt,S4,Consumidores e utilizadores finais,Inclusão social dos consumidores e/ou utilizadores finais,Acesso a produtos e serviços,3e901799-1124-11ef-a251-01aa75ed71a1,https://op.europa.eu/o/opportal-service/download-handler?identifier=3e901799-1124-11ef-a251-01aa75ed71a1&format=fmx4&language=pt&productionSystem=cellar&part=
82,S4,pt,S4,Consumidores e utilizadores finais,Inclusão social dos consumidores e/ou utilizadores finais,Práticas comerciais responsáveis,3e901799-1124-11ef-a251-01aa75ed71a1,https://op.europa.eu/o/opportal-service/download-handler?identifier=3e901799-1124-11ef-a251-01aa75ed71a1&format=fmx4&language=pt&productionSystem=cellar&part=
83,G1,pt,G1,Conduta empresarial,Cultura empresarial,,3e901799-1124-11ef-a251-01aa75ed71a1,https://op.europa.eu/o/opportal-service/download-handler?identifier=3e901799-1124-11ef-a251-01aa75ed71a1&format=fmx4&language=pt&productionSystem=cellar&part=
84,G1,pt,G1,Conduta empresarial,Proteção de denunciantes,,3e901799-1124-11ef-a251-01aa75ed71a1,https://op.europa.eu/o/opportal-service/download-handler?identifier=3e901799-1124-11ef-a251-01aa75ed71a1&format=fmx4&language=pt&productionSystem=cellar&part=
85,G1,pt,G1,Conduta empresarial,Bem-estar dos animais,,3e901799-1124-11ef-a251-01aa75ed71a1,https://op.europa.eu/o/opportal-service/download-handler?identifier=3e901799-1124-11ef-a251-01aa75ed71a1&format=fmx4&language=pt&productionSystem=cellar&part=
86,G1,pt,G1,Conduta empresarial,Contexto político e atividades de representação de grupos de interesse,,3e901799-1124-11ef-a251-01aa75ed71a1,https://op.europa.eu/o/opportal-service/download-handler?identifier=3e901799-1124-11ef-a251-01aa75ed71a1&format=fmx4&language=pt&productionSystem=cellar&part=
87,G1,pt,G1,Conduta empresarial,"Gestão das relações com fornecedores, incluindo práticas de pagamento",,3e901799-1124-11ef-a251-01aa75ed71a1,https://op.europa.eu/o/opportal-service/download-handler?identifier=3e901799-1124-11ef-a251-01aa75ed71a1&format=fmx4&language=pt&productionSystem=cellar&part=
88,G1,pt,G1,Conduta empresarial,Corrupção e suborno,"Prevenção e deteção, incluindo formação",3e901799-1124-11ef-a251-01aa75ed71a1,https://op.europa.eu/o/opportal-service/download-handler?identifier=3e901799-1124-11ef-a251-01aa75ed71a1&format=fmx4&language=pt&productionSystem=cellar&part=
89,G1,pt,G1,Conduta empresarial,Corrupção e suborno,Incidentes,3e901799-1124-11ef-a251-01aa75ed71a1,https://op.europa.eu/o/opportal-service/download-handler?identifier=3e901799-1124-11ef-a251-01aa75ed71a1&format=fmx4&language=pt&productionSystem=cellar&part=
1,E1,ro,E1,Schimbările climatice,Adaptarea la schimbările climatice,,3e901799-1124-11ef-a251-01aa75ed71a1,https://op.europa.eu/o/opportal-service/download-handler?identifier=3e901799-1124-11ef-a251-01aa75ed71a1&format=fmx4&language=ro&productionSystem=cellar&part=
2,E1,ro,E1,Schimbările climatice,Atenuarea schimbărilor climatice,,3e901799-1124-11ef-a251-01aa75ed71a1,https://op.europa.eu/o/opportal-service/download-handler?identifier=3e901799-1124-11ef-a251-01aa75ed71a1&format=fmx4&language=ro&productionSystem=cellar&part=
3,E1,ro,E1,Schimbările climatice,Eficiența,,3e901799-1124-11ef-a251-01aa75ed71a1,https://op.europa.eu/o/opportal-service/download-handler?identifier=3e901799-1124-11ef-a251-01aa75ed71a1&format=fmx4&language=ro&productionSystem=cellar&part=
4,E2,ro,E2,Poluare,Poluarea aerului,,3e901799-1124-11ef-a251-01aa75ed71a1,https://op.europa.eu/o/opportal-service/download-handler?identifier=3e901799-1124-11ef-a251-01aa75ed71a1&format=fmx4&language=ro&productionSystem=cellar&part=
5,E2,ro,E2,Poluare,Poluarea apei,,3e901799-1124-11ef-a251-01aa75ed71a1,https://op.europa.eu/o/opportal-service/download-handler?identifier=3e901799-1124-11ef-a251-01aa75ed71a1&format=fmx4&language=ro&productionSystem=cellar&part=
6,E2,ro,E2,Poluare,Poluarea solului,,3e901799-1124-11ef-a251-01aa75ed71a1,https://op.europa.eu/o/opportal-service/download-handler?identifier=3e901799-1124-11ef-a251-01aa75ed71a1&format=fmx4&language=ro&productionSystem=cellar&part=
7,E2,ro,E2,Poluare,Poluarea organismelor vii și a resurselor alimentare,,3e901799-1124-11ef-a251-01aa75ed71a1,https://op.europa.eu/o/opportal-service/download-handler?identifier=3e901799-1124-11ef-a251-01aa75ed71a1&format=fmx4&language=ro&productionSystem=cellar&part=
8,E2,ro,E2,Poluare,Substanțele care prezintă motive de îngrijorare,,3e901799-1124-11ef-a251-01aa75ed71a1,https://op.europa.eu/o/opportal-service/download-handler?identifier=3e901799-1124-11ef-a251-01aa75ed71a1&format=fmx4&language=ro&productionSystem=cellar&part=
9,E2,ro,E2,Poluare,Substanțele care prezintă motive de îngrijorare deosebită,,3e901799-1124-11ef-a251-01aa75ed71a1,https://op.europa.eu/o/opportal-service/download-handler?identifier=3e901799-1124-11ef-a251-01aa75ed71a1&format=fmx4&language=ro&productionSystem=cellar&part=
10,E2,ro,E2,Poluare,Microplasticele,,3e901799-1124-11ef-a251-01aa75ed71a1,https://op.europa.eu/o/opportal-service/download-handler?identifier=3e901799-1124-11ef-a251-01aa75ed71a1&format=fmx4&language=ro&productionSystem=cellar&part=
11,E3,ro,E3,Resursele de apă și cele marine,Resursele de apă,Consumul de apă,3e901799-1124-11ef-a251-01aa75ed71a1,https://op.europa.eu/o/opportal-service/download-handler?identifier=3e901799-1124-11ef-a251-01aa75ed71a1&format=fmx4&language=ro&productionSystem=cellar&part=
12,E3,ro,E3,Resursele de apă și cele marine,Resursele de apă,Prelevările de apă,3e901799-1124-11ef-a251-01aa75ed71a1,https://op.europa.eu/o/opportal-service/download-handler?identifier=3e901799-1124-11ef-a251-01aa75ed71a1&format=fmx4&language=ro&productionSystem=cellar&part=
13,E3,ro,E3,Resursele de apă și cele marine,Resursele de apă,Deversarea apelor,3e901799-1124-11ef-a251-01aa75ed71a1,https://op.europa.eu/o/opportal-service/download-handler?identifier=3e901799-1124-11ef-a251-01aa75ed71a1&format=fmx4&language=ro&productionSystem=cellar&part=
14,E3,ro,E3,Resursele de apă și cele marine,Resursele de apă,Deversarea apelor în oceane,3e901799-1124-11ef-a251-01aa75ed71a1,https://op.europa.eu/o/opportal-service/download-handler?identifier=3e901799-1124-11ef-a251-01aa75ed71a1&format=fmx4&language=ro&productionSystem=cellar&part=
15,E3,ro,E3,Resursele de apă și cele marine,Resursele marine,Extracția și utilizarea resurselor marine,3e901799-1124-11ef-a251-01aa75ed71a1,https://op.europa.eu/o/opportal-service/download-handler?identifier=3e901799-1124-11ef-a251-01aa75ed71a1&format=fmx4&language=ro&productionSystem=cellar&part=
16,E4,ro,E4,Biodiversitatea și ecosistemele,Factorii determinanți ai impactului direct asupra declinului biodiversității,Schimbările climatice,3e901799-1124-11ef-a251-01aa75ed71a1,https://op.europa.eu/o/opportal-service/download-handler?identifier=3e901799-1124-11ef-a251-01aa75ed71a1&format=fmx4&language=ro&productionSystem=cellar&part=
17,E4,ro,E4,Biodiversitatea și ecosistemele,Factorii determinanți ai impactului direct asupra declinului biodiversității,"Schimbarea destinației terenurilor, schimbarea destinației apei dulci și schimbarea destinației mării",3e901799-1124-11ef-a251-01aa75ed71a1,https://op.europa.eu/o/opportal-service/download-handler?identifier=3e901799-1124-11ef-a251-01aa75ed71a1&format=fmx4&language=ro&productionSystem=cellar&part=
18,E4,ro,E4,Biodiversitatea și ecosistemele,Factorii determinanți ai impactului direct asupra declinului biodiversității,Exploatarea directă,3e901799-1124-11ef-a251-01aa75ed71a1,https://op.europa.eu/o/opportal-service/download-handler?identifier=3e901799-1124-11ef-a251-01aa75ed71a1&format=fmx4&language=ro&productionSystem=cellar&part=
19,E4,ro,E4,Biodiversitatea și ecosistemele,Factorii determinanți ai impactului direct asupra declinului biodiversității,Speciile alogene invazive,3e901799-1124-11ef-a251-01aa75ed71a1,https://op.europa.eu/o/opportal-service/download-handler?identifier=3e901799-1124-11ef-a251-01aa75ed71a1&format=fmx4&language=ro&productionSystem=cellar&part=
20,E4,ro,E4,Biodiversitatea și ecosistemele,Factorii determinanți ai impactului direct asupra declinului biodiversității,Poluare,3e901799-1124-11ef-a251-01aa75ed71a1,https://op.europa.eu/o/opportal-service/download-handler?identifier=3e901799-1124-11ef-a251-01aa75ed71a1&format=fmx4&language=ro&productionSystem=cellar&part=
21,E4,ro,E4,Biodiversitatea și ecosistemele,Factorii determinanți ai impactului direct asupra declinului biodiversității,Altele,3e901799-1124-11ef-a251-01aa75ed71a1,https://op.europa.eu/o/opportal-service/download-handler?identifier=3e901799-1124-11ef-a251-01aa75ed71a1&format=fmx4&language=ro&productionSystem=cellar&part=
22,E4,ro,E4,Biodiversitatea și ecosistemele,Impacturile asupra stării speciilor,,3e901799-1124-11ef-a251-01aa75ed71a1,https://op.europa.eu/o/opportal-service/download-handler?identifier=3e901799-1124-11ef-a251-01aa75ed71a1&format=fmx4&language=ro&productionSystem=cellar&part=
23,E4,ro,E4,Biodiversitatea și ecosistemele,Impacturile asupra întinderii și stării ecosistemelor,,3e901799-1124-11ef-a251-01aa75ed71a1,https://op.europa.eu/o/opportal-service/download-handler?identifier=3e901799-1124-11ef-a251-01aa75ed71a1&format=fmx4&language=ro&productionSystem=cellar&part=
24,E4,ro,E4,Biodiversitatea și ecosistemele,Impacturile și dependențele de serviciile ecosistemice,,3e901799-1124-11ef-a251-01aa75ed71a1,https://op.europa.eu/o/opportal-service/download-handler?identifier=3e901799-1124-11ef-a251-01aa75ed71a1&format=fmx4&language=ro&productionSystem=cellar&part=
25,E5,ro,E5,Economie circulară,"Intrările de resurse, inclusiv utilizarea resurselor",,3e901799-1124-11ef-a251-01aa75ed71a1,https://op.europa.eu/o/opportal-service/download-handler?identifier=3e901799-1124-11ef-a251-01aa75ed71a1&format=fmx4&language=ro&productionSystem=cellar&part=
26,E5,ro,E5,Economie circulară,Ieșirile de resurse legate de produse și servicii,,3e901799-1124-11ef-a251-01aa75ed71a1,https://op.europa.eu/o/opportal-service/download-handler?identifier=3e901799-1124-11ef-a251-01aa75ed71a1&format=fmx4&language=ro&productionSystem=cellar&part=
27,E5,ro,E5,Economie circulară,Deșeurile,,3e901799-1124-11ef-a251-01aa75ed71a1,https://op.europa.eu/o/opportal-service/download-handler?identifier=3e901799-1124-11ef-a251-01aa75ed71a1&format=fmx4&language=ro&productionSystem=cellar&part=
28,S1,ro,S1,Forța de muncă proprie,Condiții de muncă,Locuri de muncă sigure,3e901799-1124-11ef-a251-01aa75ed71a1,https://op.europa.eu/o/opportal-service/download-handler?identifier=3e901799-1124-11ef-a251-01aa75ed71a1&format=fmx4&language=ro&productionSystem=cellar&part=
29,S1,ro,S1,Forța de muncă proprie,Condiții de muncă,Timpul de lucru,3e901799-1124-11ef-a251-01aa75ed71a1,https://op.europa.eu/o/opportal-service/download-handler?identifier=3e901799-1124-11ef-a251-01aa75ed71a1&format=fmx4&language=ro&productionSystem=cellar&part=
30,S1,ro,S1,Forța de muncă proprie,Condiții de muncă,Salarii adecvate,3e901799-1124-11ef-a251-01aa75ed71a1,https://op.europa.eu/o/opportal-service/download-handler?identifier=3e901799-1124-11ef-a251-01aa75ed71a1&format=fmx4&language=ro&productionSystem=cellar&part=
31,S1,ro,S1,Forța de muncă proprie,Condiții de muncă,Dialog social,3e901799-1124-11ef-a251-01aa75ed71a1,https://op.europa.eu/o/opportal-service/download-handler?identifier=3e901799-1124-11ef-a251-01aa75ed71a1&format=fmx4&language=ro&productionSystem=cellar&part=
32,S1,ro,S1,Forța de muncă proprie,Condiții de muncă,"Libertatea de asociere, existența comitetelor de întreprindere și drepturile de informare, consultare și participare ale lucrătorilor",3e901799-1124-11ef-a251-01aa75ed71a1,https://op.europa.eu/o/opportal-service/download-handler?identifier=3e901799-1124-11ef-a251-01aa75ed71a1&format=fmx4&language=ro&productionSystem=cellar&part=
33,S1,ro,S1,Forța de muncă proprie,Condiții de muncă,"Negocierea colectivă, inclusiv proporția lucrătorilor care fac obiectul contractelor colective de muncă",3e901799-1124-11ef-a251-01aa75ed71a1,https://op.europa.eu/o/opportal-service/download-handler?identifier=3e901799-1124-11ef-a251-01aa75ed71a1&format=fmx4&language=ro&productionSystem=cellar&part=
34,S1,ro,S1,Forța de muncă proprie,Condiții de muncă,Echilibru între viața profesională și cea privată,3e901799-1124-11ef-a251-01aa75ed71a1,https://op.europa.eu/o/opportal-service/download-handler?identifier=3e901799-1124-11ef-a251-01aa75ed71a1&format=fmx4&language=ro&productionSystem=cellar&part=
35,S1,ro,S1,Forța de muncă proprie,Condiții de muncă,Sănătatea și siguranța,3e901799-1124-11ef-a251-01aa75ed71a1,https://op.europa.eu/o/opportal-service/download-handler?identifier=3e901799-1124-11ef-a251-01aa75ed71a1&format=fmx4&language=ro&productionSystem=cellar&part=
36,S1,ro,S1,Forța de muncă proprie,Egalitatea de tratament și de șanse pentru toți,Egalitatea de gen și plata egală pentru muncă de valoare egală,3e901799-1124-11ef-a251-01aa75ed71a1,https://op.europa.eu/o/opportal-service/download-handler?identifier=3e901799-1124-11ef-a251-01aa75ed71a1&format=fmx4&language=ro&productionSystem=cellar&part=
37,S1,ro,S1,Forța de muncă proprie,Egalitatea de tratament și de șanse pentru toți,Formare și dezvoltarea competențelor,3e901799-1124-11ef-a251-01aa75ed71a1,https://op.europa.eu/o/opportal-service/download-handler?identifier=3e901799-1124-11ef-a251-01aa75ed71a1&format=fmx4&language=ro&productionSystem=cellar&part=
38,S1,ro,S1,Forța de muncă proprie,Egalitatea de tratament și de șanse pentru toți,Ocuparea forței de muncă și incluziunea persoanelor cu dizabilități,3e901799-1124-11ef-a251-01aa75ed71a1,https://op.europa.eu/o/opportal-service/download-handler?identifier=3e901799-1124-11ef-a251-01aa75ed71a1&format=fmx4&language=ro&productionSystem=cellar&part=
39,S1,ro,S1,Forța de muncă proprie,Egalitatea de tratament și de șanse pentru toți,Măsuri împotriva violenței și a hărțuirii la locul de muncă,3e901799-1124-11ef-a251-01aa75ed71a1,https://op.europa.eu/o/opportal-service/download-handler?identifier=3e901799-1124-11ef-a251-01aa75ed71a1&format=fmx4&language=ro&productionSystem=cellar&part=
40,S1,ro,S1,Forța de muncă proprie,Egalitatea de tratament și de șanse pentru toți,Diversitatea,3e901799-1124-11ef-a251-01aa75ed71a1,https://op.europa.eu/o/opportal-service/download-handler?identifier=3e901799-1124-11ef-a251-01aa75ed71a1&format=fmx4&language=ro&productionSystem=cellar&part=
41,S1,ro,S1,Forța de muncă proprie,Alte drepturi legate de muncă,Munca copiilor,3e901799-1124-11ef-a251-01aa75ed71a1,https://op.europa.eu/o/opportal-service/download-handler?identifier=3e901799-1124-11ef-a251-01aa75ed71a1&format=fmx4&language=ro&productionSystem=cellar&part=
42,S1,ro,S1,Forța de muncă proprie,Alte drepturi legate de muncă,Muncă forțată,3e901799-1124-11ef-a251-01aa75ed71a1,https://op.europa.eu/o/opportal-service/download-handler?identifier=3e901799-1124-11ef-a251-01aa75ed71a1&format=fmx4&language=ro&productionSystem=cellar&part=
43,S1,ro,S1,Forța de muncă proprie,Alte drepturi legate de muncă,Locuințe adecvate,3e901799-1124-11ef-a251-01aa75ed71a1,https://op.europa.eu/o/opportal-service/download-handler?identifier=3e901799-1124-11ef-a251-01aa75ed71a1&format=fmx4&language=ro&productionSystem=cellar&part=
44,S1,ro,S1,Forța de muncă proprie,Alte drepturi legate de muncă,Confidențialitatea,3e901799-1124-11ef-a251-01aa75ed71a1,https://op.europa.eu/o/opportal-service/download-handler?identifier=3e901799-1124-11ef-a251-01aa75ed71a1&format=fmx4&language=ro&productionSystem=cellar&part=
45,S2,ro,S2,Lucrătorii din lanțul valoric,Condiții de muncă,Locuri de muncă sigure,3e901799-1124-11ef-a251-01aa75ed71a1,https://op.europa.eu/o/opportal-service/download-handler?identifier=3e901799-1124-11ef-a251-01aa75ed71a1&format=fmx4&language=ro&productionSystem=cellar&part=
46,S2,ro,S2,Lucrătorii din lanțul valoric,Condiții de muncă,Timpul de lucru,3e901799-1124-11ef-a251-01aa75ed71a1,https://op.europa.eu/o/opportal-service/download-handler?identifier=3e901799-1124-11ef-a251-01aa75ed71a1&format=fmx4&language=ro&productionSystem=cellar&part=
47,S2,ro,S2,Lucrătorii din lanțul valoric,Condiții de muncă,Salarii adecvate,3e901799-1124-11ef-a251-01aa75ed71a1,https://op.europa.eu/o/opportal-service/download-handler?identifier=3e901799-1124-11ef-a251-01aa75ed71a1&format=fmx4&language=ro&productionSystem=cellar&part=
48,S2,ro,S2,Lucrătorii din lanțul valoric,Condiții de muncă,Dialog social,3e901799-1124-11ef-a251-01aa75ed71a1,https://op.europa.eu/o/opportal-service/download-handler?identifier=3e901799-1124-11ef-a251-01aa75ed71a1&format=fmx4&language=ro&productionSystem=cellar&part=
49,S2,ro,S2,Lucrătorii din lanțul valoric,Condiții de muncă,"Libertatea de asociere, inclusiv existența comitetelor de întreprindere",3e901799-1124-11ef-a251-01aa75ed71a1,https://op.europa.eu/o/opportal-service/download-handler?identifier=3e901799-1124-11ef-a251-01aa75ed71a1&format=fmx4&language=ro&productionSystem=cellar&part=
50,S2,ro,S2,Lucrătorii din lanțul valoric,Condiții de muncă,Negocierea colectivă,3e901799-1124-11ef-a251-01aa75ed71a1,https://op.europa.eu/o/opportal-service/download-handler?identifier=3e901799-1124-11ef-a251-01aa75ed71a1&format=fmx4&language=ro&productionSystem=cellar&part=
51,S2,ro,S2,Lucrătorii din lanțul valoric,Condiții de muncă,Echilibru între viața profesională și cea privată,3e901799-1124-11ef-a251-01aa75ed71a1,https://op.europa.eu/o/opportal-service/download-handler?identifier=3e901799-1124-11ef-a251-01aa75ed71a1&format=fmx4&language=ro&productionSystem=cellar&part=
52,S2,ro,S2,Lucrătorii din lanțul valoric,Condiții de muncă,Sănătatea și siguranța,3e901799-1124-11ef-a251-01aa75ed71a1,https://op.europa.eu/o/opportal-service/download-handler?identifier=3e901799-1124-11ef-a251-01aa75ed71a1&format=fmx4&language=ro&productionSystem=cellar&part=
53,S2,ro,S2,Lucrătorii din lanțul valoric,Egalitatea de tratament și de șanse pentru toți,Egalitatea de gen și plata egală pentru muncă de valoare egală,3e901799-1124-11ef-a251-01aa75ed71a1,https://op.europa.eu/o/opportal-service/download-handler?identifier=3e901799-1124-11ef-a251-01aa75ed71a1&format=fmx4&language=ro&productionSystem=cellar&part=
54,S2,ro,S2,Lucrătorii din lanțul valoric,Egalitatea de tratament și de șanse pentru toți,Formare și dezvoltarea competențelor,3e901799-1124-11ef-a251-01aa75ed71a1,https://op.europa.eu/o/opportal-service/download-handler?identifier=3e901799-1124-11ef-a251-01aa75ed71a1&format=fmx4&language=ro&productionSystem=cellar&part=
55,S2,ro,S2,Lucrătorii din lanțul valoric,Egalitatea de tratament și de șanse pentru toți,Ocuparea forței de muncă și incluziunea persoanelor cu dizabilități,3e901799-1124-11ef-a251-01aa75ed71a1,https://op.europa.eu/o/opportal-service/download-handler?identifier=3e901799-1124-11ef-a251-01aa75ed71a1&format=fmx4&language=ro&productionSystem=cellar&part=
56,S2,ro,S2,Lucrătorii din lanțul valoric,Egalitatea de tratament și de șanse pentru toți,Măsuri împotriva violenței și a hărțuirii la locul de muncă,3e901799-1124-11ef-a251-01aa75ed71a1,https://op.europa.eu/o/opportal-service/download-handler?identifier=3e901799-1124-11ef-a251-01aa75ed71a1&format=fmx4&language=ro&productionSystem=cellar&part=
57,S2,ro,S2,Lucrătorii din lanțul valoric,Egalitatea de tratament și de șanse pentru toți,Diversitatea,3e901799-1124-11ef-a251-01aa75ed71a1,https://op.europa.eu/o/opportal-service/download-handler?identifier=3e901799-1124-11ef-a251-01aa75ed71a1&format=fmx4&language=ro&productionSystem=cellar&part=
58,S2,ro,S2,Lucrătorii din lanțul valoric,Alte drepturi legate de muncă,Munca copiilor,3e901799-1124-11ef-a251-01aa75ed71a1,https://op.europa.eu/o/opportal-service/download-handler?identifier=3e901799-1124-11ef-a251-01aa75ed71a1&format=fmx4&language=ro&productionSystem=cellar&part=
59,S2,ro,S2,Lucrătorii din lanțul valoric,Alte drepturi legate de muncă,Muncă forțată,3e901799-1124-11ef-a251-01aa75ed71a1,https://op.europa.eu/o/opportal-service/download-handler?identifier=3e901799-1124-11ef-a251-01aa75ed71a1&format=fmx4&language=ro&productionSystem=cellar&part=
60,S2,ro,S2,Lucrătorii din lanțul valoric,Alte drepturi legate de muncă,Locuințe adecvate,3e901799-1124-11ef-a251-01aa75ed71a1,https://op.europa.eu/o/opportal-service/download-handler?identifier=3e901799-1124-11ef-a251-01aa75ed71a1&format=fmx4&language=ro&productionSystem=cellar&part=
61,S2,ro,S2,Lucrătorii din lanțul valoric,Alte drepturi legate de muncă,Apa și salubritatea,3e901799-1124-11ef-a251-01aa75ed71a1,https://op.europa.eu/o/opportal-service/download-handler?identifier=3e901799-1124-11ef-a251-01aa75ed71a1&format=fmx4&language=ro&productionSystem=cellar&part=
62,S2,ro,S2,Lucrătorii din lanțul valoric,Alte drepturi legate de muncă,Confidențialitatea,3e901799-1124-11ef-a251-01aa75ed71a1,https://op.europa.eu/o/opportal-service/download-handler?identifier=3e901799-1124-11ef-a251-01aa75ed71a1&format=fmx4&language=ro&productionSystem=cellar&part=
63,S3,ro,S3,Comunitățile afectate,"Drepturile economice, sociale și culturale ale comunităților",Locuințe adecvate,3e901799-1124-11ef-a251-01aa75ed71a1,https://op.europa.eu/o/opportal-service/download-handler?identifier=3e901799-1124-11ef-a251-01aa75ed71a1&format=fmx4&language=ro&productionSystem=cellar&part=
64,S3,ro,S3,Comunitățile afectate,"Drepturile economice, sociale și culturale ale comunităților",Hrană adecvată,3e901799-1124-11ef-a251-01aa75ed71a1,https://op.europa.eu/o/opportal-service/download-handler?identifier=3e901799-1124-11ef-a251-01aa75ed71a1&format=fmx4&language=ro&productionSystem=cellar&part=
65,S3,ro,S3,Comunitățile afectate,"Drepturile economice, sociale și culturale ale comunităților",Apa și salubritatea,3e901799-1124-11ef-a251-01aa75ed71a1,https://op.europa.eu/o/opportal-service/download-handler?identifier=3e901799-1124-11ef-a251-01aa75ed71a1&format=fmx4&language=ro&productionSystem=cellar&part=
66,S3,ro,S3,Comunitățile afectate,"Drepturile economice, sociale și culturale ale comunităților",Impacturi legate de soluri,3e901799-1124-11ef-a251-01aa75ed71a1,https://op.europa.eu/o/opportal-service/download-handler?identifier=3e901799-1124-11ef-a251-01aa75ed71a1&format=fmx4&language=ro&productionSystem=cellar&part=
67,S3,ro,S3,Comunitățile afectate,"Drepturile economice, sociale și culturale ale comunităților",Impacturi legate de securitate,3e901799-1124-11ef-a251-01aa75ed71a1,https://op.europa.eu/o/opportal-service/download-handler?identifier=3e901799-1124-11ef-a251-01aa75ed71a1&format=fmx4&language=ro&productionSystem=cellar&part=
68,S3,ro,S3,Comunitățile afectate,Drepturile civile și politice ale comunităților,Libertatea de exprimare,3e901799-1124-11ef-a251-01aa75ed71a1,https://op.europa.eu/o/opportal-service/download-handler?identifier=3e901799-1124-11ef-a251-01aa75ed71a1&format=fmx4&language=ro&productionSystem=cellar&part=
69,S3,ro,S3,Comunitățile afectate,Drepturile civile și politice ale comunităților,Libertatea de întrunire,3e901799-1124-11ef-a251-01aa75ed71a1,https://op.europa.eu/o/opportal-service/download-handler?identifier=3e901799-1124-11ef-a251-01aa75ed71a1&format=fmx4&language=ro&productionSystem=cellar&part=
70,S3,ro,S3,Comunitățile afectate,Drepturile civile și politice ale comunităților,Impactul asupra apărătorilor drepturilor omului,3e901799-1124-11ef-a251-01aa75ed71a1,https://op.europa.eu/o/opportal-service/download-handler?identifier=3e901799-1124-11ef-a251-01aa75ed71a1&format=fmx4&language=ro&productionSystem=cellar&part=
71,S3,ro,S3,Comunitățile afectate,Drepturile populațiilor indigene,"Consimțământ liber, prealabil și în cunoștință de cauză",3e901799-1124-11ef-a251-01aa75ed71a1,https://op.europa.eu/o/opportal-service/download-handler?identifier=3e901799-1124-11ef-a251-01aa75ed71a1&format=fmx4&language=ro&productionSystem=cellar&part=
72,S3,ro,S3,Comunitățile afectate,Drepturile populațiilor indigene,Autodeterminarea,3e901799-1124-11ef-a251-01aa75ed71a1,https://op.europa.eu/o/opportal-service/download-handler?identifier=3e901799-1124-11ef-a251-01aa75ed71a1&format=fmx4&language=ro&productionSystem=cellar&part=
73,S3,ro,S3,Comunitățile afectate,Drepturile populațiilor indigene,Drepturile culturale,3e901799-1124-11ef-a251-01aa75ed71a1,https://op.europa.eu/o/opportal-service/download-handler?identifier=3e901799-1124-11ef-a251-01aa75ed71a1&format=fmx4&language=ro&productionSystem=cellar&part=
74,S4,ro,S4,Consumatorii și utilizatorii finali,Impacturile legate de informare pentru consumatori și/sau utilizatorii finali,Confidențialitatea,3e901799-1124-11ef-a251-01aa75ed71a1,https://op.europa.eu/o/opportal-service/download-handler?identifier=3e901799-1124-11ef-a251-01aa75ed71a1&format=fmx4&language=ro&productionSystem=cellar&part=
75,S4,ro,S4,Consumatorii și utilizatorii finali,Impacturile legate de informare pentru consumatori și/sau utilizatorii finali,Libertatea de exprimare,3e901799-1124-11ef-a251-01aa75ed71a1,https://op.europa.eu/o/opportal-service/download-handler?identifier=3e901799-1124-11ef-a251-01aa75ed71a1&format=fmx4&language=ro&productionSystem=cellar&part=
76,S4,ro,S4,Consumatorii și utilizatorii finali,Impacturile legate de informare pentru consumatori și/sau utilizatorii finali,Accesul la informații (de calitate),3e901799-1124-11ef-a251-01aa75ed71a1,https://op.europa.eu/o/opportal-service/download-handler?identifier=3e901799-1124-11ef-a251-01aa75ed71a1&format=fmx4&language=ro&productionSystem=cellar&part=
77,S4,ro,S4,Consumatorii și utilizatorii finali,Siguranța personală a consumatorilor și/sau a utilizatorilor finali,Sănătatea și siguranța,3e901799-1124-11ef-a251-01aa75ed71a1,https://op.europa.eu/o/opportal-service/download-handler?identifier=3e901799-1124-11ef-a251-01aa75ed71a1&format=fmx4&language=ro&productionSystem=cellar&part=
78,S4,ro,S4,Consumatorii și utilizatorii finali,Siguranța personală a consumatorilor și/sau a utilizatorilor finali,Securitatea unei persoane,3e901799-1124-11ef-a251-01aa75ed71a1,https://op.europa.eu/o/opportal-service/download-handler?identifier=3e901799-1124-11ef-a251-01aa75ed71a1&format=fmx4&language=ro&productionSystem=cellar&part=
79,S4,ro,S4,Consumatorii și utilizatorii finali,Siguranța personală a consumatorilor și/sau a utilizatorilor finali,Protecția copilului,3e901799-1124-11ef-a251-01aa75ed71a1,https://op.europa.eu/o/opportal-service/download-handler?identifier=3e901799-1124-11ef-a251-01aa75ed71a1&format=fmx4&language=ro&productionSystem=cellar&part=
80,S4,ro,S4,Consumatorii și utilizatorii finali,Incluziunea socială a consumatorilor și/sau a utilizatorilor finali,Nediscriminarea,3e901799-1124-11ef-a251-01aa75ed71a1,https://op.europa.eu/o/opportal-service/download-handler?identifier=3e901799-1124-11ef-a251-01aa75ed71a1&format=fmx4&language=ro&productionSystem=cellar&part=
81,S4,ro,S4,Consumatorii și utilizatorii finali,Incluziunea socială a consumatorilor și/sau a utilizatorilor finali,Accesul la produse și servicii,3e901799-1124-11ef-a251-01aa75ed71a1,https://op.europa.eu/o/opportal-service/download-handler?identifier=3e901799-1124-11ef-a251-01aa75ed71a1&format=fmx4&language=ro&productionSystem=cellar&part=
82,S4,ro,S4,Consumatorii și utilizatorii finali,Incluziunea socială a consumatorilor și/sau a utilizatorilor finali,Practici de comercializare responsabile,3e901799-1124-11ef-a251-01aa75ed71a1,https://op.europa.eu/o/opportal-service/download-handler?identifier=3e901799-1124-11ef-a251-01aa75ed71a1&format=fmx4&language=ro&productionSystem=cellar&part=
83,G1,ro,G1,Conduita profesională,Cultură corporativă,,3e901799-1124-11ef-a251-01aa75ed71a1,https://op.europa.eu/o/opportal-service/download-handler?identifier=3e901799-1124-11ef-a251-01aa75ed71a1&format=fmx4&language=ro&productionSystem=cellar&part=
84,G1,ro,G1,Conduita profesională,Protecția avertizorilor,,3e901799-1124-11ef-a251-01aa75ed71a1,https://op.europa.eu/o/opportal-service/download-handler?identifier=3e901799-1124-11ef-a251-01aa75ed71a1&format=fmx4&language=ro&productionSystem=cellar&part=
85,G1,ro,G1,Conduita profesională,Bunăstarea animalelor,,3e901799-1124-11ef-a251-01aa75ed71a1,https://op.europa.eu/o/opportal-service/download-handler?identifier=3e901799-1124-11ef-a251-01aa75ed71a1&format=fmx4&language=ro&productionSystem=cellar&part=
86,G1,ro,G1,Conduita profesională,Angajamentul politic și activitățile de lobby,,3e901799-1124-11ef-a251-01aa75ed71a1,https://op.europa.eu/o/opportal-service/download-handler?identifier=3e901799-1124-11ef-a251-01aa75ed71a1&format=fmx4&language=ro&productionSystem=cellar&part=
87,G1,ro,G1,Conduita profesională,"Gestionarea relațiilor cu furnizorii, inclusiv practicile de plată",,3e901799-1124-11ef-a251-01aa75ed71a1,https://op.europa.eu/o/opportal-service/download-handler?identifier=3e901799-1124-11ef-a251-01aa75ed71a1&format=fmx4&language=ro&productionSystem=cellar&part=
88,G1,ro,G1,Conduita profesională,Corupția și mita,"și depistarea, inclusiv formarea Prevenirea",3e901799-1124-11ef-a251-01aa75ed71a1,https://op.europa.eu/o/opportal-service/download-handler?identifier=3e901799-1124-11ef-a251-01aa75ed71a1&format=fmx4&language=ro&productionSystem=cellar&part=
89,G1,ro,G1,Conduita profesională,Corupția și mita,ncidente,3e901799-1124-11ef-a251-01aa75ed71a1,https://op.europa.eu/o/opportal-service/download-handler?identifier=3e901799-1124-11ef-a251-01aa75ed71a1&format=fmx4&language=ro&productionSystem=cellar&part=
1,E1,sk,E1,Zmena klímy,Adaptácia na zmenu klímy,,3e901799-1124-11ef-a251-01aa75ed71a1,https://op.europa.eu/o/opportal-service/download-handler?identifier=3e901799-1124-11ef-a251-01aa75ed71a1&format=fmx4&language=sk&productionSystem=cellar&part=
2,E1,sk,E1,Zmena klímy,Zmierňovanie zmeny klímy,,3e901799-1124-11ef-a251-01aa75ed71a1,https://op.europa.eu/o/opportal-service/download-handler?identifier=3e901799-1124-11ef-a251-01aa75ed71a1&format=fmx4&language=sk&productionSystem=cellar&part=
3,E1,sk,E1,Zmena klímy,Energia,,3e901799-1124-11ef-a251-01aa75ed71a1,https://op.europa.eu/o/opportal-service/download-handler?identifier=3e901799-1124-11ef-a251-01aa75ed71a1&format=fmx4&language=sk&productionSystem=cellar&part=
4,E2,sk,E2,Znečisťovanie,Znečisťovanie ovzdušia,,3e901799-1124-11ef-a251-01aa75ed71a1,https://op.europa.eu/o/opportal-service/download-handler?identifier=3e901799-1124-11ef-a251-01aa75ed71a1&format=fmx4&language=sk&productionSystem=cellar&part=
5,E2,sk,E2,Znečisťovanie,Znečisťovanie vody,,3e901799-1124-11ef-a251-01aa75ed71a1,https://op.europa.eu/o/opportal-service/download-handler?identifier=3e901799-1124-11ef-a251-01aa75ed71a1&format=fmx4&language=sk&productionSystem=cellar&part=
6,E2,sk,E2,Znečisťovanie,Znečisťovanie pôdy,,3e901799-1124-11ef-a251-01aa75ed71a1,https://op.europa.eu/o/opportal-service/download-handler?identifier=3e901799-1124-11ef-a251-01aa75ed71a1&format=fmx4&language=sk&productionSystem=cellar&part=
7,E2,sk,E2,Znečisťovanie,Znečisťovanie živých organizmov a potravinových zdrojov,,3e901799-1124-11ef-a251-01aa75ed71a1,https://op.europa.eu/o/opportal-service/download-handler?identifier=3e901799-1124-11ef-a251-01aa75ed71a1&format=fmx4&language=sk&productionSystem=cellar&part=
8,E2,sk,E2,Znečisťovanie,Látky vzbudzujúce obavy,,3e901799-1124-11ef-a251-01aa75ed71a1,https://op.europa.eu/o/opportal-service/download-handler?identifier=3e901799-1124-11ef-a251-01aa75ed71a1&format=fmx4&language=sk&productionSystem=cellar&part=
9,E2,sk,E2,Znečisťovanie,Látky vzbudzujúce veľmi veľké obavy,,3e901799-1124-11ef-a251-01aa75ed71a1,https://op.europa.eu/o/opportal-service/download-handler?identifier=3e901799-1124-11ef-a251-01aa75ed71a1&format=fmx4&language=sk&productionSystem=cellar&part=
10,E2,sk,E2,Znečisťovanie,Mikroplasty,,3e901799-1124-11ef-a251-01aa75ed71a1,https://op.europa.eu/o/opportal-service/download-handler?identifier=3e901799-1124-11ef-a251-01aa75ed71a1&format=fmx4&language=sk&productionSystem=cellar&part=
11,E3,sk,E3,Vodné a morské zdroje,Voda,Spotreba vody,3e901799-1124-11ef-a251-01aa75ed71a1,https://op.europa.eu/o/opportal-service/download-handler?identifier=3e901799-1124-11ef-a251-01aa75ed71a1&format=fmx4&language=sk&productionSystem=cellar&part=
12,E3,sk,E3,Vodné a morské zdroje,Voda,Odber vody,3e901799-1124-11ef-a251-01aa75ed71a1,https://op.europa.eu/o/opportal-service/download-handler?identifier=3e901799-1124-11ef-a251-01aa75ed71a1&format=fmx4&language=sk&productionSystem=cellar&part=
13,E3,sk,E3,Vodné a morské zdroje,Voda,Vypúšťanie vody,3e901799-1124-11ef-a251-01aa75ed71a1,https://op.europa.eu/o/opportal-service/download-handler?identifier=3e901799-1124-11ef-a251-01aa75ed71a1&format=fmx4&language=sk&productionSystem=cellar&part=
14,E3,sk,E3,Vodné a morské zdroje,Voda,Vypúšťanie vody do oceánov,3e901799-1124-11ef-a251-01aa75ed71a1,https://op.europa.eu/o/opportal-service/download-handler?identifier=3e901799-1124-11ef-a251-01aa75ed71a1&format=fmx4&language=sk&productionSystem=cellar&part=
15,E3,sk,E3,Vodné a morské zdroje,Morské zdroje,Ťažba a využívanie morských zdrojov,3e901799-1124-11ef-a251-01aa75ed71a1,https://op.europa.eu/o/opportal-service/download-handler?identifier=3e901799-1124-11ef-a251-01aa75ed71a1&format=fmx4&language=sk&productionSystem=cellar&part=
16,E4,sk,E4,Biodiverzita a ekosystémy,Priame faktory vplyvu straty biodiverzity,Zmena klímy,3e901799-1124-11ef-a251-01aa75ed71a1,https://op.europa.eu/o/opportal-service/download-handler?identifier=3e901799-1124-11ef-a251-01aa75ed71a1&format=fmx4&language=sk&productionSystem=cellar&part=
17,E4,sk,E4,Biodiverzita a ekosystémy,Priame faktory vplyvu straty biodiverzity,"Zmena využívania krajiny, zmena využívania sladkej vody a zmena využívania morí",3e901799-1124-11ef-a251-01aa75ed71a1,https://op.europa.eu/o/opportal-service/download-handler?identifier=3e901799-1124-11ef-a251-01aa75ed71a1&format=fmx4&language=sk&productionSystem=cellar&part=
18,E4,sk,E4,Biodiverzita a ekosystémy,Priame faktory vplyvu straty biodiverzity,Priame využívanie,3e901799-1124-11ef-a251-01aa75ed71a1,https://op.europa.eu/o/opportal-service/download-handler?identifier=3e901799-1124-11ef-a251-01aa75ed71a1&format=fmx4&language=sk&productionSystem=cellar&part=
19,E4,sk,E4,Biodiverzita a ekosystémy,Priame faktory vplyvu straty biodiverzity,Invázne nepôvodné druhy,3e901799-1124-11ef-a251-01aa75ed71a1,https://op.europa.eu/o/opportal-service/download-handler?identifier=3e901799-1124-11ef-a251-01aa75ed71a1&format=fmx4&language=sk&productionSystem=cellar&part=
20,E4,sk,E4,Biodiverzita a ekosystémy,Priame faktory vplyvu straty biodiverzity,Znečisťovanie,3e901799-1124-11ef-a251-01aa75ed71a1,https://op.europa.eu/o/opportal-service/download-handler?identifier=3e901799-1124-11ef-a251-01aa75ed71a1&format=fmx4&language=sk&productionSystem=cellar&part=
21,E4,sk,E4,Biodiverzita a ekosystémy,Priame faktory vplyvu straty biodiverzity,Ostatné,3e901799-1124-11ef-a251-01aa75ed71a1,https://op.europa.eu/o/opportal-service/download-handler?identifier=3e901799-1124-11ef-a251-01aa75ed71a1&format=fmx4&language=sk&productionSystem=cellar&part=
22,E4,sk,E4,Biodiverzita a ekosystémy,Vplyvy na stav druhov,,3e901799-1124-11ef-a251-01aa75ed71a1,https://op.europa.eu/o/opportal-service/download-handler?identifier=3e901799-1124-11ef-a251-01aa75ed71a1&format=fmx4&language=sk&productionSystem=cellar&part=
23,E4,sk,E4,Biodiverzita a ekosystémy,Vplyvy na rozsah a stav ekosystémov,,3e901799-1124-11ef-a251-01aa75ed71a1,https://op.europa.eu/o/opportal-service/download-handler?identifier=3e901799-1124-11ef-a251-01aa75ed71a1&format=fmx4&language=sk&productionSystem=cellar&part=
24,E4,sk,E4,Biodiverzita a ekosystémy,Vplyvy na ekosystémové služby a závislosti od nich,,3e901799-1124-11ef-a251-01aa75ed71a1,https://op.europa.eu/o/opportal-service/download-handler?identifier=3e901799-1124-11ef-a251-01aa75ed71a1&format=fmx4&language=sk&productionSystem=cellar&part=
25,E5,sk,E5,Obehové hospodárstvo,Prílev zdrojov vrátane využívania zdrojov,,3e901799-1124-11ef-a251-01aa75ed71a1,https://op.europa.eu/o/opportal-service/download-handler?identifier=3e901799-1124-11ef-a251-01aa75ed71a1&format=fmx4&language=sk&productionSystem=cellar&part=
26,E5,sk,E5,Obehové hospodárstvo,Odlev zdrojov v súvislosti s výrobkami a službami,,3e901799-1124-11ef-a251-01aa75ed71a1,https://op.europa.eu/o/opportal-service/download-handler?identifier=3e901799-1124-11ef-a251-01aa75ed71a1&format=fmx4&language=sk&productionSystem=cellar&part=
27,E5,sk,E5,Obehové hospodárstvo,Odpad,,3e901799-1124-11ef-a251-01aa75ed71a1,https://op.europa.eu/o/opportal-service/download-handler?identifier=3e901799-1124-11ef-a251-01aa75ed71a1&format=fmx4&language=sk&productionSystem=cellar&part=
28,S1,sk,S1,Vlastná pracovná sila,Pracovné podmienky,Bezpečné zamestnanie,3e901799-1124-11ef-a251-01aa75ed71a1,https://op.europa.eu/o/opportal-service/download-handler?identifier=3e901799-1124-11ef-a251-01aa75ed71a1&format=fmx4&language=sk&productionSystem=cellar&part=
29,S1,sk,S1,Vlastná pracovná sila,Pracovné podmienky,Pracovný čas,3e901799-1124-11ef-a251-01aa75ed71a1,https://op.europa.eu/o/opportal-service/download-handler?identifier=3e901799-1124-11ef-a251-01aa75ed71a1&format=fmx4&language=sk&productionSystem=cellar&part=
30,S1,sk,S1,Vlastná pracovná sila,Pracovné podmienky,Primerané mzdy,3e901799-1124-11ef-a251-01aa75ed71a1,https://op.europa.eu/o/opportal-service/download-handler?identifier=3e901799-1124-11ef-a251-01aa75ed71a1&format=fmx4&language=sk&productionSystem=cellar&part=
31,S1,sk,S1,Vlastná pracovná sila,Pracovné podmienky,Sociálny dialóg,3e901799-1124-11ef-a251-01aa75ed71a1,https://op.europa.eu/o/opportal-service/download-handler?identifier=3e901799-1124-11ef-a251-01aa75ed71a1&format=fmx4&language=sk&productionSystem=cellar&part=
32,S1,sk,S1,Vlastná pracovná sila,Pracovné podmienky,"Sloboda združovania, existencia zamestnaneckých rád a práva pracovníkov na informácie, konzultácie a účasť",3e901799-1124-11ef-a251-01aa75ed71a1,https://op.europa.eu/o/opportal-service/download-handler?identifier=3e901799-1124-11ef-a251-01aa75ed71a1&format=fmx4&language=sk&productionSystem=cellar&part=
33,S1,sk,S1,Vlastná pracovná sila,Pracovné podmienky,"Kolektívne vyjednávanie vrátane podielu pracovníkov, na ktorých sa vzťahujú kolektívne zmluvy",3e901799-1124-11ef-a251-01aa75ed71a1,https://op.europa.eu/o/opportal-service/download-handler?identifier=3e901799-1124-11ef-a251-01aa75ed71a1&format=fmx4&language=sk&productionSystem=cellar&part=
34,S1,sk,S1,Vlastná pracovná sila,Pracovné podmienky,Rovnováha medzi pracovným a súkromným životom,3e901799-1124-11ef-a251-01aa75ed71a1,https://op.europa.eu/o/opportal-service/download-handler?identifier=3e901799-1124-11ef-a251-01aa75ed71a1&format=fmx4&language=sk&productionSystem=cellar&part=
35,S1,sk,S1,Vlastná pracovná sila,Pracovné podmienky,Zdravie a bezpečnosť,3e901799-1124-11ef-a251-01aa75ed71a1,https://op.europa.eu/o/opportal-service/download-handler?identifier=3e901799-1124-11ef-a251-01aa75ed71a1&format=fmx4&language=sk&productionSystem=cellar&part=
36,S1,sk,S1,Vlastná pracovná sila,Rovnaké zaobchádzanie a príležitosti pre všetkých,Rodová rovnosť a rovnaká odmena za prácu rovnakej hodnoty,3e901799-1124-11ef-a251-01aa75ed71a1,https://op.europa.eu/o/opportal-service/download-handler?identifier=3e901799-1124-11ef-a251-01aa75ed71a1&format=fmx4&language=sk&productionSystem=cellar&part=
37,S1,sk,S1,Vlastná pracovná sila,Rovnaké zaobchádzanie a príležitosti pre všetkých,Odborná príprava a rozvoj zručností,3e901799-1124-11ef-a251-01aa75ed71a1,https://op.europa.eu/o/opportal-service/download-handler?identifier=3e901799-1124-11ef-a251-01aa75ed71a1&format=fmx4&language=sk&productionSystem=cellar&part=
38,S1,sk,S1,Vlastná pracovná sila,Rovnaké zaobchádzanie a príležitosti pre všetkých,Zamestnanosť a začlenenie osôb so zdravotným postihnutím,3e901799-1124-11ef-a251-01aa75ed71a1,https://op.europa.eu/o/opportal-service/download-handler?identifier=3e901799-1124-11ef-a251-01aa75ed71a1&format=fmx4&language=sk&productionSystem=cellar&part=
39,S1,sk,S1,Vlastná pracovná sila,Rovnaké zaobchádzanie a príležitosti pre všetkých,Opatrenia proti násiliu a obťažovaniu na pracovisku,3e901799-1124-11ef-a251-01aa75ed71a1,https://op.europa.eu/o/opportal-service/download-handler?identifier=3e901799-1124-11ef-a251-01aa75ed71a1&format=fmx4&language=sk&productionSystem=cellar&part=
40,S1,sk,S1,Vlastná pracovná sila,Rovnaké zaobchádzanie a príležitosti pre všetkých,Rozmanitosť,3e901799-1124-11ef-a251-01aa75ed71a1,https://op.europa.eu/o/opportal-service/download-handler?identifier=3e901799-1124-11ef-a251-01aa75ed71a1&format=fmx4&language=sk&productionSystem=cellar&part=
41,S1,sk,S1,Vlastná pracovná sila,Iné pracovné práva,Detská práca,3e901799-1124-11ef-a251-01aa75ed71a1,https://op.europa.eu/o/opportal-service/download-handler?identifier=3e901799-1124-11ef-a251-01aa75ed71a1&format=fmx4&language=sk&productionSystem=cellar&part=
42,S1,sk,S1,Vlastná pracovná sila,Iné pracovné práva,Nútená práca,3e901799-1124-11ef-a251-01aa75ed71a1,https://op.europa.eu/o/opportal-service/download-handler?identifier=3e901799-1124-11ef-a251-01aa75ed71a1&format=fmx4&language=sk&productionSystem=cellar&part=
43,S1,sk,S1,Vlastná pracovná sila,Iné pracovné práva,Primerané bývanie,3e901799-1124-11ef-a251-01aa75ed71a1,https://op.europa.eu/o/opportal-service/download-handler?identifier=3e901799-1124-11ef-a251-01aa75ed71a1&format=fmx4&language=sk&productionSystem=cellar&part=
44,S1,sk,S1,Vlastná pracovná sila,Iné pracovné práva,Súkromie,3e901799-1124-11ef-a251-01aa75ed71a1,https://op.europa.eu/o/opportal-service/download-handler?identifier=3e901799-1124-11ef-a251-01aa75ed71a1&format=fmx4&language=sk&productionSystem=cellar&part=
45,S2,sk,S2,Pracovníci v hodnotovom reťazci,Pracovné podmienky,Bezpečné zamestnanie,3e901799-1124-11ef-a251-01aa75ed71a1,https://op.europa.eu/o/opportal-service/download-handler?identifier=3e901799-1124-11ef-a251-01aa75ed71a1&format=fmx4&language=sk&productionSystem=cellar&part=
46,S2,sk,S2,Pracovníci v hodnotovom reťazci,Pracovné podmienky,Pracovný čas,3e901799-1124-11ef-a251-01aa75ed71a1,https://op.europa.eu/o/opportal-service/download-handler?identifier=3e901799-1124-11ef-a251-01aa75ed71a1&format=fmx4&language=sk&productionSystem=cellar&part=
47,S2,sk,S2,Pracovníci v hodnotovom reťazci,Pracovné podmienky,Primerané mzdy,3e901799-1124-11ef-a251-01aa75ed71a1,https://op.europa.eu/o/opportal-service/download-handler?identifier=3e901799-1124-11ef-a251-01aa75ed71a1&format=fmx4&language=sk&productionSystem=cellar&part=
48,S2,sk,S2,Pracovníci v hodnotovom reťazci,Pracovné podmienky,Sociálny dialóg,3e901799-1124-11ef-a251-01aa75ed71a1,https://op.europa.eu/o/opportal-service/download-handler?identifier=3e901799-1124-11ef-a251-01aa75ed71a1&format=fmx4&language=sk&productionSystem=cellar&part=
49,S2,sk,S2,Pracovníci v hodnotovom reťazci,Pracovné podmienky,Sloboda združovania vrátane existencie zamestnaneckých rád,3e901799-1124-11ef-a251-01aa75ed71a1,https://op.europa.eu/o/opportal-service/download-handler?identifier=3e901799-1124-11ef-a251-01aa75ed71a1&format=fmx4&language=sk&productionSystem=cellar&part=
50,S2,sk,S2,Pracovníci v hodnotovom reťazci,Pracovné podmienky,Kolektívne vyjednávanie,3e901799-1124-11ef-a251-01aa75ed71a1,https://op.europa.eu/o/opportal-service/download-handler?identifier=3e901799-1124-11ef-a251-01aa75ed71a1&format=fmx4&language=sk&productionSystem=cellar&part=
51,S2,sk,S2,Pracovníci v hodnotovom reťazci,Pracovné podmienky,Rovnováha medzi pracovným a súkromným životom,3e901799-1124-11ef-a251-01aa75ed71a1,https://op.europa.eu/o/opportal-service/download-handler?identifier=3e901799-1124-11ef-a251-01aa75ed71a1&format=fmx4&language=sk&productionSystem=cellar&part=
52,S2,sk,S2,Pracovníci v hodnotovom reťazci,Pracovné podmienky,Zdravie a bezpečnosť,3e901799-1124-11ef-a251-01aa75ed71a1,https://op.europa.eu/o/opportal-service/download-handler?identifier=3e901799-1124-11ef-a251-01aa75ed71a1&format=fmx4&language=sk&productionSystem=cellar&part=
53,S2,sk,S2,Pracovníci v hodnotovom reťazci,Rovnaké zaobchádzanie a príležitosti pre všetkých,Rodová rovnosť a rovnaká odmena za prácu rovnakej hodnoty,3e901799-1124-11ef-a251-01aa75ed71a1,https://op.europa.eu/o/opportal-service/download-handler?identifier=3e901799-1124-11ef-a251-01aa75ed71a1&format=fmx4&language=sk&productionSystem=cellar&part=
54,S2,sk,S2,Pracovníci v hodnotovom reťazci,Rovnaké zaobchádzanie a príležitosti pre všetkých,Odborná príprava a rozvoj zručností,3e901799-1124-11ef-a251-01aa75ed71a1,https://op.europa.eu/o/opportal-service/download-handler?identifier=3e901799-1124-11ef-a251-01aa75ed71a1&format=fmx4&language=sk&productionSystem=cellar&part=
55,S2,sk,S2,Pracovníci v hodnotovom reťazci,Rovnaké zaobchádzanie a príležitosti pre všetkých,Zamestnanosť a začlenenie osôb so zdravotným postihnutím,3e901799-1124-11ef-a251-01aa75ed71a1,https://op.europa.eu/o/opportal-service/download-handler?identifier=3e901799-1124-11ef-a251-01aa75ed71a1&format=fmx4&language=sk&productionSystem=cellar&part=
56,S2,sk,S2,Pracovníci v hodnotovom reťazci,Rovnaké zaobchádzanie a príležitosti pre všetkých,Opatrenia proti násiliu a obťažovaniu na pracovisku,3e901799-1124-11ef-a251-01aa75ed71a1,https://op.europa.eu/o/opportal-service/download-handler?identifier=3e901799-1124-11ef-a251-01aa75ed71a1&format=fmx4&language=sk&productionSystem=cellar&part=
57,S2,sk,S2,Pracovníci v hodnotovom reťazci,Rovnaké zaobchádzanie a príležitosti pre všetkých,Rozmanitosť,3e901799-1124-11ef-a251-01aa75ed71a1,https://op.europa.eu/o/opportal-service/download-handler?identifier=3e901799-1124-11ef-a251-01aa75ed71a1&format=fmx4&language=sk&productionSystem=cellar&part=
58,S2,sk,S2,Pracovníci v hodnotovom reťazci,Iné pracovné práva,Detská práca,3e901799-1124-11ef-a251-01aa75ed71a1,https://op.europa.eu/o/opportal-service/download-handler?identifier=3e901799-1124-11ef-a251-01aa75ed71a1&format=fmx4&language=sk&productionSystem=cellar&part=
59,S2,sk,S2,Pracovníci v hodnotovom reťazci,Iné pracovné práva,Nútená práca,3e901799-1124-11ef-a251-01aa75ed71a1,https://op.europa.eu/o/opportal-service/download-handler?identifier=3e901799-1124-11ef-a251-01aa75ed71a1&format=fmx4&language=sk&productionSystem=cellar&part=
60,S2,sk,S2,Pracovníci v hodnotovom reťazci,Iné pracovné práva,Primerané bývanie,3e901799-1124-11ef-a251-01aa75ed71a1,https://op.europa.eu/o/opportal-service/download-handler?identifier=3e901799-1124-11ef-a251-01aa75ed71a1&format=fmx4&language=sk&productionSystem=cellar&part=
61,S2,sk,S2,Pracovníci v hodnotovom reťazci,Iné pracovné práva,Voda a sanitácia,3e901799-1124-11ef-a251-01aa75ed71a1,https://op.europa.eu/o/opportal-service/download-handler?identifier=3e901799-1124-11ef-a251-01aa75ed71a1&format=fmx4&language=sk&productionSystem=cellar&part=
62,S2,sk,S2,Pracovníci v hodnotovom reťazci,Iné pracovné práva,Súkromie,3e901799-1124-11ef-a251-01aa75ed71a1,https://op.europa.eu/o/opportal-service/download-handler?identifier=3e901799-1124-11ef-a251-01aa75ed71a1&format=fmx4&language=sk&productionSystem=cellar&part=
63,S3,sk,S3,Ovplyvnené spoločenstvá,"Hospodárske, sociálne a kultúrne práva spoločenstiev",Primerané bývanie,3e901799-1124-11ef-a251-01aa75ed71a1,https://op.europa.eu/o/opportal-service/download-handler?identifier=3e901799-1124-11ef-a251-01aa75ed71a1&format=fmx4&language=sk&productionSystem=cellar&part=
64,S3,sk,S3,Ovplyvnené spoločenstvá,"Hospodárske, sociálne a kultúrne práva spoločenstiev",Primeraná výživa,3e901799-1124-11ef-a251-01aa75ed71a1,https://op.europa.eu/o/opportal-service/download-handler?identifier=3e901799-1124-11ef-a251-01aa75ed71a1&format=fmx4&language=sk&productionSystem=cellar&part=
65,S3,sk,S3,Ovplyvnené spoločenstvá,"Hospodárske, sociálne a kultúrne práva spoločenstiev",Voda a sanitácia,3e901799-1124-11ef-a251-01aa75ed71a1,https://op.europa.eu/o/opportal-service/download-handler?identifier=3e901799-1124-11ef-a251-01aa75ed71a1&format=fmx4&language=sk&productionSystem=cellar&part=
66,S3,sk,S3,Ovplyvnené spoločenstvá,"Hospodárske, sociálne a kultúrne práva spoločenstiev",Vplyvy súvisiace s krajinou,3e901799-1124-11ef-a251-01aa75ed71a1,https://op.europa.eu/o/opportal-service/download-handler?identifier=3e901799-1124-11ef-a251-01aa75ed71a1&format=fmx4&language=sk&productionSystem=cellar&part=
67,S3,sk,S3,Ovplyvnené spoločenstvá,"Hospodárske, sociálne a kultúrne práva spoločenstiev",Vplyvy v oblasti bezpečnosti,3e901799-1124-11ef-a251-01aa75ed71a1,https://op.europa.eu/o/opportal-service/download-handler?identifier=3e901799-1124-11ef-a251-01aa75ed71a1&format=fmx4&language=sk&productionSystem=cellar&part=
68,S3,sk,S3,Ovplyvnené spoločenstvá,Občianske a politické práva spoločenstiev,Sloboda prejavu,3e901799-1124-11ef-a251-01aa75ed71a1,https://op.europa.eu/o/opportal-service/download-handler?identifier=3e901799-1124-11ef-a251-01aa75ed71a1&format=fmx4&language=sk&productionSystem=cellar&part=
69,S3,sk,S3,Ovplyvnené spoločenstvá,Občianske a politické práva spoločenstiev,Sloboda zhromažďovania,3e901799-1124-11ef-a251-01aa75ed71a1,https://op.europa.eu/o/opportal-service/download-handler?identifier=3e901799-1124-11ef-a251-01aa75ed71a1&format=fmx4&language=sk&productionSystem=cellar&part=
70,S3,sk,S3,Ovplyvnené spoločenstvá,Občianske a politické práva spoločenstiev,Vplyv na obhajcov ľudských práv,3e901799-1124-11ef-a251-01aa75ed71a1,https://op.europa.eu/o/opportal-service/download-handler?identifier=3e901799-1124-11ef-a251-01aa75ed71a1&format=fmx4&language=sk&productionSystem=cellar&part=
71,S3,sk,S3,Ovplyvnené spoločenstvá,Práva pôvodného obyvateľstva,"Slobodný, predchádzajúci a informovaný súhlas",3e901799-1124-11ef-a251-01aa75ed71a1,https://op.europa.eu/o/opportal-service/download-handler?identifier=3e901799-1124-11ef-a251-01aa75ed71a1&format=fmx4&language=sk&productionSystem=cellar&part=
72,S3,sk,S3,Ovplyvnené spoločenstvá,Práva pôvodného obyvateľstva,Sebaurčenie,3e901799-1124-11ef-a251-01aa75ed71a1,https://op.europa.eu/o/opportal-service/download-handler?identifier=3e901799-1124-11ef-a251-01aa75ed71a1&format=fmx4&language=sk&productionSystem=cellar&part=
73,S3,sk,S3,Ovplyvnené spoločenstvá,Práva pôvodného obyvateľstva,Kultúrne práva,3e901799-1124-11ef-a251-01aa75ed71a1,https://op.europa.eu/o/opportal-service/download-handler?identifier=3e901799-1124-11ef-a251-01aa75ed71a1&format=fmx4&language=sk&productionSystem=cellar&part=
74,S4,sk,S4,Spotrebitelia a koncoví používatelia,Informačné vplyvy na spotrebiteľov a/alebo koncových používateľov,Súkromie,3e901799-1124-11ef-a251-01aa75ed71a1,https://op.europa.eu/o/opportal-service/download-handler?identifier=3e901799-1124-11ef-a251-01aa75ed71a1&format=fmx4&language=sk&productionSystem=cellar&part=
75,S4,sk,S4,Spotrebitelia a koncoví používatelia,Informačné vplyvy na spotrebiteľov a/alebo koncových používateľov,Sloboda prejavu,3e901799-1124-11ef-a251-01aa75ed71a1,https://op.europa.eu/o/opportal-service/download-handler?identifier=3e901799-1124-11ef-a251-01aa75ed71a1&format=fmx4&language=sk&productionSystem=cellar&part=
76,S4,sk,S4,Spotrebitelia a koncoví používatelia,Informačné vplyvy na spotrebiteľov a/alebo koncových používateľov,Prístup k/ku (kvalitným) informáciám,3e901799-1124-11ef-a251-01aa75ed71a1,https://op.europa.eu/o/opportal-service/download-handler?identifier=3e901799-1124-11ef-a251-01aa75ed71a1&format=fmx4&language=sk&productionSystem=cellar&part=
77,S4,sk,S4,Spotrebitelia a koncoví používatelia,Osobná bezpečnosť spotrebiteľov a/alebo koncových používateľov,Zdravie a bezpečnosť,3e901799-1124-11ef-a251-01aa75ed71a1,https://op.europa.eu/o/opportal-service/download-handler?identifier=3e901799-1124-11ef-a251-01aa75ed71a1&format=fmx4&language=sk&productionSystem=cellar&part=
78,S4,sk,S4,Spotrebitelia a koncoví používatelia,Osobná bezpečnosť spotrebiteľov a/alebo koncových používateľov,Osobná bezpečnosť,3e901799-1124-11ef-a251-01aa75ed71a1,https://op.europa.eu/o/opportal-service/download-handler?identifier=3e901799-1124-11ef-a251-01aa75ed71a1&format=fmx4&language=sk&productionSystem=cellar&part=
79,S4,sk,S4,Spotrebitelia a koncoví používatelia,Osobná bezpečnosť spotrebiteľov a/alebo koncových používateľov,Ochrana detí,3e901799-1124-11ef-a251-01aa75ed71a1,https://op.europa.eu/o/opportal-service/download-handler?identifier=3e901799-1124-11ef-a251-01aa75ed71a1&format=fmx4&language=sk&productionSystem=cellar&part=
80,S4,sk,S4,Spotrebitelia a koncoví používatelia,Sociálna inklúzia spotrebiteľov a/alebo koncových používateľov,Nediskriminácia,3e901799-1124-11ef-a251-01aa75ed71a1,https://op.europa.eu/o/opportal-service/download-handler?identifier=3e901799-1124-11ef-a251-01aa75ed71a1&format=fmx4&language=sk&productionSystem=cellar&part=
81,S4,sk,S4,Spotrebitelia a koncoví používatelia,Sociálna inklúzia spotrebiteľov a/alebo koncových používateľov,Prístup k výrobkom a službám,3e901799-1124-11ef-a251-01aa75ed71a1,https://op.europa.eu/o/opportal-service/download-handler?identifier=3e901799-1124-11ef-a251-01aa75ed71a1&format=fmx4&language=sk&productionSystem=cellar&part=
82,S4,sk,S4,Spotrebitelia a koncoví používatelia,Sociálna inklúzia spotrebiteľov a/alebo koncových používateľov,Zodpovedné marketingové praktiky,3e901799-1124-11ef-a251-01aa75ed71a1,https://op.europa.eu/o/opportal-service/download-handler?identifier=3e901799-1124-11ef-a251-01aa75ed71a1&format=fmx4&language=sk&productionSystem=cellar&part=
83,G1,sk,G1,Obchodné správanie,Podniková kultúra,,3e901799-1124-11ef-a251-01aa75ed71a1,https://op.europa.eu/o/opportal-service/download-handler?identifier=3e901799-1124-11ef-a251-01aa75ed71a1&format=fmx4&language=sk&productionSystem=cellar&part=
84,G1,sk,G1,Obchodné správanie,Ochrana oznamovateľov nekalých praktík,,3e901799-1124-11ef-a251-01aa75ed71a1,https://op.europa.eu/o/opportal-service/download-handler?identifier=3e901799-1124-11ef-a251-01aa75ed71a1&format=fmx4&language=sk&productionSystem=cellar&part=
85,G1,sk,G1,Obchodné správanie,Dobré životné podmienky zvierat,,3e901799-1124-11ef-a251-01aa75ed71a1,https://op.europa.eu/o/opportal-service/download-handler?identifier=3e901799-1124-11ef-a251-01aa75ed71a1&format=fmx4&language=sk&productionSystem=cellar&part=
86,G1,sk,G1,Obchodné správanie,Politická angažovanosť a lobistické činnosti,,3e901799-1124-11ef-a251-01aa75ed71a1,https://op.europa.eu/o/opportal-service/download-handler?identifier=3e901799-1124-11ef-a251-01aa75ed71a1&format=fmx4&language=sk&productionSystem=cellar&part=
87,G1,sk,G1,Obchodné správanie,Riadenie vzťahov s dodávateľmi vrátane platobných postupov,,3e901799-1124-11ef-a251-01aa75ed71a1,https://op.europa.eu/o/opportal-service/download-handler?identifier=3e901799-1124-11ef-a251-01aa75ed71a1&format=fmx4&language=sk&productionSystem=cellar&part=
88,G1,sk,G1,Obchodné správanie,Korupcia a úplatkárstvo,Prevencia a odhaľovanie vrátane odbornej prípravy,3e901799-1124-11ef-a251-01aa75ed71a1,https://op.europa.eu/o/opportal-service/download-handler?identifier=3e901799-1124-11ef-a251-01aa75ed71a1&format=fmx4&language=sk&productionSystem=cellar&part=
89,G1,sk,G1,Obchodné správanie,Korupcia a úplatkárstvo,Incidenty,3e901799-1124-11ef-a251-01aa75ed71a1,https://op.europa.eu/o/opportal-service/download-handler?identifier=3e901799-1124-11ef-a251-01aa75ed71a1&format=fmx4&language=sk&productionSystem=cellar&part=
1,E1,sl,E1,Pod-nebne spre-membe,Prilagajanje podnebnim spremembam,,3e901799-1124-11ef-a251-01aa75ed71a1,https://op.europa.eu/o/opportal-service/download-handler?identifier=3e901799-1124-11ef-a251-01aa75ed71a1&format=fmx4&language=sl&productionSystem=cellar&part=
2,E1,sl,E1,Pod-nebne spre-membe,Blažitev podnebnih sprememb,,3e901799-1124-11ef-a251-01aa75ed71a1,https://op.europa.eu/o/opportal-service/download-handler?identifier=3e901799-1124-11ef-a251-01aa75ed71a1&format=fmx4&language=sl&productionSystem=cellar&part=
3,E1,sl,E1,Pod-nebne spre-membe,Energija,,3e901799-1124-11ef-a251-01aa75ed71a1,https://op.europa.eu/o/opportal-service/download-handler?identifier=3e901799-1124-11ef-a251-01aa75ed71a1&format=fmx4&language=sl&productionSystem=cellar&part=
4,E2,sl,E2,Onesnaže-vanje,Onesnaževanje zraka,,3e901799-1124-11ef-a251-01aa75ed71a1,https://op.europa.eu/o/opportal-service/download-handler?identifier=3e901799-1124-11ef-a251-01aa75ed71a1&format=fmx4&language=sl&productionSystem=cellar&part=
5,E2,sl,E2,Onesnaže-vanje,Onesnaževanje vode,,3e901799-1124-11ef-a251-01aa75ed71a1,https://op.europa.eu/o/opportal-service/download-handler?identifier=3e901799-1124-11ef-a251-01aa75ed71a1&format=fmx4&language=sl&productionSystem=cellar&part=
6,E2,sl,E2,Onesnaže-vanje,onesnaževanje prsti,,3e901799-1124-11ef-a251-01aa75ed71a1,https://op.europa.eu/o/opportal-service/download-handler?identifier=3e901799-1124-11ef-a251-01aa75ed71a1&format=fmx4&language=sl&productionSystem=cellar&part=
7,E2,sl,E2,Onesnaže-vanje,Onesnaževanje živih organizmov in virov hrane,,3e901799-1124-11ef-a251-01aa75ed71a1,https://op.europa.eu/o/opportal-service/download-handler?identifier=3e901799-1124-11ef-a251-01aa75ed71a1&format=fmx4&language=sl&productionSystem=cellar&part=
8,E2,sl,E2,Onesnaže-vanje,"Snovi, ki vzbujajo zaskrbljenost",,3e901799-1124-11ef-a251-01aa75ed71a1,https://op.europa.eu/o/opportal-service/download-handler?identifier=3e901799-1124-11ef-a251-01aa75ed71a1&format=fmx4&language=sl&productionSystem=cellar&part=
9,E2,sl,E2,Onesnaže-vanje,"Snovi, ki vzbujajo veliko zaskrbljenost",,3e901799-1124-11ef-a251-01aa75ed71a1,https://op.europa.eu/o/opportal-service/download-handler?identifier=3e901799-1124-11ef-a251-01aa75ed71a1&format=fmx4&language=sl&productionSystem=cellar&part=
10,E2,sl,E2,Onesnaže-vanje,Mikroplastika,,3e901799-1124-11ef-a251-01aa75ed71a1,https://op.europa.eu/o/opportal-service/download-handler?identifier=3e901799-1124-11ef-a251-01aa75ed71a1&format=fmx4&language=sl&productionSystem=cellar&part=
11,E3,sl,E3,Vodni in morski viri,Voda,Poraba vode,3e901799-1124-11ef-a251-01aa75ed71a1,https://op.europa.eu/o/opportal-service/download-handler?identifier=3e901799-1124-11ef-a251-01aa75ed71a1&format=fmx4&language=sl&productionSystem=cellar&part=
12,E3,sl,E3,Vodni in morski viri,Voda,Odvzemi vode,3e901799-1124-11ef-a251-01aa75ed71a1,https://op.europa.eu/o/opportal-service/download-handler?identifier=3e901799-1124-11ef-a251-01aa75ed71a1&format=fmx4&language=sl&productionSystem=cellar&part=
13,E3,sl,E3,Vodni in morski viri,Voda,Odvajanje vode,3e901799-1124-11ef-a251-01aa75ed71a1,https://op.europa.eu/o/opportal-service/download-handler?identifier=3e901799-1124-11ef-a251-01aa75ed71a1&format=fmx4&language=sl&productionSystem=cellar&part=
14,E3,sl,E3,Vodni in morski viri,Voda,Odvajanje vode v oceane,3e901799-1124-11ef-a251-01aa75ed71a1,https://op.europa.eu/o/opportal-service/download-handler?identifier=3e901799-1124-11ef-a251-01aa75ed71a1&format=fmx4&language=sl&productionSystem=cellar&part=
15,E3,sl,E3,Vodni in morski viri,Morski viri,Pridobivanje in raba morskih virov,3e901799-1124-11ef-a251-01aa75ed71a1,https://op.europa.eu/o/opportal-service/download-handler?identifier=3e901799-1124-11ef-a251-01aa75ed71a1&format=fmx4&language=sl&productionSystem=cellar&part=
16,E4,sl,E4,Biotska raznovrstnost in ekosistemi,Neposredna gonilna sila vplivov na izgubo biotske raznovrstnosti,Podnebne spremembe,3e901799-1124-11ef-a251-01aa75ed71a1,https://op.europa.eu/o/opportal-service/download-handler?identifier=3e901799-1124-11ef-a251-01aa75ed71a1&format=fmx4&language=sl&productionSystem=cellar&part=
17,E4,sl,E4,Biotska raznovrstnost in ekosistemi,Neposredna gonilna sila vplivov na izgubo biotske raznovrstnosti,"Sprememba rabe zemljišč, sprememba rabe sladke vode in sprememba rabe morja",3e901799-1124-11ef-a251-01aa75ed71a1,https://op.europa.eu/o/opportal-service/download-handler?identifier=3e901799-1124-11ef-a251-01aa75ed71a1&format=fmx4&language=sl&productionSystem=cellar&part=
18,E4,sl,E4,Biotska raznovrstnost in ekosistemi,Neposredna gonilna sila vplivov na izgubo biotske raznovrstnosti,Neposredno izkoriščanje,3e901799-1124-11ef-a251-01aa75ed71a1,https://op.europa.eu/o/opportal-service/download-handler?identifier=3e901799-1124-11ef-a251-01aa75ed71a1&format=fmx4&language=sl&productionSystem=cellar&part=
19,E4,sl,E4,Biotska raznovrstnost in ekosistemi,Neposredna gonilna sila vplivov na izgubo biotske raznovrstnosti,Invazivne tujerodne vrste,3e901799-1124-11ef-a251-01aa75ed71a1,https://op.europa.eu/o/opportal-service/download-handler?identifier=3e901799-1124-11ef-a251-01aa75ed71a1&format=fmx4&language=sl&productionSystem=cellar&part=
20,E4,sl,E4,Biotska raznovrstnost in ekosistemi,Neposredna gonilna sila vplivov na izgubo biotske raznovrstnosti,Onesnaževanje,3e901799-1124-11ef-a251-01aa75ed71a1,https://op.europa.eu/o/opportal-service/download-handler?identifier=3e901799-1124-11ef-a251-01aa75ed71a1&format=fmx4&language=sl&productionSystem=cellar&part=
21,E4,sl,E4,Biotska raznovrstnost in ekosistemi,Neposredna gonilna sila vplivov na izgubo biotske raznovrstnosti,Drugo,3e901799-1124-11ef-a251-01aa75ed71a1,https://op.europa.eu/o/opportal-service/download-handler?identifier=3e901799-1124-11ef-a251-01aa75ed71a1&format=fmx4&language=sl&productionSystem=cellar&part=
22,E4,sl,E4,Biotska raznovrstnost in ekosistemi,Vplivi na stanje vrst,,3e901799-1124-11ef-a251-01aa75ed71a1,https://op.europa.eu/o/opportal-service/download-handler?identifier=3e901799-1124-11ef-a251-01aa75ed71a1&format=fmx4&language=sl&productionSystem=cellar&part=
23,E4,sl,E4,Biotska raznovrstnost in ekosistemi,Vplivi na obseg in stanje ekosistemov,,3e901799-1124-11ef-a251-01aa75ed71a1,https://op.europa.eu/o/opportal-service/download-handler?identifier=3e901799-1124-11ef-a251-01aa75ed71a1&format=fmx4&language=sl&productionSystem=cellar&part=
24,E4,sl,E4,Biotska raznovrstnost in ekosistemi,Vplivi na ekosistemske storitve in odvisnosti od njih,,3e901799-1124-11ef-a251-01aa75ed71a1,https://op.europa.eu/o/opportal-service/download-handler?identifier=3e901799-1124-11ef-a251-01aa75ed71a1&format=fmx4&language=sl&productionSystem=cellar&part=
25,E5,sl,E5,Krožno gospo-darstvo,"Pritoki virov, vključno z rabo virov",,3e901799-1124-11ef-a251-01aa75ed71a1,https://op.europa.eu/o/opportal-service/download-handler?identifier=3e901799-1124-11ef-a251-01aa75ed71a1&format=fmx4&language=sl&productionSystem=cellar&part=
26,E5,sl,E5,Krožno gospo-darstvo,"Odtoki virov, povezani s proizvodi in storitvami",,3e901799-1124-11ef-a251-01aa75ed71a1,https://op.europa.eu/o/opportal-service/download-handler?identifier=3e901799-1124-11ef-a251-01aa75ed71a1&format=fmx4&language=sl&productionSystem=cellar&part=
27,E5,sl,E5,Krožno gospo-darstvo,Odpadki,,3e901799-1124-11ef-a251-01aa75ed71a1,https://op.europa.eu/o/opportal-service/download-handler?identifier=3e901799-1124-11ef-a251-01aa75ed71a1&format=fmx4&language=sl&productionSystem=cellar&part=
28,S1,sl,S1,Lastna delovna sila,Delovni pogoji,Varnost zaposlitve,3e901799-1124-11ef-a251-01aa75ed71a1,https://op.europa.eu/o/opportal-service/download-handler?identifier=3e901799-1124-11ef-a251-01aa75ed71a1&format=fmx4&language=sl&productionSystem=cellar&part=
29,S1,sl,S1,Lastna delovna sila,Delovni pogoji,Delovni čas,3e901799-1124-11ef-a251-01aa75ed71a1,https://op.europa.eu/o/opportal-service/download-handler?identifier=3e901799-1124-11ef-a251-01aa75ed71a1&format=fmx4&language=sl&productionSystem=cellar&part=
30,S1,sl,S1,Lastna delovna sila,Delovni pogoji,Dostojne plače,3e901799-1124-11ef-a251-01aa75ed71a1,https://op.europa.eu/o/opportal-service/download-handler?identifier=3e901799-1124-11ef-a251-01aa75ed71a1&format=fmx4&language=sl&productionSystem=cellar&part=
31,S1,sl,S1,Lastna delovna sila,Delovni pogoji,Socialni dialog,3e901799-1124-11ef-a251-01aa75ed71a1,https://op.europa.eu/o/opportal-service/download-handler?identifier=3e901799-1124-11ef-a251-01aa75ed71a1&format=fmx4&language=sl&productionSystem=cellar&part=
32,S1,sl,S1,Lastna delovna sila,Delovni pogoji,"Svoboda združevanja, obstoj svetov delavcev ter pravice delavcev do obveščenosti, posvetovanja in udeležbe",3e901799-1124-11ef-a251-01aa75ed71a1,https://op.europa.eu/o/opportal-service/download-handler?identifier=3e901799-1124-11ef-a251-01aa75ed71a1&format=fmx4&language=sl&productionSystem=cellar&part=
33,S1,sl,S1,Lastna delovna sila,Delovni pogoji,"Kolektivna pogajanja, vključno z deležem delavcev, za katere veljajo kolektivne pogodbe",3e901799-1124-11ef-a251-01aa75ed71a1,https://op.europa.eu/o/opportal-service/download-handler?identifier=3e901799-1124-11ef-a251-01aa75ed71a1&format=fmx4&language=sl&productionSystem=cellar&part=
34,S1,sl,S1,Lastna delovna sila,Delovni pogoji,Usklajevanje poklicnega in zasebnega življenja,3e901799-1124-11ef-a251-01aa75ed71a1,https://op.europa.eu/o/opportal-service/download-handler?identifier=3e901799-1124-11ef-a251-01aa75ed71a1&format=fmx4&language=sl&productionSystem=cellar&part=
35,S1,sl,S1,Lastna delovna sila,Delovni pogoji,Zdravje in varnost,3e901799-1124-11ef-a251-01aa75ed71a1,https://op.europa.eu/o/opportal-service/download-handler?identifier=3e901799-1124-11ef-a251-01aa75ed71a1&format=fmx4&language=sl&productionSystem=cellar&part=
36,S1,sl,S1,Lastna delovna sila,Enaka obravnava in enake možnosti za vse,Enakost spolov in enako plačilo za delo enake vrednosti,3e901799-1124-11ef-a251-01aa75ed71a1,https://op.europa.eu/o/opportal-service/download-handler?identifier=3e901799-1124-11ef-a251-01aa75ed71a1&format=fmx4&language=sl&productionSystem=cellar&part=
37,S1,sl,S1,Lastna delovna sila,Enaka obravnava in enake možnosti za vse,Usposabljanje ter razvoj znanj in spretnosti,3e901799-1124-11ef-a251-01aa75ed71a1,https://op.europa.eu/o/opportal-service/download-handler?identifier=3e901799-1124-11ef-a251-01aa75ed71a1&format=fmx4&language=sl&productionSystem=cellar&part=
38,S1,sl,S1,Lastna delovna sila,Enaka obravnava in enake možnosti za vse,Zaposlovanje in vključevanje invalidov,3e901799-1124-11ef-a251-01aa75ed71a1,https://op.europa.eu/o/opportal-service/download-handler?identifier=3e901799-1124-11ef-a251-01aa75ed71a1&format=fmx4&language=sl&productionSystem=cellar&part=
39,S1,sl,S1,Lastna delovna sila,Enaka obravnava in enake možnosti za vse,Ukrepi proti nasilju in nadlegovanju na delovnem mestu,3e901799-1124-11ef-a251-01aa75ed71a1,https://op.europa.eu/o/opportal-service/download-handler?identifier=3e901799-1124-11ef-a251-01aa75ed71a1&format=fmx4&language=sl&productionSystem=cellar&part=
40,S1,sl,S1,Lastna delovna sila,Enaka obravnava in enake možnosti za vse,Raznolikost,3e901799-1124-11ef-a251-01aa75ed71a1,https://op.europa.eu/o/opportal-service/download-handler?identifier=3e901799-1124-11ef-a251-01aa75ed71a1&format=fmx4&language=sl&productionSystem=cellar&part=
41,S1,sl,S1,Lastna delovna sila,Druge z delom povezane pravice,Delo otrok,3e901799-1124-11ef-a251-01aa75ed71a1,https://op.europa.eu/o/opportal-service/download-handler?identifier=3e901799-1124-11ef-a251-01aa75ed71a1&format=fmx4&language=sl&productionSystem=cellar&part=
42,S1,sl,S1,Lastna delovna sila,Druge z delom povezane pravice,Prisilno delo,3e901799-1124-11ef-a251-01aa75ed71a1,https://op.europa.eu/o/opportal-service/download-handler?identifier=3e901799-1124-11ef-a251-01aa75ed71a1&format=fmx4&language=sl&productionSystem=cellar&part=
43,S1,sl,S1,Lastna delovna sila,Druge z delom povezane pravice,Ustrezna stanovanja,3e901799-1124-11ef-a251-01aa75ed71a1,https://op.europa.eu/o/opportal-service/download-handler?identifier=3e901799-1124-11ef-a251-01aa75ed71a1&format=fmx4&language=sl&productionSystem=cellar&part=
44,S1,sl,S1,Lastna delovna sila,Druge z delom povezane pravice,Zasebnost,3e901799-1124-11ef-a251-01aa75ed71a1,https://op.europa.eu/o/opportal-service/download-handler?identifier=3e901799-1124-11ef-a251-01aa75ed71a1&format=fmx4&language=sl&productionSystem=cellar&part=
45,S2,sl,S2,Delavci v vrednostni verigi,Delovni pogoji,Varnost zaposlitve,3e901799-1124-11ef-a251-01aa75ed71a1,https://op.europa.eu/o/opportal-service/download-handler?identifier=3e901799-1124-11ef-a251-01aa75ed71a1&format=fmx4&language=sl&productionSystem=cellar&part=
46,S2,sl,S2,Delavci v vrednostni verigi,Delovni pogoji,Delovni čas,3e901799-1124-11ef-a251-01aa75ed71a1,https://op.europa.eu/o/opportal-service/download-handler?identifier=3e901799-1124-11ef-a251-01aa75ed71a1&format=fmx4&language=sl&productionSystem=cellar&part=
47,S2,sl,S2,Delavci v vrednostni verigi,Delovni pogoji,Dostojne plače,3e901799-1124-11ef-a251-01aa75ed71a1,https://op.europa.eu/o/opportal-service/download-handler?identifier=3e901799-1124-11ef-a251-01aa75ed71a1&format=fmx4&language=sl&productionSystem=cellar&part=
48,S2,sl,S2,Delavci v vrednostni verigi,Delovni pogoji,Socialni dialog,3e901799-1124-11ef-a251-01aa75ed71a1,https://op.europa.eu/o/opportal-service/download-handler?identifier=3e901799-1124-11ef-a251-01aa75ed71a1&format=fmx4&language=sl&productionSystem=cellar&part=
49,S2,sl,S2,Delavci v vrednostni verigi,Delovni pogoji,"Svoboda združevanja, vključno z obstojem svetov delavcev",3e901799-1124-11ef-a251-01aa75ed71a1,https://op.europa.eu/o/opportal-service/download-handler?identifier=3e901799-1124-11ef-a251-01aa75ed71a1&format=fmx4&language=sl&productionSystem=cellar&part=
50,S2,sl,S2,Delavci v vrednostni verigi,Delovni pogoji,Kolektivna pogajanja,3e901799-1124-11ef-a251-01aa75ed71a1,https://op.europa.eu/o/opportal-service/download-handler?identifier=3e901799-1124-11ef-a251-01aa75ed71a1&format=fmx4&language=sl&productionSystem=cellar&part=
51,S2,sl,S2,Delavci v vrednostni verigi,Delovni pogoji,Usklajevanje poklicnega in zasebnega življenja,3e901799-1124-11ef-a251-01aa75ed71a1,https://op.europa.eu/o/opportal-service/download-handler?identifier=3e901799-1124-11ef-a251-01aa75ed71a1&format=fmx4&language=sl&productionSystem=cellar&part=
52,S2,sl,S2,Delavci v vrednostni verigi,Delovni pogoji,Zdravje in varnost,3e901799-1124-11ef-a251-01aa75ed71a1,https://op.europa.eu/o/opportal-service/download-handler?identifier=3e901799-1124-11ef-a251-01aa75ed71a1&format=fmx4&language=sl&productionSystem=cellar&part=
53,S2,sl,S2,Delavci v vrednostni verigi,Enaka obravnava in enake možnosti za vse,Enakost spolov in enako plačilo za delo enake vrednosti,3e901799-1124-11ef-a251-01aa75ed71a1,https://op.europa.eu/o/opportal-service/download-handler?identifier=3e901799-1124-11ef-a251-01aa75ed71a1&format=fmx4&language=sl&productionSystem=cellar&part=
54,S2,sl,S2,Delavci v vrednostni verigi,Enaka obravnava in enake možnosti za vse,Usposabljanje ter razvoj znanj in spretnosti,3e901799-1124-11ef-a251-01aa75ed71a1,https://op.europa.eu/o/opportal-service/download-handler?identifier=3e901799-1124-11ef-a251-01aa75ed71a1&format=fmx4&language=sl&productionSystem=cellar&part=
55,S2,sl,S2,Delavci v vrednostni verigi,Enaka obravnava in enake možnosti za vse,Zaposlovanje in vključevanje invalidov,3e901799-1124-11ef-a251-01aa75ed71a1,https://op.europa.eu/o/opportal-service/download-handler?identifier=3e901799-1124-11ef-a251-01aa75ed71a1&format=fmx4&language=sl&productionSystem=cellar&part=
56,S2,sl,S2,Delavci v vrednostni verigi,Enaka obravnava in enake možnosti za vse,Ukrepi proti nasilju in nadlegovanju na delovnem mestu,3e901799-1124-11ef-a251-01aa75ed71a1,https://op.europa.eu/o/opportal-service/download-handler?identifier=3e901799-1124-11ef-a251-01aa75ed71a1&format=fmx4&language=sl&productionSystem=cellar&part=
57,S2,sl,S2,Delavci v vrednostni verigi,Enaka obravnava in enake možnosti za vse,Raznolikost,3e901799-1124-11ef-a251-01aa75ed71a1,https://op.europa.eu/o/opportal-service/download-handler?identifier=3e901799-1124-11ef-a251-01aa75ed71a1&format=fmx4&language=sl&productionSystem=cellar&part=
58,S2,sl,S2,Delavci v vrednostni verigi,Druge z delom povezane pravice,Delo otrok,3e901799-1124-11ef-a251-01aa75ed71a1,https://op.europa.eu/o/opportal-service/download-handler?identifier=3e901799-1124-11ef-a251-01aa75ed71a1&format=fmx4&language=sl&productionSystem=cellar&part=
59,S2,sl,S2,Delavci v vrednostni verigi,Druge z delom povezane pravice,Prisilno delo,3e901799-1124-11ef-a251-01aa75ed71a1,https://op.europa.eu/o/opportal-service/download-handler?identifier=3e901799-1124-11ef-a251-01aa75ed71a1&format=fmx4&language=sl&productionSystem=cellar&part=
60,S2,sl,S2,Delavci v vrednostni verigi,Druge z delom povezane pravice,Ustrezna stanovanja,3e901799-1124-11ef-a251-01aa75ed71a1,https://op.europa.eu/o/opportal-service/download-handler?identifier=3e901799-1124-11ef-a251-01aa75ed71a1&format=fmx4&language=sl&productionSystem=cellar&part=
61,S2,sl,S2,Delavci v vrednostni verigi,Druge z delom povezane pravice,Voda in sanitarna ureditev,3e901799-1124-11ef-a251-01aa75ed71a1,https://op.europa.eu/o/opportal-service/download-handler?identifier=3e901799-1124-11ef-a251-01aa75ed71a1&format=fmx4&language=sl&productionSystem=cellar&part=
62,S2,sl,S2,Delavci v vrednostni verigi,Druge z delom povezane pravice,Zasebnost,3e901799-1124-11ef-a251-01aa75ed71a1,https://op.europa.eu/o/opportal-service/download-handler?identifier=3e901799-1124-11ef-a251-01aa75ed71a1&format=fmx4&language=sl&productionSystem=cellar&part=
63,S3,sl,S3,Prizadete skupnosti,"Ekonomske, socialne in kulturne pravice skupnosti",Ustrezna stanovanja,3e901799-1124-11ef-a251-01aa75ed71a1,https://op.europa.eu/o/opportal-service/download-handler?identifier=3e901799-1124-11ef-a251-01aa75ed71a1&format=fmx4&language=sl&productionSystem=cellar&part=
64,S3,sl,S3,Prizadete skupnosti,"Ekonomske, socialne in kulturne pravice skupnosti",Ustrezna hrana,3e901799-1124-11ef-a251-01aa75ed71a1,https://op.europa.eu/o/opportal-service/download-handler?identifier=3e901799-1124-11ef-a251-01aa75ed71a1&format=fmx4&language=sl&productionSystem=cellar&part=
65,S3,sl,S3,Prizadete skupnosti,"Ekonomske, socialne in kulturne pravice skupnosti",Voda in sanitarna ureditev,3e901799-1124-11ef-a251-01aa75ed71a1,https://op.europa.eu/o/opportal-service/download-handler?identifier=3e901799-1124-11ef-a251-01aa75ed71a1&format=fmx4&language=sl&productionSystem=cellar&part=
66,S3,sl,S3,Prizadete skupnosti,"Ekonomske, socialne in kulturne pravice skupnosti","Vplivi, povezani z zemljišči",3e901799-1124-11ef-a251-01aa75ed71a1,https://op.europa.eu/o/opportal-service/download-handler?identifier=3e901799-1124-11ef-a251-01aa75ed71a1&format=fmx4&language=sl&productionSystem=cellar&part=
67,S3,sl,S3,Prizadete skupnosti,"Ekonomske, socialne in kulturne pravice skupnosti","Vplivi, povezani z varnostjo",3e901799-1124-11ef-a251-01aa75ed71a1,https://op.europa.eu/o/opportal-service/download-handler?identifier=3e901799-1124-11ef-a251-01aa75ed71a1&format=fmx4&language=sl&productionSystem=cellar&part=
68,S3,sl,S3,Prizadete skupnosti,Državljanske in politične pravice skupnosti,Svoboda izražanja,3e901799-1124-11ef-a251-01aa75ed71a1,https://op.europa.eu/o/opportal-service/download-handler?identifier=3e901799-1124-11ef-a251-01aa75ed71a1&format=fmx4&language=sl&productionSystem=cellar&part=
69,S3,sl,S3,Prizadete skupnosti,Državljanske in politične pravice skupnosti,Svoboda zbiranja,3e901799-1124-11ef-a251-01aa75ed71a1,https://op.europa.eu/o/opportal-service/download-handler?identifier=3e901799-1124-11ef-a251-01aa75ed71a1&format=fmx4&language=sl&productionSystem=cellar&part=
70,S3,sl,S3,Prizadete skupnosti,Državljanske in politične pravice skupnosti,Vplivi na zagovornike človekovih pravic,3e901799-1124-11ef-a251-01aa75ed71a1,https://op.europa.eu/o/opportal-service/download-handler?identifier=3e901799-1124-11ef-a251-01aa75ed71a1&format=fmx4&language=sl&productionSystem=cellar&part=
71,S3,sl,S3,Prizadete skupnosti,Pravice indigenih ljudstev,"Prostovoljno, predhodno in informirano soglasje",3e901799-1124-11ef-a251-01aa75ed71a1,https://op.europa.eu/o/opportal-service/download-handler?identifier=3e901799-1124-11ef-a251-01aa75ed71a1&format=fmx4&language=sl&productionSystem=cellar&part=
72,S3,sl,S3,Prizadete skupnosti,Pravice indigenih ljudstev,Samoodločba,3e901799-1124-11ef-a251-01aa75ed71a1,https://op.europa.eu/o/opportal-service/download-handler?identifier=3e901799-1124-11ef-a251-01aa75ed71a1&format=fmx4&language=sl&productionSystem=cellar&part=
73,S3,sl,S3,Prizadete skupnosti,Pravice indigenih ljudstev,Kulturne pravice,3e901799-1124-11ef-a251-01aa75ed71a1,https://op.europa.eu/o/opportal-service/download-handler?identifier=3e901799-1124-11ef-a251-01aa75ed71a1&format=fmx4&language=sl&productionSystem=cellar&part=
74,S4,sl,S4,Potrošniki in končni uporabniki,"Vplivi na potrošnike in/ali končne uporabnike, povezani z informacijami",Zasebnost,3e901799-1124-11ef-a251-01aa75ed71a1,https://op.europa.eu/o/opportal-service/download-handler?identifier=3e901799-1124-11ef-a251-01aa75ed71a1&format=fmx4&language=sl&productionSystem=cellar&part=
75,S4,sl,S4,Potrošniki in končni uporabniki,"Vplivi na potrošnike in/ali končne uporabnike, povezani z informacijami",Svoboda izražanja,3e901799-1124-11ef-a251-01aa75ed71a1,https://op.europa.eu/o/opportal-service/download-handler?identifier=3e901799-1124-11ef-a251-01aa75ed71a1&format=fmx4&language=sl&productionSystem=cellar&part=
76,S4,sl,S4,Potrošniki in končni uporabniki,"Vplivi na potrošnike in/ali končne uporabnike, povezani z informacijami",Dostop do (kakovostnih) informacij,3e901799-1124-11ef-a251-01aa75ed71a1,https://op.europa.eu/o/opportal-service/download-handler?identifier=3e901799-1124-11ef-a251-01aa75ed71a1&format=fmx4&language=sl&productionSystem=cellar&part=
77,S4,sl,S4,Potrošniki in končni uporabniki,Osebna varnost potrošnikov in/ali končnih uporabnikov,Zdravje in varnost,3e901799-1124-11ef-a251-01aa75ed71a1,https://op.europa.eu/o/opportal-service/download-handler?identifier=3e901799-1124-11ef-a251-01aa75ed71a1&format=fmx4&language=sl&productionSystem=cellar&part=
78,S4,sl,S4,Potrošniki in končni uporabniki,Osebna varnost potrošnikov in/ali končnih uporabnikov,Varnost osebe,3e901799-1124-11ef-a251-01aa75ed71a1,https://op.europa.eu/o/opportal-service/download-handler?identifier=3e901799-1124-11ef-a251-01aa75ed71a1&format=fmx4&language=sl&productionSystem=cellar&part=
79,S4,sl,S4,Potrošniki in končni uporabniki,Osebna varnost potrošnikov in/ali končnih uporabnikov,Zaščita otrok,3e901799-1124-11ef-a251-01aa75ed71a1,https://op.europa.eu/o/opportal-service/download-handler?identifier=3e901799-1124-11ef-a251-01aa75ed71a1&format=fmx4&language=sl&productionSystem=cellar&part=
80,S4,sl,S4,Potrošniki in končni uporabniki,Socialna vključenost potrošnikov in/ali končnih uporabnikov,Nediskriminacija,3e901799-1124-11ef-a251-01aa75ed71a1,https://op.europa.eu/o/opportal-service/download-handler?identifier=3e901799-1124-11ef-a251-01aa75ed71a1&format=fmx4&language=sl&productionSystem=cellar&part=
81,S4,sl,S4,Potrošniki in končni uporabniki,Socialna vključenost potrošnikov in/ali končnih uporabnikov,Dostop do proizvodov in storitev,3e901799-1124-11ef-a251-01aa75ed71a1,https://op.europa.eu/o/opportal-service/download-handler?identifier=3e901799-1124-11ef-a251-01aa75ed71a1&format=fmx4&language=sl&productionSystem=cellar&part=
82,S4,sl,S4,Potrošniki in končni uporabniki,Socialna vključenost potrošnikov in/ali končnih uporabnikov,Odgovorne tržne prakse,3e901799-1124-11ef-a251-01aa75ed71a1,https://op.europa.eu/o/opportal-service/download-handler?identifier=3e901799-1124-11ef-a251-01aa75ed71a1&format=fmx4&language=sl&productionSystem=cellar&part=
83,G1,sl,G1,Poslovno ravnanje,Korporativna kultura,,3e901799-1124-11ef-a251-01aa75ed71a1,https://op.europa.eu/o/opportal-service/download-handler?identifier=3e901799-1124-11ef-a251-01aa75ed71a1&format=fmx4&language=sl&productionSystem=cellar&part=
84,G1,sl,G1,Poslovno ravnanje,Zaščita žvižgačev,,3e901799-1124-11ef-a251-01aa75ed71a1,https://op.europa.eu/o/opportal-service/download-handler?identifier=3e901799-1124-11ef-a251-01aa75ed71a1&format=fmx4&language=sl&productionSystem=cellar&part=
85,G1,sl,G1,Poslovno ravnanje,Dobrobit živali,,3e901799-1124-11ef-a251-01aa75ed71a1,https://op.europa.eu/o/opportal-service/download-handler?identifier=3e901799-1124-11ef-a251-01aa75ed71a1&format=fmx4&language=sl&productionSystem=cellar&part=
86,G1,sl,G1,Poslovno ravnanje,Politično sodelovanje in dejavnosti lobiranja,,3e901799-1124-11ef-a251-01aa75ed71a1,https://op.europa.eu/o/opportal-service/download-handler?identifier=3e901799-1124-11ef-a251-01aa75ed71a1&format=fmx4&language=sl&productionSystem=cellar&part=
87,G1,sl,G1,Poslovno ravnanje,"Upravljanje odnosov z dobavitelji, vključno s plačilnimi praksami",,3e901799-1124-11ef-a251-01aa75ed71a1,https://op.europa.eu/o/opportal-service/download-handler?identifier=3e901799-1124-11ef-a251-01aa75ed71a1&format=fmx4&language=sl&productionSystem=cellar&part=
88,G1,sl,G1,Poslovno ravnanje,Korupcija in podkupovanje,"Preprečevanje in odkrivanje, vključno z usposabljanjem",3e901799-1124-11ef-a251-01aa75ed71a1,https://op.europa.eu/o/opportal-service/download-handler?identifier=3e901799-1124-11ef-a251-01aa75ed71a1&format=fmx4&language=sl&productionSystem=cellar&part=
89,G1,sl,G1,Poslovno ravnanje,Korupcija in podkupovanje,Incidenti,3e901799-1124-11ef-a251-01aa75ed71a1,https://op.europa.eu/o/opportal-service/download-handler?identifier=3e901799-1124-11ef-a251-01aa75ed71a1&format=fmx4&language=sl&productionSystem=cellar&part=
1,E1,sv,E1,Klimatförändringar,Anpassning till klimatförändringar,,3e901799-1124-11ef-a251-01aa75ed71a1,https://op.europa.eu/o/opportal-service/download-handler?identifier=3e901799-1124-11ef-a251-01aa75ed71a1&format=fmx4&language=sv&productionSystem=cellar&part=
2,E1,sv,E1,Klimatförändringar,Begränsning av klimatförändringar,,3e901799-1124-11ef-a251-01aa75ed71a1,https://op.europa.eu/o/opportal-service/download-handler?identifier=3e901799-1124-11ef-a251-01aa75ed71a1&format=fmx4&language=sv&productionSystem=cellar&part=
3,E1,sv,E1,Klimatförändringar,Energi,,3e901799-1124-11ef-a251-01aa75ed71a1,https://op.europa.eu/o/opportal-service/download-handler?identifier=3e901799-1124-11ef-a251-01aa75ed71a1&format=fmx4&language=sv&productionSystem=cellar&part=
4,E2,sv,E2,Förorening,Förorening av luft,,3e901799-1124-11ef-a251-01aa75ed71a1,https://op.europa.eu/o/opportal-service/download-handler?identifier=3e901799-1124-11ef-a251-01aa75ed71a1&format=fmx4&language=sv&productionSystem=cellar&part=
5,E2,sv,E2,Förorening,Förorening av vatten,,3e901799-1124-11ef-a251-01aa75ed71a1,https://op.europa.eu/o/opportal-service/download-handler?identifier=3e901799-1124-11ef-a251-01aa75ed71a1&format=fmx4&language=sv&productionSystem=cellar&part=
6,E2,sv,E2,Förorening,Förorening av mark,,3e901799-1124-11ef-a251-01aa75ed71a1,https://op.europa.eu/o/opportal-service/download-handler?identifier=3e901799-1124-11ef-a251-01aa75ed71a1&format=fmx4&language=sv&productionSystem=cellar&part=
7,E2,sv,E2,Förorening,Förorening av levande organismer och livsmedelsresurser,,3e901799-1124-11ef-a251-01aa75ed71a1,https://op.europa.eu/o/opportal-service/download-handler?identifier=3e901799-1124-11ef-a251-01aa75ed71a1&format=fmx4&language=sv&productionSystem=cellar&part=
8,E2,sv,E2,Förorening,Ämnen som inger betänkligheter,,3e901799-1124-11ef-a251-01aa75ed71a1,https://op.europa.eu/o/opportal-service/download-handler?identifier=3e901799-1124-11ef-a251-01aa75ed71a1&format=fmx4&language=sv&productionSystem=cellar&part=
9,E2,sv,E2,Förorening,Ämnen som inger mycket stora betänkligheter,,3e901799-1124-11ef-a251-01aa75ed71a1,https://op.europa.eu/o/opportal-service/download-handler?identifier=3e901799-1124-11ef-a251-01aa75ed71a1&format=fmx4&language=sv&productionSystem=cellar&part=
10,E2,sv,E2,Förorening,Mikroplast,,3e901799-1124-11ef-a251-01aa75ed71a1,https://op.europa.eu/o/opportal-service/download-handler?identifier=3e901799-1124-11ef-a251-01aa75ed71a1&format=fmx4&language=sv&productionSystem=cellar&part=
11,E3,sv,E3,Vatten och marina resurser,Vatten,Vattenförbrukning,3e901799-1124-11ef-a251-01aa75ed71a1,https://op.europa.eu/o/opportal-service/download-handler?identifier=3e901799-1124-11ef-a251-01aa75ed71a1&format=fmx4&language=sv&productionSystem=cellar&part=
12,E3,sv,E3,Vatten och marina resurser,Vatten,Vattenuttag,3e901799-1124-11ef-a251-01aa75ed71a1,https://op.europa.eu/o/opportal-service/download-handler?identifier=3e901799-1124-11ef-a251-01aa75ed71a1&format=fmx4&language=sv&productionSystem=cellar&part=
13,E3,sv,E3,Vatten och marina resurser,Vatten,Utsläpp av vatten,3e901799-1124-11ef-a251-01aa75ed71a1,https://op.europa.eu/o/opportal-service/download-handler?identifier=3e901799-1124-11ef-a251-01aa75ed71a1&format=fmx4&language=sv&productionSystem=cellar&part=
14,E3,sv,E3,Vatten och marina resurser,Vatten,Vattenutsläpp i haven,3e901799-1124-11ef-a251-01aa75ed71a1,https://op.europa.eu/o/opportal-service/download-handler?identifier=3e901799-1124-11ef-a251-01aa75ed71a1&format=fmx4&language=sv&productionSystem=cellar&part=
15,E3,sv,E3,Vatten och marina resurser,Marina resurser,Utvinning och användning av marina resurser,3e901799-1124-11ef-a251-01aa75ed71a1,https://op.europa.eu/o/opportal-service/download-handler?identifier=3e901799-1124-11ef-a251-01aa75ed71a1&format=fmx4&language=sv&productionSystem=cellar&part=
16,E4,sv,E4,Biologisk mångfald och ekosystem,Direkta påverkansfaktorer som leder till förlust av biologisk mångfald,Klimatförändring,3e901799-1124-11ef-a251-01aa75ed71a1,https://op.europa.eu/o/opportal-service/download-handler?identifier=3e901799-1124-11ef-a251-01aa75ed71a1&format=fmx4&language=sv&productionSystem=cellar&part=
17,E4,sv,E4,Biologisk mångfald och ekosystem,Direkta påverkansfaktorer som leder till förlust av biologisk mångfald,Förändrad markanvändning och förändrad sötvattens- och havsvattensanvändning,3e901799-1124-11ef-a251-01aa75ed71a1,https://op.europa.eu/o/opportal-service/download-handler?identifier=3e901799-1124-11ef-a251-01aa75ed71a1&format=fmx4&language=sv&productionSystem=cellar&part=
18,E4,sv,E4,Biologisk mångfald och ekosystem,Direkta påverkansfaktorer som leder till förlust av biologisk mångfald,Direkt exploatering,3e901799-1124-11ef-a251-01aa75ed71a1,https://op.europa.eu/o/opportal-service/download-handler?identifier=3e901799-1124-11ef-a251-01aa75ed71a1&format=fmx4&language=sv&productionSystem=cellar&part=
19,E4,sv,E4,Biologisk mångfald och ekosystem,Direkta påverkansfaktorer som leder till förlust av biologisk mångfald,Invasiva främmande arter,3e901799-1124-11ef-a251-01aa75ed71a1,https://op.europa.eu/o/opportal-service/download-handler?identifier=3e901799-1124-11ef-a251-01aa75ed71a1&format=fmx4&language=sv&productionSystem=cellar&part=
20,E4,sv,E4,Biologisk mångfald och ekosystem,Direkta påverkansfaktorer som leder till förlust av biologisk mångfald,Förorening,3e901799-1124-11ef-a251-01aa75ed71a1,https://op.europa.eu/o/opportal-service/download-handler?identifier=3e901799-1124-11ef-a251-01aa75ed71a1&format=fmx4&language=sv&productionSystem=cellar&part=
21,E4,sv,E4,Biologisk mångfald och ekosystem,Direkta påverkansfaktorer som leder till förlust av biologisk mångfald,Övriga,3e901799-1124-11ef-a251-01aa75ed71a1,https://op.europa.eu/o/opportal-service/download-handler?identifier=3e901799-1124-11ef-a251-01aa75ed71a1&format=fmx4&language=sv&productionSystem=cellar&part=
22,E4,sv,E4,Biologisk mångfald och ekosystem,Konsekvenser för arters tillstånd,,3e901799-1124-11ef-a251-01aa75ed71a1,https://op.europa.eu/o/opportal-service/download-handler?identifier=3e901799-1124-11ef-a251-01aa75ed71a1&format=fmx4&language=sv&productionSystem=cellar&part=
23,E4,sv,E4,Biologisk mångfald och ekosystem,Konsekvenser för ekosystems omfattning och tillstånd,,3e901799-1124-11ef-a251-01aa75ed71a1,https://op.europa.eu/o/opportal-service/download-handler?identifier=3e901799-1124-11ef-a251-01aa75ed71a1&format=fmx4&language=sv&productionSystem=cellar&part=
24,E4,sv,E4,Biologisk mångfald och ekosystem,Konsekvenser för och beroenden av ekosystemtjänster,,3e901799-1124-11ef-a251-01aa75ed71a1,https://op.europa.eu/o/opportal-service/download-handler?identifier=3e901799-1124-11ef-a251-01aa75ed71a1&format=fmx4&language=sv&productionSystem=cellar&part=
25,E5,sv,E5,Cirkulär ekonomi,"Resursinflöden, inklusive resursanvändning",,3e901799-1124-11ef-a251-01aa75ed71a1,https://op.europa.eu/o/opportal-service/download-handler?identifier=3e901799-1124-11ef-a251-01aa75ed71a1&format=fmx4&language=sv&productionSystem=cellar&part=
26,E5,sv,E5,Cirkulär ekonomi,Resursutflöden relaterade till produkter och tjänster,,3e901799-1124-11ef-a251-01aa75ed71a1,https://op.europa.eu/o/opportal-service/download-handler?identifier=3e901799-1124-11ef-a251-01aa75ed71a1&format=fmx4&language=sv&productionSystem=cellar&part=
27,E5,sv,E5,Cirkulär ekonomi,Avfall,,3e901799-1124-11ef-a251-01aa75ed71a1,https://op.europa.eu/o/opportal-service/download-handler?identifier=3e901799-1124-11ef-a251-01aa75ed71a1&format=fmx4&language=sv&productionSystem=cellar&part=
28,S1,sv,S1,Den egna arbetskraften,Arbetsvillkor,Trygg anställning,3e901799-1124-11ef-a251-01aa75ed71a1,https://op.europa.eu/o/opportal-service/download-handler?identifier=3e901799-1124-11ef-a251-01aa75ed71a1&format=fmx4&language=sv&productionSystem=cellar&part=
29,S1,sv,S1,Den egna arbetskraften,Arbetsvillkor,Arbetstid,3e901799-1124-11ef-a251-01aa75ed71a1,https://op.europa.eu/o/opportal-service/download-handler?identifier=3e901799-1124-11ef-a251-01aa75ed71a1&format=fmx4&language=sv&productionSystem=cellar&part=
30,S1,sv,S1,Den egna arbetskraften,Arbetsvillkor,Rimliga löner,3e901799-1124-11ef-a251-01aa75ed71a1,https://op.europa.eu/o/opportal-service/download-handler?identifier=3e901799-1124-11ef-a251-01aa75ed71a1&format=fmx4&language=sv&productionSystem=cellar&part=
31,S1,sv,S1,Den egna arbetskraften,Arbetsvillkor,Social dialog,3e901799-1124-11ef-a251-01aa75ed71a1,https://op.europa.eu/o/opportal-service/download-handler?identifier=3e901799-1124-11ef-a251-01aa75ed71a1&format=fmx4&language=sv&productionSystem=cellar&part=
32,S1,sv,S1,Den egna arbetskraften,Arbetsvillkor,"Föreningsfrihet, förekomsten av företagsråd och arbetstagares rätt till information, samråd och deltagande",3e901799-1124-11ef-a251-01aa75ed71a1,https://op.europa.eu/o/opportal-service/download-handler?identifier=3e901799-1124-11ef-a251-01aa75ed71a1&format=fmx4&language=sv&productionSystem=cellar&part=
33,S1,sv,S1,Den egna arbetskraften,Arbetsvillkor,"Kollektivförhandlingar, inbegripet andelen arbetstagare som omfattas av kollektivavtal",3e901799-1124-11ef-a251-01aa75ed71a1,https://op.europa.eu/o/opportal-service/download-handler?identifier=3e901799-1124-11ef-a251-01aa75ed71a1&format=fmx4&language=sv&productionSystem=cellar&part=
34,S1,sv,S1,Den egna arbetskraften,Arbetsvillkor,Balans mellan arbete och privatliv,3e901799-1124-11ef-a251-01aa75ed71a1,https://op.europa.eu/o/opportal-service/download-handler?identifier=3e901799-1124-11ef-a251-01aa75ed71a1&format=fmx4&language=sv&productionSystem=cellar&part=
35,S1,sv,S1,Den egna arbetskraften,Arbetsvillkor,Hälsa och säkerhet,3e901799-1124-11ef-a251-01aa75ed71a1,https://op.europa.eu/o/opportal-service/download-handler?identifier=3e901799-1124-11ef-a251-01aa75ed71a1&format=fmx4&language=sv&productionSystem=cellar&part=
36,S1,sv,S1,Den egna arbetskraften,Likabehandling och lika möjligheter för alla,Jämställdhet och lika lön för likvärdigt arbete,3e901799-1124-11ef-a251-01aa75ed71a1,https://op.europa.eu/o/opportal-service/download-handler?identifier=3e901799-1124-11ef-a251-01aa75ed71a1&format=fmx4&language=sv&productionSystem=cellar&part=
37,S1,sv,S1,Den egna arbetskraften,Likabehandling och lika möjligheter för alla,Utbildning och kompetensutveckling,3e901799-1124-11ef-a251-01aa75ed71a1,https://op.europa.eu/o/opportal-service/download-handler?identifier=3e901799-1124-11ef-a251-01aa75ed71a1&format=fmx4&language=sv&productionSystem=cellar&part=
38,S1,sv,S1,Den egna arbetskraften,Likabehandling och lika möjligheter för alla,Sysselsättning och social delaktighet för personer med funktionsnedsättning,3e901799-1124-11ef-a251-01aa75ed71a1,https://op.europa.eu/o/opportal-service/download-handler?identifier=3e901799-1124-11ef-a251-01aa75ed71a1&format=fmx4&language=sv&productionSystem=cellar&part=
39,S1,sv,S1,Den egna arbetskraften,Likabehandling och lika möjligheter för alla,Åtgärder mot våld och trakasserier på arbetsplatsen,3e901799-1124-11ef-a251-01aa75ed71a1,https://op.europa.eu/o/opportal-service/download-handler?identifier=3e901799-1124-11ef-a251-01aa75ed71a1&format=fmx4&language=sv&productionSystem=cellar&part=
40,S1,sv,S1,Den egna arbetskraften,Likabehandling och lika möjligheter för alla,Mångfald,3e901799-1124-11ef-a251-01aa75ed71a1,https://op.europa.eu/o/opportal-service/download-handler?identifier=3e901799-1124-11ef-a251-01aa75ed71a1&format=fmx4&language=sv&productionSystem=cellar&part=
41,S1,sv,S1,Den egna arbetskraften,Andra arbetsrelaterade rättigheter,Barnarbete,3e901799-1124-11ef-a251-01aa75ed71a1,https://op.europa.eu/o/opportal-service/download-handler?identifier=3e901799-1124-11ef-a251-01aa75ed71a1&format=fmx4&language=sv&productionSystem=cellar&part=
42,S1,sv,S1,Den egna arbetskraften,Andra arbetsrelaterade rättigheter,Tvångsarbete,3e901799-1124-11ef-a251-01aa75ed71a1,https://op.europa.eu/o/opportal-service/download-handler?identifier=3e901799-1124-11ef-a251-01aa75ed71a1&format=fmx4&language=sv&productionSystem=cellar&part=
43,S1,sv,S1,Den egna arbetskraften,Andra arbetsrelaterade rättigheter,Tillräckliga bostäder,3e901799-1124-11ef-a251-01aa75ed71a1,https://op.europa.eu/o/opportal-service/download-handler?identifier=3e901799-1124-11ef-a251-01aa75ed71a1&format=fmx4&language=sv&productionSystem=cellar&part=
44,S1,sv,S1,Den egna arbetskraften,Andra arbetsrelaterade rättigheter,Personlig integritet,3e901799-1124-11ef-a251-01aa75ed71a1,https://op.europa.eu/o/opportal-service/download-handler?identifier=3e901799-1124-11ef-a251-01aa75ed71a1&format=fmx4&language=sv&productionSystem=cellar&part=
45,S2,sv,S2,Arbetstagare i värdekedjan,Arbetsvillkor,Trygg anställning,3e901799-1124-11ef-a251-01aa75ed71a1,https://op.europa.eu/o/opportal-service/download-handler?identifier=3e901799-1124-11ef-a251-01aa75ed71a1&format=fmx4&language=sv&productionSystem=cellar&part=
46,S2,sv,S2,Arbetstagare i värdekedjan,Arbetsvillkor,Arbetstid,3e901799-1124-11ef-a251-01aa75ed71a1,https://op.europa.eu/o/opportal-service/download-handler?identifier=3e901799-1124-11ef-a251-01aa75ed71a1&format=fmx4&language=sv&productionSystem=cellar&part=
47,S2,sv,S2,Arbetstagare i värdekedjan,Arbetsvillkor,Rimliga löner,3e901799-1124-11ef-a251-01aa75ed71a1,https://op.europa.eu/o/opportal-service/download-handler?identifier=3e901799-1124-11ef-a251-01aa75ed71a1&format=fmx4&language=sv&productionSystem=cellar&part=
48,S2,sv,S2,Arbetstagare i värdekedjan,Arbetsvillkor,Social dialog,3e901799-1124-11ef-a251-01aa75ed71a1,https://op.europa.eu/o/opportal-service/download-handler?identifier=3e901799-1124-11ef-a251-01aa75ed71a1&format=fmx4&language=sv&productionSystem=cellar&part=
49,S2,sv,S2,Arbetstagare i värdekedjan,Arbetsvillkor,"Föreningsfrihet, inklusive förekomsten av företagsråd",3e901799-1124-11ef-a251-01aa75ed71a1,https://op.europa.eu/o/opportal-service/download-handler?identifier=3e901799-1124-11ef-a251-01aa75ed71a1&format=fmx4&language=sv&productionSystem=cellar&part=
50,S2,sv,S2,Arbetstagare i värdekedjan,Arbetsvillkor,Kollektivförhandlingar,3e901799-1124-11ef-a251-01aa75ed71a1,https://op.europa.eu/o/opportal-service/download-handler?identifier=3e901799-1124-11ef-a251-01aa75ed71a1&format=fmx4&language=sv&productionSystem=cellar&part=
51,S2,sv,S2,Arbetstagare i värdekedjan,Arbetsvillkor,Balans mellan arbete och privatliv,3e901799-1124-11ef-a251-01aa75ed71a1,https://op.europa.eu/o/opportal-service/download-handler?identifier=3e901799-1124-11ef-a251-01aa75ed71a1&format=fmx4&language=sv&productionSystem=cellar&part=
52,S2,sv,S2,Arbetstagare i värdekedjan,Arbetsvillkor,Hälsa och säkerhet,3e901799-1124-11ef-a251-01aa75ed71a1,https://op.europa.eu/o/opportal-service/download-handler?identifier=3e901799-1124-11ef-a251-01aa75ed71a1&format=fmx4&language=sv&productionSystem=cellar&part=
53,S2,sv,S2,Arbetstagare i värdekedjan,Likabehandling och lika möjligheter för alla,Jämställdhet och lika lön för likvärdigt arbete,3e901799-1124-11ef-a251-01aa75ed71a1,https://op.europa.eu/o/opportal-service/download-handler?identifier=3e901799-1124-11ef-a251-01aa75ed71a1&format=fmx4&language=sv&productionSystem=cellar&part=
54,S2,sv,S2,Arbetstagare i värdekedjan,Likabehandling och lika möjligheter för alla,Utbildning och kompetensutveckling,3e901799-1124-11ef-a251-01aa75ed71a1,https://op.europa.eu/o/opportal-service/download-handler?identifier=3e901799-1124-11ef-a251-01aa75ed71a1&format=fmx4&language=sv&productionSystem=cellar&part=
55,S2,sv,S2,Arbetstagare i värdekedjan,Likabehandling och lika möjligheter för alla,Sysselsättning och social delaktighet för personer med funktionsnedsättning,3e901799-1124-11ef-a251-01aa75ed71a1,https://op.europa.eu/o/opportal-service/download-handler?identifier=3e901799-1124-11ef-a251-01aa75ed71a1&format=fmx4&language=sv&productionSystem=cellar&part=
56,S2,sv,S2,Arbetstagare i värdekedjan,Likabehandling och lika möjligheter för alla,Åtgärder mot våld och trakasserier på arbetsplatsen,3e901799-1124-11ef-a251-01aa75ed71a1,https://op.europa.eu/o/opportal-service/download-handler?identifier=3e901799-1124-11ef-a251-01aa75ed71a1&format=fmx4&language=sv&productionSystem=cellar&part=
57,S2,sv,S2,Arbetstagare i värdekedjan,Likabehandling och lika möjligheter för alla,Mångfald,3e901799-1124-11ef-a251-01aa75ed71a1,https://op.europa.eu/o/opportal-service/download-handler?identifier=3e901799-1124-11ef-a251-01aa75ed71a1&format=fmx4&language=sv&productionSystem=cellar&part=
58,S2,sv,S2,Arbetstagare i värdekedjan,Andra arbetsrelaterade rättigheter,Barnarbete,3e901799-1124-11ef-a251-01aa75ed71a1,https://op.europa.eu/o/opportal-service/download-handler?identifier=3e901799-1124-11ef-a251-01aa75ed71a1&format=fmx4&language=sv&productionSystem=cellar&part=
59,S2,sv,S2,Arbetstagare i värdekedjan,Andra arbetsrelaterade rättigheter,Tvångsarbete,3e901799-1124-11ef-a251-01aa75ed71a1,https://op.europa.eu/o/opportal-service/download-handler?identifier=3e901799-1124-11ef-a251-01aa75ed71a1&format=fmx4&language=sv&productionSystem=cellar&part=
60,S2,sv,S2,Arbetstagare i värdekedjan,Andra arbetsrelaterade rättigheter,Tillräckliga bostäder,3e901799-1124-11ef-a251-01aa75ed71a1,https://op.europa.eu/o/opportal-service/download-handler?identifier=3e901799-1124-11ef-a251-01aa75ed71a1&format=fmx4&language=sv&productionSystem=cellar&part=
61,S2,sv,S2,Arbetstagare i värdekedjan,Andra arbetsrelaterade rättigheter,Vatten och sanitet,3e901799-1124-11ef-a251-01aa75ed71a1,https://op.europa.eu/o/opportal-service/download-handler?identifier=3e901799-1124-11ef-a251-01aa75ed71a1&format=fmx4&language=sv&productionSystem=cellar&part=
62,S2,sv,S2,Arbetstagare i värdekedjan,Andra arbetsrelaterade rättigheter,Personlig integritet,3e901799-1124-11ef-a251-01aa75ed71a1,https://op.europa.eu/o/opportal-service/download-handler?identifier=3e901799-1124-11ef-a251-01aa75ed71a1&format=fmx4&language=sv&productionSystem=cellar&part=
63,S3,sv,S3,Påverkade samhällen,"Samhällens ekonomiska, sociala och kulturella rättigheter",Tillräckliga bostäder,3e901799-1124-11ef-a251-01aa75ed71a1,https://op.europa.eu/o/opportal-service/download-handler?identifier=3e901799-1124-11ef-a251-01aa75ed71a1&format=fmx4&language=sv&productionSystem=cellar&part=
64,S3,sv,S3,Påverkade samhällen,"Samhällens ekonomiska, sociala och kulturella rättigheter",Tillräckliga livsmedel,3e901799-1124-11ef-a251-01aa75ed71a1,https://op.europa.eu/o/opportal-service/download-handler?identifier=3e901799-1124-11ef-a251-01aa75ed71a1&format=fmx4&language=sv&productionSystem=cellar&part=
65,S3,sv,S3,Påverkade samhällen,"Samhällens ekonomiska, sociala och kulturella rättigheter",Vatten och sanitet,3e901799-1124-11ef-a251-01aa75ed71a1,https://op.europa.eu/o/opportal-service/download-handler?identifier=3e901799-1124-11ef-a251-01aa75ed71a1&format=fmx4&language=sv&productionSystem=cellar&part=
66,S3,sv,S3,Påverkade samhällen,"Samhällens ekonomiska, sociala och kulturella rättigheter",Markrelaterade konsekvenser,3e901799-1124-11ef-a251-01aa75ed71a1,https://op.europa.eu/o/opportal-service/download-handler?identifier=3e901799-1124-11ef-a251-01aa75ed71a1&format=fmx4&language=sv&productionSystem=cellar&part=
67,S3,sv,S3,Påverkade samhällen,"Samhällens ekonomiska, sociala och kulturella rättigheter",Säkerhetsrelaterade konsekvenser,3e901799-1124-11ef-a251-01aa75ed71a1,https://op.europa.eu/o/opportal-service/download-handler?identifier=3e901799-1124-11ef-a251-01aa75ed71a1&format=fmx4&language=sv&productionSystem=cellar&part=
68,S3,sv,S3,Påverkade samhällen,Samhällens civila och politiska rättigheter,Yttrandefrihet,3e901799-1124-11ef-a251-01aa75ed71a1,https://op.europa.eu/o/opportal-service/download-handler?identifier=3e901799-1124-11ef-a251-01aa75ed71a1&format=fmx4&language=sv&productionSystem=cellar&part=
69,S3,sv,S3,Påverkade samhällen,Samhällens civila och politiska rättigheter,Mötesfrihet,3e901799-1124-11ef-a251-01aa75ed71a1,https://op.europa.eu/o/opportal-service/download-handler?identifier=3e901799-1124-11ef-a251-01aa75ed71a1&format=fmx4&language=sv&productionSystem=cellar&part=
70,S3,sv,S3,Påverkade samhällen,Samhällens civila och politiska rättigheter,Konsekvenser för människorättsaktivister,3e901799-1124-11ef-a251-01aa75ed71a1,https://op.europa.eu/o/opportal-service/download-handler?identifier=3e901799-1124-11ef-a251-01aa75ed71a1&format=fmx4&language=sv&productionSystem=cellar&part=
71,S3,sv,S3,Påverkade samhällen,Urfolks rättigheter,"Fritt, på förhand inhämtat och välinformerat samtycke",3e901799-1124-11ef-a251-01aa75ed71a1,https://op.europa.eu/o/opportal-service/download-handler?identifier=3e901799-1124-11ef-a251-01aa75ed71a1&format=fmx4&language=sv&productionSystem=cellar&part=
72,S3,sv,S3,Påverkade samhällen,Urfolks rättigheter,Självbestämmande,3e901799-1124-11ef-a251-01aa75ed71a1,https://op.europa.eu/o/opportal-service/download-handler?identifier=3e901799-1124-11ef-a251-01aa75ed71a1&format=fmx4&language=sv&productionSystem=cellar&part=
73,S3,sv,S3,Påverkade samhällen,Urfolks rättigheter,Kulturella rättigheter,3e901799-1124-11ef-a251-01aa75ed71a1,https://op.europa.eu/o/opportal-service/download-handler?identifier=3e901799-1124-11ef-a251-01aa75ed71a1&format=fmx4&language=sv&productionSystem=cellar&part=
74,S4,sv,S4,Konsumenter och slutanvändare,Informationsrelaterade konsekvenser för konsumenter och/eller slutanvändare,Personlig integritet,3e901799-1124-11ef-a251-01aa75ed71a1,https://op.europa.eu/o/opportal-service/download-handler?identifier=3e901799-1124-11ef-a251-01aa75ed71a1&format=fmx4&language=sv&productionSystem=cellar&part=
75,S4,sv,S4,Konsumenter och slutanvändare,Informationsrelaterade konsekvenser för konsumenter och/eller slutanvändare,Yttrandefrihet,3e901799-1124-11ef-a251-01aa75ed71a1,https://op.europa.eu/o/opportal-service/download-handler?identifier=3e901799-1124-11ef-a251-01aa75ed71a1&format=fmx4&language=sv&productionSystem=cellar&part=
76,S4,sv,S4,Konsumenter och slutanvändare,Informationsrelaterade konsekvenser för konsumenter och/eller slutanvändare,Tillgång till (kvalitets)information,3e901799-1124-11ef-a251-01aa75ed71a1,https://op.europa.eu/o/opportal-service/download-handler?identifier=3e901799-1124-11ef-a251-01aa75ed71a1&format=fmx4&language=sv&productionSystem=cellar&part=
77,S4,sv,S4,Konsumenter och slutanvändare,Personlig säkerhet för konsumenter och/eller slutanvändare,Hälsa och säkerhet,3e901799-1124-11ef-a251-01aa75ed71a1,https://op.europa.eu/o/opportal-service/download-handler?identifier=3e901799-1124-11ef-a251-01aa75ed71a1&format=fmx4&language=sv&productionSystem=cellar&part=
78,S4,sv,S4,Konsumenter och slutanvändare,Personlig säkerhet för konsumenter och/eller slutanvändare,En persons säkerhet,3e901799-1124-11ef-a251-01aa75ed71a1,https://op.europa.eu/o/opportal-service/download-handler?identifier=3e901799-1124-11ef-a251-01aa75ed71a1&format=fmx4&language=sv&productionSystem=cellar&part=
79,S4,sv,S4,Konsumenter och slutanvändare,Personlig säkerhet för konsumenter och/eller slutanvändare,Skydd av barn,3e901799-1124-11ef-a251-01aa75ed71a1,https://op.europa.eu/o/opportal-service/download-handler?identifier=3e901799-1124-11ef-a251-01aa75ed71a1&format=fmx4&language=sv&productionSystem=cellar&part=
80,S4,sv,S4,Konsumenter och slutanvändare,Social inkludering för konsumenter och/eller slutanvändare,Icke-diskriminering,3e901799-1124-11ef-a251-01aa75ed71a1,https://op.europa.eu/o/opportal-service/download-handler?identifier=3e901799-1124-11ef-a251-01aa75ed71a1&format=fmx4&language=sv&productionSystem=cellar&part=
81,S4,sv,S4,Konsumenter och slutanvändare,Social inkludering för konsumenter och/eller slutanvändare,Tillgång till varor och tjänster,3e901799-1124-11ef-a251-01aa75ed71a1,https://op.europa.eu/o/opportal-service/download-handler?identifier=3e901799-1124-11ef-a251-01aa75ed71a1&format=fmx4&language=sv&productionSystem=cellar&part=
82,S4,sv,S4,Konsumenter och slutanvändare,Social inkludering för konsumenter och/eller slutanvändare,Ansvarsfulla marknadsföringsmetoder,3e901799-1124-11ef-a251-01aa75ed71a1,https://op.europa.eu/o/opportal-service/download-handler?identifier=3e901799-1124-11ef-a251-01aa75ed71a1&format=fmx4&language=sv&productionSystem=cellar&part=
83,G1,sv,G1,Ansvarsfullt företagande,Företagskultur,,3e901799-1124-11ef-a251-01aa75ed71a1,https://op.europa.eu/o/opportal-service/download-handler?identifier=3e901799-1124-11ef-a251-01aa75ed71a1&format=fmx4&language=sv&productionSystem=cellar&part=
84,G1,sv,G1,Ansvarsfullt företagande,Skydd för visselblåsare,,3e901799-1124-11ef-a251-01aa75ed71a1,https://op.europa.eu/o/opportal-service/download-handler?identifier=3e901799-1124-11ef-a251-01aa75ed71a1&format=fmx4&language=sv&productionSystem=cellar&part=
85,G1,sv,G1,Ansvarsfullt företagande,Djurskydd,,3e901799-1124-11ef-a251-01aa75ed71a1,https://op.europa.eu/o/opportal-service/download-handler?identifier=3e901799-1124-11ef-a251-01aa75ed71a1&format=fmx4&language=sv&productionSystem=cellar&part=
86,G1,sv,G1,Ansvarsfullt företagande,Politiskt engagemang och lobbyverksamhet,,3e901799-1124-11ef-a251-01aa75ed71a1,https://op.europa.eu/o/opportal-service/download-handler?identifier=3e901799-1124-11ef-a251-01aa75ed71a1&format=fmx4&language=sv&productionSystem=cellar&part=
87,G1,sv,G1,Ansvarsfullt företagande,"Förvaltning av förbindelser med leverantörer, inbegripet betalningsrutiner",,3e901799-1124-11ef-a251-01aa75ed71a1,https://op.europa.eu/o/opportal-service/download-handler?identifier=3e901799-1124-11ef-a251-01aa75ed71a1&format=fmx4&language=sv&productionSystem=cellar&part=
88,G1,sv,G1,Ansvarsfullt företagande,Korruption och mutor,och upptäckt inbegripet utbildning Förebyggande,3e901799-1124-11ef-a251-01aa75ed71a1,https://op.europa.eu/o/opportal-service/download-handler?identifier=3e901799-1124-11ef-a251-01aa75ed71a1&format=fmx4&language=sv&productionSystem=cellar&part=
89,G1,sv,G1,Ansvarsfullt företagande,Korruption och mutor,Tillbud,3e901799-1124-11ef-a251-01aa75ed71a1,https://op.europa.eu/o/opportal-service/download-handler?identifier=3e901799-1124-11ef-a251-01aa75ed71a1&format=fmx4&language=sv&productionSystem=cellar&part=
